<Builders DateGenerated="2021-11-24T19:07:08"><Corporation><CorporateBuilderNumber>661995883054332040654036563362</CorporateBuilderNumber><CorporateState>MO</CorporateState><CorporateName>Consort Homes</CorporateName><Builder><BuilderNumber>327159950172746484835538322752</BuilderNumber><BrandName>Consort Homes</BrandName><BrandLogo_Med ReferenceType="URL">https://consort-homes.com/wp-content/themes/catalyst-child-consort/assets/img/logo.png</BrandLogo_Med><ReportingName>Consort Homes</ReportingName><DefaultLeadsEmail LeadsPerMessage="All">leads@thebdx.com</DefaultLeadsEmail><BuilderWebsite>http://www.consort-homes.com/</BuilderWebsite><Subdivision Status="Active"><SubdivisionNumber>327159950172746484835538322752</SubdivisionNumber><SubdivisionName>Consort Homes</SubdivisionName><BuildOnYourLot>0</BuildOnYourLot><SalesOffice><Address OutOfCommunity="0"><Street1>16141 Swingley Ridge Road</Street1><City>Chesterfield</City><State>MO</State><ZIP>63017</ZIP></Address></SalesOffice><SubDescription>The Consort Homes story is rich in St. Louis homebuilding history beginning more than 85 years ago with the founder of The Jones Company, John E. Jones. Those who know the St. Louis area probably know the name Bob Jones, who was the son of John E. Jones</SubDescription><SubImage SequencePosition="1" Title="House1" ReferenceType="URL">https://consort-homes.com/wp-content/uploads/2015/05/model_391-699x428.jpg</SubImage><SubImage SequencePosition="2" Title="House1" ReferenceType="URL">https://consort-homes.com/wp-content/uploads/2019/01/WP-Display-Sierra-01-a-699x428.jpg</SubImage><SubWebsite>http://www.consort-homes.com/</SubWebsite></Subdivision></Builder></Corporation></Builders>