<Builders DateGenerated="2021-11-24T19:03:02"><Corporation><CorporateBuilderNumber>1665565585108380454206031</CorporateBuilderNumber><CorporateState>IL</CorporateState><CorporateName>Dunree Homes</CorporateName><Builder><BuilderNumber>173657954026217782940436413671</BuilderNumber><BrandName>Dunree Homes</BrandName><BrandLogo_Med ReferenceType="URL">https://static1.squarespace.com/static/57a152273e00bec21a8afa21/t/57a8dd5746c3c496d821cf42/1560973288766/?format=1500w</BrandLogo_Med><ReportingName>Dunree Homes</ReportingName><DefaultLeadsEmail LeadsPerMessage="All">leads@thebdx.com</DefaultLeadsEmail><BuilderWebsite>https://dunreehomes.com</BuilderWebsite><Subdivision Status="Active"><SubdivisionNumber>173657954026217782940436413671</SubdivisionNumber><SubdivisionName>Dunree Homes</SubdivisionName><BuildOnYourLot>0</BuildOnYourLot><SalesOffice><Address OutOfCommunity="0"><Street1>19839 Mulroy Circle</Street1><City>Tinley</City><State>IL</State><ZIP>60487</ZIP></Address></SalesOffice><SubDescription>Dunree Homes brings more than twenty years of homebuilding experience to Chicago and its surrounding suburbs. With a reputation for superior quality and the utmost attention to detail, Dunree Homes is known for providing trusted customer service throughout every aspect of the process&#8212; from architectural planning and construction to interior design</SubDescription><SubImage SequencePosition="1" Title="House1" ReferenceType="URL">https://images.squarespace-cdn.com/content/v1/57a152273e00bec21a8afa21/1476825245292-QX0UAG31F9RER1A9HDYL/0001.jpg?format=750w</SubImage><SubImage SequencePosition="2" Title="House1" ReferenceType="URL">https://images.squarespace-cdn.com/content/v1/57a152273e00bec21a8afa21/1498699517985-XEH5A29XQKG15PPUROBD/Screen+Shot+2017-06-28+at+8.23.57+PM.png?format=1000w</SubImage><SubImage SequencePosition="3" Title="House1" ReferenceType="URL">https://images.squarespace-cdn.com/content/v1/57a152273e00bec21a8afa21/1478721110078-0CXXFF0RBV5X5D4H5X0B/4144+and+4148+N.+Whipple+Chicago+Il+60618+New+Construction.jpg?format=1500w</SubImage><SubWebsite>https://dunreehomes.com</SubWebsite></Subdivision></Builder></Corporation></Builders>