<Builders DateGenerated="2021-11-24T19:12:44"><Corporation><CorporateBuilderNumber>423737441916155552053864128838</CorporateBuilderNumber><CorporateState>MO</CorporateState><CorporateName>Hardesty Homes</CorporateName><Builder><BuilderNumber>567323482724216000771789392742</BuilderNumber><BrandName>Hardesty Homes</BrandName><BrandLogo_Med ReferenceType="URL">http://www.hardestyhomes.com/Resources/hardestyhomesins.jpeg</BrandLogo_Med><ReportingName>Hardesty Homes</ReportingName><DefaultLeadsEmail LeadsPerMessage="All">leads@thebdx.com</DefaultLeadsEmail><BuilderWebsite>www.hardestyhomes.com</BuilderWebsite><Subdivision Status="Active"><SubdivisionNumber>567323482724216000771789392742</SubdivisionNumber><SubdivisionName>Hardesty Homes</SubdivisionName><BuildOnYourLot>0</BuildOnYourLot><SalesOffice><Address OutOfCommunity="0"><Street1>232 Chesterfield Industrial Blvd</Street1><City>Chesterfield</City><State>MO</State><ZIP>63005</ZIP></Address></SalesOffice><SubDescription>The Consort Homes story is rich in St. Louis homebuilding history beginning more than 85 years ago with the founder of The Jones Company, John E. Jones. Those who know the St. Louis area probably know the name Bob Jones, who was the son of John E. Jones</SubDescription><SubImage SequencePosition="1" Title="House1" ReferenceType="URL">https://irp-cdn.multiscreensite.com/8b788bc8/dms3rep/multi/Community+Photos+015.jpg</SubImage><SubImage SequencePosition="2" Title="House1" ReferenceType="URL">https://irp-cdn.multiscreensite.com/8b788bc8/dms3rep/multi/Community+Photos+029.jpg</SubImage><SubWebsite>www.hardestyhomes.com</SubWebsite></Subdivision></Builder></Corporation></Builders>