<Builders DateGenerated="2021-11-24T18:54:55"><Corporation><CorporateBuilderNumber>647067703229786744176723105777</CorporateBuilderNumber><CorporateState>NC</CorporateState><CorporateName>Wagoner Homes</CorporateName><Builder><BuilderNumber>999706109108107496764630555032</BuilderNumber><BrandName>Wagoner Homes</BrandName><BrandLogo_Med ReferenceType="URL">http://wagonerhomes.com/wp-content/themes/wagoner-homes/images/logo.png</BrandLogo_Med><ReportingName>Wagoner Homes</ReportingName><DefaultLeadsEmail LeadsPerMessage="All">leads@thebdx.com</DefaultLeadsEmail><BuilderWebsite>http://wagonerhomes.com</BuilderWebsite><Subdivision Status="Active"><SubdivisionNumber>999706109108107496764630555032</SubdivisionNumber><SubdivisionName>Wagoner Homes</SubdivisionName><BuildOnYourLot>0</BuildOnYourLot><SalesOffice><Address OutOfCommunity="0"><Street1>PO Box 58602</Street1><City>Raleigh</City><State>NC</State><ZIP>27658</ZIP></Address></SalesOffice><SubDescription>With over 35 years of building custom homes in the Triangle, Jerry Wagoner has established a reputation that many local builders strive to have. Wagoner Homes success has been solely based on top notch quality and customer care while remaining attentive to the details.</SubDescription><SubImage SequencePosition="1" Title="House1" ReferenceType="URL">https://wagonerhomes.com/wp-content/uploads/2021/02/HomeSliderSIze-1200x689_0007_Wagoner-Homes_Custom-Homes-In-Raleigh_02.jpg</SubImage><SubImage SequencePosition="2" Title="House1" ReferenceType="URL">https://wagonerhomes.com/wp-content/uploads/2021/02/HomeSliderSIze-1200x689_0006_Wagoner-Homes_Custom-Homes-In-Raleigh_03.jpg</SubImage><SubImage SequencePosition="3" Title="House1" ReferenceType="URL">https://wagonerhomes.com/wp-content/uploads/2021/02/HomeSliderSIze-1200x689_0005_Wagoner-Homes_Custom-Homes-In-Raleigh_04.jpg</SubImage><SubImage SequencePosition="4" Title="House1" ReferenceType="URL">https://wagonerhomes.com/wp-content/uploads/2021/02/HomeSliderSIze-1200x689_0008_Wagoner-Homes_Custom-Homes-In-Raleigh_01.jpg</SubImage><SubWebsite>http://wagonerhomes.com</SubWebsite><Plan Type="SingleFamily"><PlanNumber>Plan Unknown</PlanNumber><PlanName>Plan Unknown</PlanName><PlanNotAvailable>1</PlanNotAvailable><PlanTypeName>Single Family</PlanTypeName><BasePrice>0.00</BasePrice><BaseSqft>0</BaseSqft><Baths>1</Baths><HalfBaths>0</HalfBaths><Bedrooms MasterBedLocation="Down">1</Bedrooms><Garage>0.0</Garage><PlanImages/><PlanWebsite></PlanWebsite><Spec Type="SingleFamily"><SpecNumber>194471022460475934822161802416</SpecNumber><SpecAddress><SpecStreet1>8017 Discovery Falls Trail</SpecStreet1><SpecCity>Wake Forest</SpecCity><SpecState>NC</SpecState><SpecZIP>27587</SpecZIP><SpecCountry>USA</SpecCountry></SpecAddress><SpecPrice>0.00</SpecPrice><SpecSqft>4365</SpecSqft><SpecBaths>4</SpecBaths><SpecHalfBaths>1</SpecHalfBaths><SpecBedrooms MasterBedLocation="Down">4</SpecBedrooms><SpecGarage>3.0</SpecGarage><SpecDescription></SpecDescription><SpecImages><SpecElevationImage SequencePosition="1" Title="" ReferenceType="URL">https://wagonerhomes.com/wp-content/uploads/2021/02/Wagoner-Homes_Creedmoor-Manor_Lot-25_Rendering-596x397.jpg</SpecElevationImage></SpecImages><SpecWebsite>https://wagonerhomes.com/home/lot-25-creedmoor-manor/</SpecWebsite></Spec><Spec Type="SingleFamily"><SpecNumber>957150838305313549051204015911</SpecNumber><SpecAddress><SpecStreet1>8025 Discovery Falls Trail</SpecStreet1><SpecCity>Wake Forest</SpecCity><SpecState>NC</SpecState><SpecZIP>27587</SpecZIP><SpecCountry>USA</SpecCountry></SpecAddress><SpecPrice>0.00</SpecPrice><SpecSqft>4462</SpecSqft><SpecBaths>4</SpecBaths><SpecHalfBaths>1</SpecHalfBaths><SpecBedrooms MasterBedLocation="Down">4</SpecBedrooms><SpecGarage>3.0</SpecGarage><SpecDescription></SpecDescription><SpecImages><SpecElevationImage SequencePosition="1" Title="" ReferenceType="URL">https://wagonerhomes.com/wp-content/uploads/2021/02/Creedmoor-Manor-Lot-27_Wagoner-Homes-Rendering-sm-596x398.jpg</SpecElevationImage></SpecImages><SpecWebsite>https://wagonerhomes.com/home/lot-27-creedmoor-manor/</SpecWebsite></Spec></Plan></Subdivision></Builder></Corporation></Builders>