<Builders DateGenerated="2021-10-26T10:14:58"><Corporation><CorporateBuilderNumber>52090</CorporateBuilderNumber><CorporateState>OH</CorporateState><CorporateName>Castle Pointe Homes</CorporateName><Builder><BuilderNumber>24158</BuilderNumber><BrandName>Artisan Building &amp; Design</BrandName><BrandLogo_Med ReferenceType="URL">http://www.artisanbuildingmedina.com/cp/Artisan_Building_Design/images/logo.png</BrandLogo_Med><ReportingName>Artisan Building &amp; Design</ReportingName><DefaultLeadsEmail LeadsPerMessage="All">leads@thebdx.com</DefaultLeadsEmail><BuilderWebsite>http://www.castlepointehomes.com</BuilderWebsite><Subdivision Status="Active"><SubdivisionNumber>24158</SubdivisionNumber><SubdivisionName>Artisan Building &amp; Design</SubdivisionName><BuildOnYourLot>0</BuildOnYourLot><SalesOffice><Address OutOfCommunity="0"><Street1>2163 S Centurion Place</Street1><City>Boise</City><State>ID</State><ZIP>83709</ZIP></Address><Phone><AreaCode>515</AreaCode><Prefix>988</Prefix><Suffix>4201</Suffix></Phone></SalesOffice><SubDescription>Castle Pointe Homes, a leading Des Moines custom home builder, is family-owned and operated. Led by Mike Miller, who brings with him over 20 years of construction experience, Castle Pointe Homes provides you with the personal service and attention to detail you should expect from a home builder.</SubDescription><SubImage SequencePosition="1" Title="House1" ReferenceType="URL">http://www.castlepointehomes.com/documents/albums/ProfessionalHousePhotos005_4C2EF7B2601EF.jpg</SubImage><SubImage SequencePosition="2" Title="House1" ReferenceType="URL">http://www.castlepointehomes.com/documents/albums/KitchenLoft_22E1ED0B70188.jpg</SubImage><SubImage SequencePosition="3" Title="House1" ReferenceType="URL">http://www.castlepointehomes.com/documents/albums/4101NW163rdCirExterior_EA86D0620038B.jpg</SubImage><SubImage SequencePosition="4" Title="House1" ReferenceType="URL">http://www.castlepointehomes.com/documents/albums/5_9239445FCE6EE.jpg</SubImage><SubImage SequencePosition="5" Title="House1" ReferenceType="URL">http://www.castlepointehomes.com/documents/albums/Deck_9A104ABC973DA.jpg</SubImage><SubImage SequencePosition="6" Title="House1" ReferenceType="URL">http://www.castlepointehomes.com/documents/albums/16009PlumDrive014_6287576926D67.jpg</SubImage><SubWebsite>http://www.castlepointehomes.com</SubWebsite><Plan Type="SingleFamily"><PlanNumber>290508441116204349647298811194</PlanNumber><PlanName>Leftwich</PlanName><PlanNotAvailable>0</PlanNotAvailable><PlanTypeName>Single Family</PlanTypeName><BasePrice>0.00</BasePrice><BaseSqft>1642</BaseSqft><Baths>2</Baths><HalfBaths>0</HalfBaths><Bedrooms MasterBedLocation="Down">3</Bedrooms><Garage>0.0</Garage><PlanImages><ElevationImage SequencePosition="1" ReferenceType="URL">http://castlepointehomes.com.siteviz.com/documents/filelibrary/floor_plans/leftwich/LeftwichElevation29300300x200_A1F727B8121CF.jpg</ElevationImage></PlanImages><PlanWebsite>http://www.castlepointehomes.com/en/floor_plans/featured/</PlanWebsite></Plan><Plan Type="SingleFamily"><PlanNumber>987072249480070767557911803461</PlanNumber><PlanName>Draper</PlanName><PlanNotAvailable>0</PlanNotAvailable><PlanTypeName>Single Family</PlanTypeName><BasePrice>0.00</BasePrice><BaseSqft>2833</BaseSqft><Baths>4</Baths><HalfBaths>0</HalfBaths><Bedrooms MasterBedLocation="Down">4</Bedrooms><Garage>0.0</Garage><PlanImages><ElevationImage SequencePosition="1" ReferenceType="URL">http://castlepointehomes.com.siteviz.com/documents/filelibrary/floor_plans/draper/DraperElevation150031264x200_E6FE9EB3E6D04.jpg</ElevationImage></PlanImages><PlanWebsite>http://www.castlepointehomes.com/en/floor_plans/featured/</PlanWebsite></Plan><Plan Type="SingleFamily"><PlanNumber>557411618714921268856044894903</PlanNumber><PlanName>Underwood</PlanName><PlanNotAvailable>0</PlanNotAvailable><PlanTypeName>Single Family</PlanTypeName><BasePrice>0.00</BasePrice><BaseSqft>4500</BaseSqft><Baths>5</Baths><HalfBaths>0</HalfBaths><Bedrooms MasterBedLocation="Down">5</Bedrooms><Garage>0.0</Garage><PlanImages><ElevationImage SequencePosition="1" ReferenceType="URL">http://castlepointehomes.com.siteviz.com/documents/filelibrary/floor_plans/underwood/UnderwoodElevation50025272x200_B58FF8D8AE5E6.jpg</ElevationImage></PlanImages><PlanWebsite>http://www.castlepointehomes.com/en/floor_plans/featured/</PlanWebsite></Plan><Plan Type="SingleFamily"><PlanNumber>185065340014224948235121465092</PlanNumber><PlanName>Carter</PlanName><PlanNotAvailable>0</PlanNotAvailable><PlanTypeName>Single Family</PlanTypeName><BasePrice>0.00</BasePrice><BaseSqft>2536</BaseSqft><Baths>3</Baths><HalfBaths>0</HalfBaths><Bedrooms MasterBedLocation="Down">4</Bedrooms><Garage>0.0</Garage><PlanImages><ElevationImage SequencePosition="1" ReferenceType="URL">http://castlepointehomes.com.siteviz.com/documents/filelibrary/floor_plans/carter/CarterElevation50015_C9FF32EDB92AC.jpg</ElevationImage></PlanImages><PlanWebsite>http://www.castlepointehomes.com/en/floor_plans/featured/</PlanWebsite></Plan><Plan Type="SingleFamily"><PlanNumber>835685526556642390268745090995</PlanNumber><PlanName>The Saddlebrook</PlanName><PlanNotAvailable>0</PlanNotAvailable><PlanTypeName>Single Family</PlanTypeName><BasePrice>0.00</BasePrice><BaseSqft>3187</BaseSqft><Baths>3</Baths><HalfBaths>0</HalfBaths><Bedrooms MasterBedLocation="Down">5</Bedrooms><Garage>0.0</Garage><PlanImages><ElevationImage SequencePosition="1" ReferenceType="URL">http://castlepointehomes.com.siteviz.com/documents/filelibrary/floor_plans/hester/HesterElevation_76F0CAB6451EB.jpg</ElevationImage></PlanImages><PlanWebsite>http://www.castlepointehomes.com/en/floor_plans/featured/</PlanWebsite></Plan><Plan Type="SingleFamily"><PlanNumber>100169385605344772927391436533</PlanNumber><PlanName>Orton</PlanName><PlanNotAvailable>0</PlanNotAvailable><PlanTypeName>Single Family</PlanTypeName><BasePrice>0.00</BasePrice><BaseSqft>3700</BaseSqft><Baths>4</Baths><HalfBaths>0</HalfBaths><Bedrooms MasterBedLocation="Down">4</Bedrooms><Garage>0.0</Garage><PlanImages><ElevationImage SequencePosition="1" ReferenceType="URL">http://castlepointehomes.com.siteviz.com/documents/filelibrary/floor_plans/orton/OrtonElevation29349281x200_084F968DDB5CA.jpg</ElevationImage></PlanImages><PlanWebsite>http://www.castlepointehomes.com/en/floor_plans/featured/</PlanWebsite></Plan><Plan Type="SingleFamily"><PlanNumber>775131353511394196600366308578</PlanNumber><PlanName>Saffron</PlanName><PlanNotAvailable>0</PlanNotAvailable><PlanTypeName>Single Family</PlanTypeName><BasePrice>0.00</BasePrice><BaseSqft>3063</BaseSqft><Baths>4</Baths><HalfBaths>0</HalfBaths><Bedrooms MasterBedLocation="Down">5</Bedrooms><Garage>0.0</Garage><PlanImages><ElevationImage SequencePosition="1" ReferenceType="URL">http://castlepointehomes.com.siteviz.com/documents/filelibrary/floor_plans/saffron/SaffronElevation42035268x200_CC8F2CFFD763B.jpg</ElevationImage></PlanImages><PlanWebsite>http://www.castlepointehomes.com/en/floor_plans/featured/</PlanWebsite></Plan><Plan Type="SingleFamily"><PlanNumber>308971812935898701511269043505</PlanNumber><PlanName>McAllister</PlanName><PlanNotAvailable>0</PlanNotAvailable><PlanTypeName>Single Family</PlanTypeName><BasePrice>0.00</BasePrice><BaseSqft>4598</BaseSqft><Baths>5</Baths><HalfBaths>0</HalfBaths><Bedrooms MasterBedLocation="Down">5</Bedrooms><Garage>0.0</Garage><PlanImages><ElevationImage SequencePosition="1" ReferenceType="URL">http://castlepointehomes.com.siteviz.com/documents/filelibrary/floor_plans/mcallister/McAllisterElevation42027285x200_73C7FCA4BB22B.jpg</ElevationImage></PlanImages><PlanWebsite>http://www.castlepointehomes.com/en/floor_plans/featured/</PlanWebsite></Plan><Plan Type="SingleFamily"><PlanNumber>493044141201921674717352992954</PlanNumber><PlanName>DiMarco</PlanName><PlanNotAvailable>0</PlanNotAvailable><PlanTypeName>Single Family</PlanTypeName><BasePrice>0.00</BasePrice><BaseSqft>4182</BaseSqft><Baths>5</Baths><HalfBaths>0</HalfBaths><Bedrooms MasterBedLocation="Down">5</Bedrooms><Garage>0.0</Garage><PlanImages><ElevationImage SequencePosition="1" ReferenceType="URL">http://castlepointehomes.com.siteviz.com/documents/filelibrary/floor_plans/dimarco/DiMarcoElevation50014389x300_5EDEC5A984C80.jpg</ElevationImage></PlanImages><PlanWebsite>http://www.castlepointehomes.com/en/floor_plans/featured/</PlanWebsite></Plan><Plan Type="SingleFamily"><PlanNumber>980342373182599217578711719996</PlanNumber><PlanName>Gonzales</PlanName><PlanNotAvailable>0</PlanNotAvailable><PlanTypeName>Single Family</PlanTypeName><BasePrice>0.00</BasePrice><BaseSqft>2183</BaseSqft><Baths>3</Baths><HalfBaths>0</HalfBaths><Bedrooms MasterBedLocation="Down">3</Bedrooms><Garage>0.0</Garage><PlanImages><ElevationImage SequencePosition="1" ReferenceType="URL">http://castlepointehomes.com.siteviz.com/documents/filelibrary/floor_plans/gonzales/GonzalesElevation29335_7C7ADC9356D1B.jpg</ElevationImage></PlanImages><PlanWebsite>http://www.castlepointehomes.com/en/floor_plans/featured/</PlanWebsite></Plan><Plan Type="SingleFamily"><PlanNumber>4138472814082290741552949800</PlanNumber><PlanName>Alison</PlanName><PlanNotAvailable>0</PlanNotAvailable><PlanTypeName>Single Family</PlanTypeName><BasePrice>0.00</BasePrice><BaseSqft>2642</BaseSqft><Baths>3</Baths><HalfBaths>0</HalfBaths><Bedrooms MasterBedLocation="Down">3</Bedrooms><Garage>0.0</Garage><PlanImages><ElevationImage SequencePosition="1" ReferenceType="URL">http://castlepointehomes.com.siteviz.com/documents/filelibrary/alison/29199_cr.jpg</ElevationImage></PlanImages><PlanWebsite>http://www.castlepointehomes.com/en/floor_plans/featured/</PlanWebsite></Plan><Plan Type="SingleFamily"><PlanNumber>58230662983682749047958695484</PlanNumber><PlanName>Peony</PlanName><PlanNotAvailable>0</PlanNotAvailable><PlanTypeName>Single Family</PlanTypeName><BasePrice>0.00</BasePrice><BaseSqft>2495</BaseSqft><Baths>3</Baths><HalfBaths>0</HalfBaths><Bedrooms MasterBedLocation="Down">4</Bedrooms><Garage>0.0</Garage><PlanImages><ElevationImage SequencePosition="1" ReferenceType="URL">http://castlepointehomes.com.siteviz.com/documents/filelibrary/floor_plans/peony/PeonyElevation42038282x200_0EAB766342F52.jpg</ElevationImage></PlanImages><PlanWebsite>http://www.castlepointehomes.com/en/floor_plans/featured/</PlanWebsite></Plan><Plan Type="SingleFamily"><PlanNumber>531137295353495723415746571967</PlanNumber><PlanName>Alexandra I</PlanName><PlanNotAvailable>0</PlanNotAvailable><PlanTypeName>Single Family</PlanTypeName><BasePrice>0.00</BasePrice><BaseSqft>3716</BaseSqft><Baths>4</Baths><HalfBaths>0</HalfBaths><Bedrooms MasterBedLocation="Down">5</Bedrooms><Garage>0.0</Garage><PlanImages><ElevationImage SequencePosition="1" ReferenceType="URL">http://castlepointehomes.com.siteviz.com/documents/filelibrary/floor_plans/hawthorne/HawthorneElevation_CD759B553BB7F.jpg</ElevationImage></PlanImages><PlanWebsite>http://www.castlepointehomes.com/en/floor_plans/featured/</PlanWebsite></Plan></Subdivision></Builder></Corporation></Builders>