<Builders DateGenerated="2021-10-26T12:00:15"><Corporation><CorporateBuilderNumber>22977</CorporateBuilderNumber><CorporateState>OK</CorporateState><CorporateName>Highland Builders</CorporateName><Builder><BuilderNumber>32628</BuilderNumber><BrandName>Brookfield Custom Homes</BrandName><BrandLogo_Med ReferenceType="URL">https://brookfieldcustomhomes.com/wp-content/uploads/2020/05/white-brookfield.png</BrandLogo_Med><ReportingName>Brookfield Custom Homes</ReportingName><DefaultLeadsEmail LeadsPerMessage="All">leads@thebdx.com</DefaultLeadsEmail><BuilderWebsite>https://www.highland-builders.com/</BuilderWebsite><Subdivision Status="Active"><SubdivisionNumber>32628</SubdivisionNumber><SubdivisionName>Brookfield Custom Homes</SubdivisionName><BuildOnYourLot>0</BuildOnYourLot><SalesOffice><Address OutOfCommunity="0"><City>West Bend</City><State>WI</State><ZIP>00000</ZIP></Address></SalesOffice><SubDescription>At Highland Builders, we're about as client focused as you can get. That means we're not a faceless contractor driven by the volume of houses we can build. And we don't take short-cuts on the biggest investment of your life. We're husbands and fathers who are reminded every day of how important home is. And when we work with you, we never forget that.</SubDescription><SubImage SequencePosition="1" Title="House1" ReferenceType="URL">https://www.highland-builders.com/wp-content/uploads/2020/01/Prescotts_Highland_Builders_Ryan_Hainey_Photography_003_web.jpg</SubImage><SubImage SequencePosition="2" Title="House1" ReferenceType="URL">https://www.highland-builders.com/wp-content/uploads/2020/01/Prescotts_Highland_Builders_Ryan_Hainey_Photography_023_web.jpg</SubImage><SubImage SequencePosition="3" Title="House1" ReferenceType="URL">https://www.highland-builders.com/wp-content/uploads/2020/01/Prescotts_Highland_Builders_Ryan_Hainey_Photography_020_web.jpg</SubImage><SubImage SequencePosition="4" Title="House1" ReferenceType="URL">https://www.highland-builders.com/wp-content/uploads/2020/01/Prescotts_Highland_Builders_Ryan_Hainey_Photography_028_web.jpg</SubImage><SubWebsite>https://www.highland-builders.com/</SubWebsite></Subdivision></Builder></Corporation></Builders>