<Builders DateGenerated="2021-10-26T10:28:51"><Corporation><CorporateBuilderNumber>23591</CorporateBuilderNumber><CorporateState>TX</CorporateState><CorporateName>Brookview Homes LLC</CorporateName><Builder><BuilderNumber>49264</BuilderNumber><BrandName>Cameron Custom Homes</BrandName><BrandLogo_Med ReferenceType="URL">None</BrandLogo_Med><ReportingName>Cameron Custom Homes</ReportingName><DefaultLeadsEmail LeadsPerMessage="All">leads@thebdx.com</DefaultLeadsEmail><BuilderWebsite>http://www.brookeviewkc.com/</BuilderWebsite><Subdivision Status="Active"><SubdivisionNumber>49264</SubdivisionNumber><SubdivisionName>Cameron Custom Homes</SubdivisionName><BuildOnYourLot>0</BuildOnYourLot><SalesOffice><Address OutOfCommunity="0"><Street1>PO Box 1176</Street1><City>Liberty</City><State>MO</State><ZIP>64069</ZIP></Address></SalesOffice><SubDescription>Mike has a passion for development, with an addiction to housing. His experience includes horizontal development, vertical construction, and brokerage. Mike founded The Brookeview Group LLC in 2008 after managing the Kansas City office for a multi-state developer. A few years later, Mike founded The Real Estate Store LLC, a brokerage focused on residential, commercial, and investment sales. Both companies work in tandem to develop, build, and broker development indeopendtently and within trusted partnerships. With over 18 years of real estate and construction experience, Mike credits the core values of integrity, commitment, and trust as the reason for his success. He believes every project should begin with the end in mind, this unique approach ensures success for partners, investors, and end-users alike.</SubDescription><SubWebsite>http://www.brookeviewkc.com/</SubWebsite></Subdivision></Builder></Corporation></Builders>