<Builders DateGenerated="2021-10-26T10:28:38"><Corporation><CorporateBuilderNumber>14984</CorporateBuilderNumber><CorporateState>PA</CorporateState><CorporateName>Basso Builders, Inc</CorporateName><Builder><BuilderNumber>13853</BuilderNumber><BrandName>Castle builders, Inc</BrandName><BrandLogo_Med ReferenceType="URL">http://castle-builders.com/wp-content/uploads/head-logo.png</BrandLogo_Med><ReportingName>Castle Builders, Inc.</ReportingName><DefaultLeadsEmail LeadsPerMessage="All">leads@thebdx.com</DefaultLeadsEmail><BuilderWebsite>bassobuilders.com</BuilderWebsite><Subdivision Status="Active"><SubdivisionNumber>13853</SubdivisionNumber><SubdivisionName>Castle builders, Inc</SubdivisionName><BuildOnYourLot>0</BuildOnYourLot><SalesOffice><Address OutOfCommunity="0"><Street1>405 Skyline Drive</Street1><City>Lake Geneva</City><State>WI</State><ZIP>53147</ZIP></Address></SalesOffice><SubDescription>BASSO BUILDERS has been serving Lake Geneva and its surrounding communities for over 40 years. From remodels to single family homes to multi family units, we provide personalized professional service to ensure you receive superior quality and exceptional value.</SubDescription><SubImage SequencePosition="1" Title="House1" ReferenceType="URL">http://www.bassobuilders.com/wp-content/uploads/2021/07/IMG_0435-1030x687-1.jpg</SubImage><SubImage SequencePosition="2" Title="House1" ReferenceType="URL">http://www.bassobuilders.com/wp-content/uploads/2021/07/IMG_8015_6_7_8_9_tonemapped-X2-1030x687-1.jpg</SubImage><SubImage SequencePosition="3" Title="House1" ReferenceType="URL">http://www.bassobuilders.com/wp-content/uploads/2021/07/IMG_0405-X2-1030x687-1.jpg</SubImage><SubWebsite>bassobuilders.com</SubWebsite></Subdivision></Builder></Corporation></Builders>