<Builders DateGenerated="2021-10-26T11:01:41"><Corporation><CorporateBuilderNumber>50302</CorporateBuilderNumber><CorporateState>OK</CorporateState><CorporateName>DAVINCI HOMES</CorporateName><Builder><BuilderNumber>56854</BuilderNumber><BrandName>Cr Homes LLC</BrandName><BrandLogo_Med ReferenceType="URL">https://static1.squarespace.com/static/5600e07be4b01d1d828589f8/t/5602e3dce4b08e45a5ec2e1a/1587586458548/?format=1500w</BrandLogo_Med><ReportingName>Cr Homes LLC</ReportingName><DefaultLeadsEmail LeadsPerMessage="All">leads@thebdx.com</DefaultLeadsEmail><BuilderWebsite>https://www.builddavinci.com/</BuilderWebsite><Subdivision Status="Active"><SubdivisionNumber>56854</SubdivisionNumber><SubdivisionName>Cr Homes LLC</SubdivisionName><BuildOnYourLot>0</BuildOnYourLot><SalesOffice><Address OutOfCommunity="0"><Street1>3200 W. Clubhouse Dr. Suite</Street1><City>Lehi</City><State>WI</State><ZIP>53597</ZIP></Address></SalesOffice><SubDescription>DaVinci Homes is a premier home builder in Utah. We know value is created through better design and increased quality, which is why we commission the finest subcontractors and designers in the state.</SubDescription><SubImage SequencePosition="1" Title="House1" ReferenceType="URL">https://static.wixstatic.com/media/d24577_d13064878a194f6a92945fe98091460e~mv2.jpg</SubImage><SubImage SequencePosition="2" Title="House1" ReferenceType="URL">https://static.wixstatic.com/media/d24577_75d2dfe5b1b5424191982cf8159a4ba6~mv2.jpg</SubImage><SubWebsite>https://www.builddavinci.com/</SubWebsite></Subdivision></Builder></Corporation></Builders>