<Builders DateGenerated="2021-10-26T10:35:13"><Corporation><CorporateBuilderNumber>49003</CorporateBuilderNumber><CorporateState>KS</CorporateState><CorporateName>Bruyn Homes</CorporateName><Builder><BuilderNumber>49501</BuilderNumber><BrandName>Chris George Homes</BrandName><BrandLogo_Med ReferenceType="URL">http://www.chrisgeorgenewhomes.com/images/chris-george-logo.png</BrandLogo_Med><ReportingName>Chris George Homes</ReportingName><DefaultLeadsEmail LeadsPerMessage="All">leads@thebdx.com</DefaultLeadsEmail><BuilderWebsite>http://www.bruynhomes.com/</BuilderWebsite><Subdivision Status="Active"><SubdivisionNumber>49501</SubdivisionNumber><SubdivisionName>Chris George Homes</SubdivisionName><BuildOnYourLot>0</BuildOnYourLot><SalesOffice><Address OutOfCommunity="0"><Street1>5356 Plainfield Ave NE</Street1><City>Liberty</City><State>MI</State><ZIP>49525</ZIP></Address></SalesOffice><SubDescription>Mike has a passion for development, with an addiction to housing. His experience includes horizontal development, vertical construction, and brokerage. Mike founded The Brookeview Group LLC in 2008 after managing the Kansas City office for a multi-state developer. A few years later, Mike founded The Real Estate Store LLC, a brokerage focused on residential, commercial, and investment sales. Both companies work in tandem to develop, build, and broker development indeopendtently and within trusted partnerships. With over 18 years of real estate and construction experience, Mike credits the core values of integrity, commitment, and trust as the reason for his success. He believes every project should begin with the end in mind, this unique approach ensures success for partners, investors, and end-users alike.</SubDescription><SubWebsite>http://www.bruynhomes.com/</SubWebsite></Subdivision></Builder></Corporation></Builders>