<Builders DateGenerated="2021-10-26T17:46:41"><Corporation><CorporateBuilderNumber>31333</CorporateBuilderNumber><CorporateState>OH</CorporateState><CorporateName>Horizon Construction &amp; Developers</CorporateName><Builder><BuilderNumber>33414</BuilderNumber><BrandName>Eagle Custom Homes</BrandName><BrandLogo_Med ReferenceType="URL">https://eaglecustomhomes.com/wp-content/themes/eagle/assets/img/logo.png</BrandLogo_Med><ReportingName>Eagle Custom Homes</ReportingName><DefaultLeadsEmail LeadsPerMessage="All">leads@thebdx.com</DefaultLeadsEmail><BuilderWebsite>http://www.horizonbuilt.com/</BuilderWebsite><Subdivision Status="Active"><SubdivisionNumber>158422524028732304824904850098</SubdivisionNumber><SubdivisionName>Carver Station</SubdivisionName><BuildOnYourLot>0</BuildOnYourLot><SalesOffice><Address OutOfCommunity="0"><Street1>Carver Lane</Street1><City>Lebanon</City><State>TN</State><ZIP>37087</ZIP></Address></SalesOffice><SubDescription>Carver Station will be a great place to call home&#8212;convenient to shopping, dining, downtown Lebanon, and the Interstate. With several plans ranging from 1500 to 2200 square feet, three to four bedrooms, and starting at $279,900&#8212;Carver Station is sure to meet your needs.</SubDescription><SubImage SequencePosition="1" Title="House1" ReferenceType="URL">https://www.horizonbuilt.com/wp-content/uploads/2020/02/Screenshot_20190903-100441_Drive-1.jpg</SubImage><SubImage SequencePosition="2" Title="House1" ReferenceType="URL">https://www.horizonbuilt.com/wp-content/uploads/2019/09/Screenshot-215.png</SubImage><SubImage SequencePosition="3" Title="House1" ReferenceType="URL">https://www.horizonbuilt.com/wp-content/uploads/2019/09/TaylorFP.png</SubImage><SubImage SequencePosition="4" Title="House1" ReferenceType="URL">https://www.horizonbuilt.com/wp-content/uploads/2020/02/welcome-to-our-home-print-brown-wooden-wall-decor-163046.jpg</SubImage><SubImage SequencePosition="5" Title="House1" ReferenceType="URL">https://www.horizonbuilt.com/wp-content/uploads/2019/09/IMG_3935.jpg</SubImage><SubImage SequencePosition="6" Title="House1" ReferenceType="URL">https://www.horizonbuilt.com/wp-content/uploads/2019/09/2065793-3.jpg</SubImage><SubImage SequencePosition="7" Title="House1" ReferenceType="URL">https://www.horizonbuilt.com/wp-content/uploads/2019/09/11.jpg</SubImage><SubWebsite>https://www.horizonbuilt.com/community/carver-station/</SubWebsite></Subdivision><Subdivision Status="Active"><SubdivisionNumber>232207673440951191396207071019</SubdivisionNumber><SubdivisionName>Bonnie Oaks</SubdivisionName><BuildOnYourLot>0</BuildOnYourLot><SalesOffice><Address OutOfCommunity="0"><Street1>Bonnie Oak</Street1><City>Lebanon</City><State>TN</State><ZIP>37087</ZIP></Address></SalesOffice><SubDescription>Bonnie Oaks is back for 2021. At the Reserve in Bonnie Oaks, you&#8217;ll find Horizon Homes latest floor plans: 3-4-bedroom homes with 2-2.5 baths, 1-2 car garages. This new phase of family homes offers flexible open floor plans, craftsman and modern farmhouse architecture. Homes will include all Brick / Hardie Exteriors, LVP in main living areas, tile in baths &amp; utility, stainless appliances, granite tops in kitchen. You can customize your new home with a visit to our design center. Find the Horizon Home you have been waiting for at The Reserve at Bonnie Oaks. Rome Pike &#8211; Lebanon TN 1600 &#8211; 2300 Square Feet / $300,00 &#8211; $360,000 Sales Price</SubDescription><SubImage SequencePosition="1" Title="House1" ReferenceType="URL">https://www.horizonbuilt.com/wp-content/uploads/2020/02/4-1.jpg</SubImage><SubImage SequencePosition="2" Title="House1" ReferenceType="URL">https://www.horizonbuilt.com/wp-content/uploads/2019/09/2065793-21.jpg</SubImage><SubImage SequencePosition="3" Title="House1" ReferenceType="URL">https://www.horizonbuilt.com/wp-content/uploads/2020/02/27.jpg</SubImage><SubImage SequencePosition="4" Title="House1" ReferenceType="URL">https://www.horizonbuilt.com/wp-content/uploads/2020/02/11-1.jpg</SubImage><SubImage SequencePosition="5" Title="House1" ReferenceType="URL">https://www.horizonbuilt.com/wp-content/uploads/2020/02/6-1.jpg</SubImage><SubImage SequencePosition="6" Title="House1" ReferenceType="URL">https://www.horizonbuilt.com/wp-content/uploads/2019/09/2065793-3.jpg</SubImage><SubImage SequencePosition="7" Title="House1" ReferenceType="URL">https://www.horizonbuilt.com/wp-content/uploads/2019/09/2114068-21.jpg</SubImage><SubImage SequencePosition="8" Title="House1" ReferenceType="URL">https://www.horizonbuilt.com/wp-content/uploads/2020/02/IMG_6592.jpg</SubImage><SubImage SequencePosition="9" Title="House1" ReferenceType="URL">https://www.horizonbuilt.com/wp-content/uploads/2020/02/0-2.jpg</SubImage><SubImage SequencePosition="10" Title="House1" ReferenceType="URL">https://www.horizonbuilt.com/wp-content/uploads/2020/02/1-2.jpg</SubImage><SubImage SequencePosition="11" Title="House1" ReferenceType="URL">https://www.horizonbuilt.com/wp-content/uploads/2020/02/2-2.jpg</SubImage><SubImage SequencePosition="12" Title="House1" ReferenceType="URL">https://www.horizonbuilt.com/wp-content/uploads/2020/02/3-2.jpg</SubImage><SubImage SequencePosition="13" Title="House1" ReferenceType="URL">https://www.horizonbuilt.com/wp-content/uploads/2020/02/5-2.jpg</SubImage><SubImage SequencePosition="14" Title="House1" ReferenceType="URL">https://www.horizonbuilt.com/wp-content/uploads/2020/02/6-2.jpg</SubImage><SubImage SequencePosition="15" Title="House1" ReferenceType="URL">https://www.horizonbuilt.com/wp-content/uploads/2020/02/8-2.jpg</SubImage><SubImage SequencePosition="16" Title="House1" ReferenceType="URL">https://www.horizonbuilt.com/wp-content/uploads/2020/02/10-2.jpg</SubImage><SubImage SequencePosition="17" Title="House1" ReferenceType="URL">https://www.horizonbuilt.com/wp-content/uploads/2020/02/12-2.jpg</SubImage><SubImage SequencePosition="18" Title="House1" ReferenceType="URL">https://www.horizonbuilt.com/wp-content/uploads/2020/02/13-2.jpg</SubImage><SubImage SequencePosition="19" Title="House1" ReferenceType="URL">https://www.horizonbuilt.com/wp-content/uploads/2020/02/18-1.jpg</SubImage><SubImage SequencePosition="20" Title="House1" ReferenceType="URL">https://www.horizonbuilt.com/wp-content/uploads/2020/02/19-1.jpg</SubImage><SubImage SequencePosition="21" Title="House1" ReferenceType="URL">https://www.horizonbuilt.com/wp-content/uploads/2020/02/21-1.jpg</SubImage><SubImage SequencePosition="22" Title="House1" ReferenceType="URL">https://www.horizonbuilt.com/wp-content/uploads/2020/02/22.jpg</SubImage><SubImage SequencePosition="23" Title="House1" ReferenceType="URL">https://www.horizonbuilt.com/wp-content/uploads/2020/02/32.jpg</SubImage><SubWebsite>https://www.horizonbuilt.com/community/bonnie-oaks-phase-v/</SubWebsite></Subdivision></Builder></Corporation></Builders>