<Builders DateGenerated="2021-10-26T11:06:13"><Corporation><CorporateBuilderNumber>14324</CorporateBuilderNumber><CorporateState>NJ</CorporateState><CorporateName>Destiny Homes Construction, LLC</CorporateName><Builder><BuilderNumber>52497</BuilderNumber><BrandName>Elite Construction</BrandName><BrandLogo_Med ReferenceType="URL">None</BrandLogo_Med><ReportingName>Elite Construction</ReportingName><DefaultLeadsEmail LeadsPerMessage="All">leads@thebdx.com</DefaultLeadsEmail><BuilderWebsite>http://www.destinyhomesak.com</BuilderWebsite><Subdivision Status="Active"><SubdivisionNumber>52497</SubdivisionNumber><SubdivisionName>Elite Construction</SubdivisionName><BuildOnYourLot>0</BuildOnYourLot><SalesOffice><Address OutOfCommunity="0"><City>WASILA</City><State>AK</State><ZIP>00000</ZIP></Address></SalesOffice><SubDescription>Destiny Homes Construction began building homes in Matanuska Susitna Valley since 2010, but its story began long before that. Paul Losik, the owner of Destiny Homes Construction started to work in construction business in 2002. He was a project manager for one of the home builders here in the Valley. Working as a project manager, he learned that communication is a key component in client and builder relationship. With his own company, Paul is a hands-on builder who inspects job sites daily and takes pride in making sure that all the stages of the building process are completed in a professional, timely manner and at the same time with the highest quality standards. Destiny Homes has many plans for you to choose from or we can adjust them to your specification or even design your dream home from scratch. From designing plan, clearing the lot and managing home construction until giving keys to the buyers, Paul always works hard to build the highest quality home for the clients</SubDescription><SubImage SequencePosition="1" Title="House1" ReferenceType="URL">https://lh3.googleusercontent.com/3IAu9Y43Lg7iFwteCcJV5gTgDU4LzONoMyDXfeeQIqUyJ5sV0ycfNUxbKBjtgV0W_OAEqloj-WNiZZIUQHFAmEa3dsNLlfE2YZliofY3kEhDz6Ef1wiT=s1600</SubImage><SubImage SequencePosition="2" Title="House1" ReferenceType="URL">https://lh3.googleusercontent.com/0EHtccQs6LXD5HhhPiAPfrvFvih5ToljVxYwQ-jiG-QPrzS0wZ5tOc0CwYfjmjnfC0zBhlsWUmoz_Phbgqt5GQ3SMLxz5ZVLTcK6JC9JOE57QGxK9bO9Lg=s999</SubImage><SubWebsite>http://www.destinyhomesak.com</SubWebsite></Subdivision></Builder></Corporation></Builders>