<Builders DateGenerated="2021-10-26T12:38:55"><Corporation><CorporateBuilderNumber>54749</CorporateBuilderNumber><CorporateState>TN</CorporateState><CorporateName>Eagle 1 Construction, LLC</CorporateName><Builder><BuilderNumber>49280</BuilderNumber><BrandName>Grant Construction</BrandName><BrandLogo_Med ReferenceType="URL">https://gci-homes.com/wp-content/uploads/2019/09/GrantLogo081418colorchangebeige.png</BrandLogo_Med><ReportingName>Grant Construction</ReportingName><DefaultLeadsEmail LeadsPerMessage="All">leads@thebdx.com</DefaultLeadsEmail><BuilderWebsite>http://www.eagle1constructionLLC.com/</BuilderWebsite><Subdivision Status="Active"><SubdivisionNumber>49280</SubdivisionNumber><SubdivisionName>Grant Construction</SubdivisionName><BuildOnYourLot>0</BuildOnYourLot><SalesOffice><Address OutOfCommunity="0"><Street1>25 Buttrick Rd. Unit A1</Street1><City>Londonderry</City><State>NH</State><ZIP>03053</ZIP></Address></SalesOffice><SubDescription>DHB Homes LLC&#8217;s developments include hundreds of single-family homes in many of New Hampshire&#8217;s finest communities, multi-family housing units in Boston, MA, beachfront condominiums in Salisbury, MA, several commercial office parks in Londonderry, NH, high-end waterfront town homes on Lake Winnipesaukee and a four-season resort community on the shores of beautiful Newfound Lake in Bristol, NH. We are currently building a 60-unit 55+ development in Salem, NH and continuing to build our ever-expanding rental portfolio in Southern New Hampshire.</SubDescription><SubImage SequencePosition="1" Title="House1" ReferenceType="URL">https://www.dhbhomes.com/wp-content/uploads/2018/03/DHB-Photo-Project-23.jpg</SubImage><SubImage SequencePosition="2" Title="House1" ReferenceType="URL">https://www.dhbhomes.com/wp-content/uploads/2020/01/Truman-11-20-2019.jpg</SubImage><SubImage SequencePosition="3" Title="House1" ReferenceType="URL">https://www.dhbhomes.com/wp-content/uploads/2021/09/31Caymus.png</SubImage><SubWebsite>http://www.eagle1constructionLLC.com/</SubWebsite><Plan Type="SingleFamily"><PlanNumber>194973675008532129299420786707</PlanNumber><PlanName>The &#8220;Ashley &#8211; Perry&#8221;</PlanName><PlanNotAvailable>0</PlanNotAvailable><PlanTypeName>Single Family</PlanTypeName><BasePrice>0.00</BasePrice><BaseSqft>1996</BaseSqft><Baths>3</Baths><HalfBaths>0</HalfBaths><Bedrooms MasterBedLocation="Down">4</Bedrooms><Garage>3.0</Garage><PlanImages><ElevationImage SequencePosition="1" ReferenceType="URL">https://www.eagle1constructionllc.com/wp-content/uploads/2019/02/Ashley-Steroid-Front-Elevation-Eagle1.jpg</ElevationImage></PlanImages><PlanWebsite>https://www.eagle1constructionllc.com/floorplans/the-perry/</PlanWebsite></Plan><Plan Type="SingleFamily"><PlanNumber>841250421779495479244723079184</PlanNumber><PlanName>The &#8220;Jason&#8221;</PlanName><PlanNotAvailable>0</PlanNotAvailable><PlanTypeName>Single Family</PlanTypeName><BasePrice>0.00</BasePrice><BaseSqft>1660</BaseSqft><Baths>2</Baths><HalfBaths>0</HalfBaths><Bedrooms MasterBedLocation="Down">3</Bedrooms><Garage>3.0</Garage><PlanImages><ElevationImage SequencePosition="1" ReferenceType="URL">https://www.eagle1constructionllc.com/wp-content/uploads/2016/11/JASON-ELEVATIONMARKETING-pdf.jpg</ElevationImage></PlanImages><PlanWebsite>https://www.eagle1constructionllc.com/floorplans/the-jason/</PlanWebsite></Plan><Plan Type="SingleFamily"><PlanNumber>960302178530992092931173364819</PlanNumber><PlanName>The &#8220;Brittany&#8221;</PlanName><PlanNotAvailable>0</PlanNotAvailable><PlanTypeName>Single Family</PlanTypeName><BasePrice>0.00</BasePrice><BaseSqft>1863</BaseSqft><Baths>4</Baths><HalfBaths>0</HalfBaths><Bedrooms MasterBedLocation="Down">4</Bedrooms><Garage>3.0</Garage><PlanImages><ElevationImage SequencePosition="1" ReferenceType="URL">https://www.eagle1constructionllc.com/wp-content/uploads/2019/02/Reverse-Front-Elevation-Eagle1.jpg</ElevationImage></PlanImages><PlanWebsite>https://www.eagle1constructionllc.com/floorplans/the-brittany/</PlanWebsite></Plan><Plan Type="SingleFamily"><PlanNumber>385928150359883202162128058258</PlanNumber><PlanName>The &#8220;Stidham&#8221;</PlanName><PlanNotAvailable>0</PlanNotAvailable><PlanTypeName>Single Family</PlanTypeName><BasePrice>0.00</BasePrice><BaseSqft>1150</BaseSqft><Baths>2</Baths><HalfBaths>0</HalfBaths><Bedrooms MasterBedLocation="Down">2</Bedrooms><Garage>0.0</Garage><PlanImages><ElevationImage SequencePosition="1" ReferenceType="URL">https://www.eagle1constructionllc.com/wp-content/uploads/2017/08/Stidham-1.jpg</ElevationImage></PlanImages><PlanWebsite>https://www.eagle1constructionllc.com/floorplans/the-stitham/</PlanWebsite></Plan><Plan Type="SingleFamily"><PlanNumber>922430580697862334327855943680</PlanNumber><PlanName>The &#8220;Cole&#8221;</PlanName><PlanNotAvailable>0</PlanNotAvailable><PlanTypeName>Single Family</PlanTypeName><BasePrice>0.00</BasePrice><BaseSqft>1749</BaseSqft><Baths>2</Baths><HalfBaths>0</HalfBaths><Bedrooms MasterBedLocation="Down">3</Bedrooms><Garage>2.0</Garage><PlanImages><ElevationImage SequencePosition="1" ReferenceType="URL">https://www.eagle1constructionllc.com/wp-content/uploads/2019/02/Reverse-Front-Elevation-Eagle1.jpg</ElevationImage></PlanImages><PlanWebsite>https://www.eagle1constructionllc.com/floorplans/the-cole/</PlanWebsite></Plan><Plan Type="SingleFamily"><PlanNumber>725403327400357689591589540381</PlanNumber><PlanName>The &#8220;Corbin&#8221;</PlanName><PlanNotAvailable>0</PlanNotAvailable><PlanTypeName>Single Family</PlanTypeName><BasePrice>0.00</BasePrice><BaseSqft>2520</BaseSqft><Baths>3</Baths><HalfBaths>0</HalfBaths><Bedrooms MasterBedLocation="Down">5</Bedrooms><Garage>3.0</Garage><PlanImages><ElevationImage SequencePosition="1" ReferenceType="URL">https://www.eagle1constructionllc.com/wp-content/uploads/2019/02/Corbin-Front-Elevation-Eagle1.jpg</ElevationImage></PlanImages><PlanWebsite>https://www.eagle1constructionllc.com/floorplans/the-corbin/</PlanWebsite></Plan><Plan Type="SingleFamily"><PlanNumber>504738000634511035368258472812</PlanNumber><PlanName>The &#8220;Wesley&#8221;</PlanName><PlanNotAvailable>0</PlanNotAvailable><PlanTypeName>Single Family</PlanTypeName><BasePrice>0.00</BasePrice><BaseSqft>1900</BaseSqft><Baths>4</Baths><HalfBaths>0</HalfBaths><Bedrooms MasterBedLocation="Down">7</Bedrooms><Garage>0.0</Garage><PlanImages><ElevationImage SequencePosition="1" ReferenceType="URL">https://www.eagle1constructionllc.com/wp-content/uploads/2019/02/Wesley-Front-Elevation-Eagle1.jpg</ElevationImage></PlanImages><PlanWebsite>https://www.eagle1constructionllc.com/floorplans/the-wesley/</PlanWebsite></Plan><Plan Type="SingleFamily"><PlanNumber>9422036664970991647028099142</PlanNumber><PlanName>The &#8220;Tayten&#8221;</PlanName><PlanNotAvailable>0</PlanNotAvailable><PlanTypeName>Single Family</PlanTypeName><BasePrice>0.00</BasePrice><BaseSqft>1685</BaseSqft><Baths>4</Baths><HalfBaths>0</HalfBaths><Bedrooms MasterBedLocation="Down">4</Bedrooms><Garage>3.0</Garage><PlanImages/><PlanWebsite>https://www.eagle1constructionllc.com/floorplans/the-tayten/</PlanWebsite></Plan><Plan Type="SingleFamily"><PlanNumber>698530605623952046356633539396</PlanNumber><PlanName>The &#8220;Mason-Pratt&#8221;</PlanName><PlanNotAvailable>0</PlanNotAvailable><PlanTypeName>Single Family</PlanTypeName><BasePrice>0.00</BasePrice><BaseSqft>1605</BaseSqft><Baths>3</Baths><HalfBaths>0</HalfBaths><Bedrooms MasterBedLocation="Down">3</Bedrooms><Garage>3.0</Garage><PlanImages><ElevationImage SequencePosition="1" ReferenceType="URL">https://www.eagle1constructionllc.com/wp-content/uploads/2019/02/Reverse-Front-Elevation-Eagle1.jpg</ElevationImage></PlanImages><PlanWebsite>https://www.eagle1constructionllc.com/floorplans/the-mason-pratt/</PlanWebsite></Plan><Plan Type="SingleFamily"><PlanNumber>799825587695689590280099551995</PlanNumber><PlanName>The &#8220;Lauren&#8221;</PlanName><PlanNotAvailable>0</PlanNotAvailable><PlanTypeName>Single Family</PlanTypeName><BasePrice>0.00</BasePrice><BaseSqft>1266</BaseSqft><Baths>3</Baths><HalfBaths>0</HalfBaths><Bedrooms MasterBedLocation="Down">4</Bedrooms><Garage>2.0</Garage><PlanImages><ElevationImage SequencePosition="1" ReferenceType="URL">https://www.eagle1constructionllc.com/wp-content/uploads/2019/02/Lauren-Front-Elevation-Eagle1.jpg</ElevationImage></PlanImages><PlanWebsite>https://www.eagle1constructionllc.com/floorplans/the-lauren/</PlanWebsite></Plan><Plan Type="SingleFamily"><PlanNumber>934832972256303475846557512438</PlanNumber><PlanName>The &#8220;Summerfield&#8221;</PlanName><PlanNotAvailable>0</PlanNotAvailable><PlanTypeName>Single Family</PlanTypeName><BasePrice>0.00</BasePrice><BaseSqft>1896</BaseSqft><Baths>3</Baths><HalfBaths>0</HalfBaths><Bedrooms MasterBedLocation="Down">4</Bedrooms><Garage>3.0</Garage><PlanImages><ElevationImage SequencePosition="1" ReferenceType="URL">https://www.eagle1constructionllc.com/wp-content/uploads/2019/02/Summerfield-Front-Elevation-Eagle1.jpg</ElevationImage></PlanImages><PlanWebsite>https://www.eagle1constructionllc.com/floorplans/the-summerfield/</PlanWebsite></Plan><Plan Type="SingleFamily"><PlanNumber>331921027529059272700847845346</PlanNumber><PlanName>The &#8220;Lauren&#8221; II</PlanName><PlanNotAvailable>0</PlanNotAvailable><PlanTypeName>Single Family</PlanTypeName><BasePrice>0.00</BasePrice><BaseSqft>1280</BaseSqft><Baths>3</Baths><HalfBaths>0</HalfBaths><Bedrooms MasterBedLocation="Down">4</Bedrooms><Garage>2.0</Garage><PlanImages><ElevationImage SequencePosition="1" ReferenceType="URL">https://www.eagle1constructionllc.com/wp-content/uploads/2019/02/Lauren-Front-Elevation-Eagle1.jpg</ElevationImage></PlanImages><PlanWebsite>https://www.eagle1constructionllc.com/floorplans/the-lauren-ii/</PlanWebsite></Plan></Subdivision></Builder></Corporation></Builders>