<Builders DateGenerated="2021-10-26T11:31:04"><Corporation><CorporateBuilderNumber>52860</CorporateBuilderNumber><CorporateState>MI</CorporateState><CorporateName>DHB Homes</CorporateName><Builder><BuilderNumber>56862</BuilderNumber><BrandName>Hadley Home Builders</BrandName><BrandLogo_Med ReferenceType="URL">http://www.hadleyhomebuilder.com/images/yootheme/demo/default/logo.svg</BrandLogo_Med><ReportingName>Hadley Home Builders</ReportingName><DefaultLeadsEmail LeadsPerMessage="All">leads@thebdx.com</DefaultLeadsEmail><BuilderWebsite>https://www.dhbhomes.com</BuilderWebsite><Subdivision Status="Active"><SubdivisionNumber>56862</SubdivisionNumber><SubdivisionName>Hadley Home Builders</SubdivisionName><BuildOnYourLot>0</BuildOnYourLot><SalesOffice><Address OutOfCommunity="0"><Street1>25 Buttrick Rd. Unit A1</Street1><City>Londonderry</City><State>NH</State><ZIP>03053</ZIP></Address></SalesOffice><SubDescription>DHB Homes LLC&#8217;s developments include hundreds of single-family homes in many of New Hampshire&#8217;s finest communities, multi-family housing units in Boston, MA, beachfront condominiums in Salisbury, MA, several commercial office parks in Londonderry, NH, high-end waterfront town homes on Lake Winnipesaukee and a four-season resort community on the shores of beautiful Newfound Lake in Bristol, NH. We are currently building a 60-unit 55+ development in Salem, NH and continuing to build our ever-expanding rental portfolio in Southern New Hampshire.</SubDescription><SubImage SequencePosition="1" Title="House1" ReferenceType="URL">https://www.dhbhomes.com/wp-content/uploads/2018/03/DHB-Photo-Project-23.jpg</SubImage><SubImage SequencePosition="2" Title="House1" ReferenceType="URL">https://www.dhbhomes.com/wp-content/uploads/2020/01/Truman-11-20-2019.jpg</SubImage><SubImage SequencePosition="3" Title="House1" ReferenceType="URL">https://www.dhbhomes.com/wp-content/uploads/2021/09/31Caymus.png</SubImage><SubWebsite>https://www.dhbhomes.com</SubWebsite><Plan Type="SingleFamily"><PlanNumber>775687628455860024966135060601</PlanNumber><PlanName>The Truman Plan</PlanName><PlanNotAvailable>0</PlanNotAvailable><PlanTypeName>Single Family</PlanTypeName><BasePrice>0.00</BasePrice><BaseSqft>2940</BaseSqft><Baths>2</Baths><HalfBaths>0</HalfBaths><Bedrooms MasterBedLocation="Down">4</Bedrooms><Garage>3.0</Garage><PlanImages/><PlanWebsite>https://www.dhbhomes.com/floor-plans/</PlanWebsite></Plan></Subdivision></Builder></Corporation></Builders>