<Builders DateGenerated="2021-10-26T10:57:01"><Corporation><CorporateBuilderNumber>33245</CorporateBuilderNumber><CorporateState>NW</CorporateState><CorporateName>Classic Custom Homes</CorporateName><Builder><BuilderNumber>53083</BuilderNumber><BrandName>Homes By Lisa K Sims</BrandName><BrandLogo_Med ReferenceType="URL">http://www.homesbylisaksims.com/images/title.gif</BrandLogo_Med><ReportingName>Homes By Lisa K Sims</ReportingName><DefaultLeadsEmail LeadsPerMessage="All">leads@thebdx.com</DefaultLeadsEmail><BuilderWebsite>https://www.cchofwaunakee.com</BuilderWebsite><Subdivision Status="Active"><SubdivisionNumber>53083</SubdivisionNumber><SubdivisionName>Homes By Lisa K Sims</SubdivisionName><BuildOnYourLot>0</BuildOnYourLot><SalesOffice><Address OutOfCommunity="0"><Street1>401 N. Century Avenue</Street1><City>Waunakee</City><State>WI</State><ZIP>53597</ZIP></Address></SalesOffice><SubDescription>lassic Custom Homes of Waunakee, Inc. has a sound reputation in the construction industry confirmed by over 30 years of Wisconsin home building experience. Our expertise stems from residential and commercial construction, as well as residential and commercial remodeling. The team at Classic Custom Homes of Waunakee bring these talents together to provide our customers with an extraordinary home building experience.</SubDescription><SubWebsite>https://www.cchofwaunakee.com</SubWebsite></Subdivision></Builder></Corporation></Builders>