<Builders DateGenerated="2021-10-26T10:49:16"><Corporation><CorporateBuilderNumber>15926</CorporateBuilderNumber><CorporateState>TX</CorporateState><CorporateName>Celtic Home</CorporateName><Builder><BuilderNumber>51334</BuilderNumber><BrandName>Imagine Homes</BrandName><BrandLogo_Med ReferenceType="URL">https://www.imaginehomessa.com/_IMAGES/IH-Header-LOGO-Rev1.png</BrandLogo_Med><ReportingName>Imagine Homes</ReportingName><DefaultLeadsEmail LeadsPerMessage="All">leads@thebdx.com</DefaultLeadsEmail><BuilderWebsite>https://celticbuilthomes.com/</BuilderWebsite><Subdivision Status="Active"><SubdivisionNumber>51334</SubdivisionNumber><SubdivisionName>Imagine Homes</SubdivisionName><BuildOnYourLot>0</BuildOnYourLot><SalesOffice><Address OutOfCommunity="0"><Street1>1101 Chemawa Rd N</Street1><City>Keizer</City><State>OR</State><ZIP>97303</ZIP></Address></SalesOffice><SubDescription>Celtic Homes built our house last June. We love it! From the foundation to the last touches on the house we could count on Jason to help us, answer my tons of text messages &amp; support us any way he could. He was available to meet us whenever we wanted to walk through the construction. He &amp; I looked at several floor plans for our lot and he was great at getting back to me via email to help us choose one that met our needs.</SubDescription><SubImage SequencePosition="1" Title="House1" ReferenceType="URL">https://celticbuilthomes.com/wp-content/uploads/fpo-cta-full-width.jpg</SubImage><SubWebsite>https://celticbuilthomes.com/</SubWebsite><Plan Type="SingleFamily"><PlanNumber>538284052905639603825039216672</PlanNumber><PlanName>Plan #1908</PlanName><PlanNotAvailable>0</PlanNotAvailable><PlanTypeName>Single Family</PlanTypeName><BasePrice>0.00</BasePrice><BaseSqft>1908</BaseSqft><Baths>2</Baths><HalfBaths>0</HalfBaths><Bedrooms MasterBedLocation="Down">4</Bedrooms><Garage>2.0</Garage><PlanImages/><PlanWebsite>https://celticbuilthomes.com/spec-homes/plan-1908/</PlanWebsite></Plan><Plan Type="SingleFamily"><PlanNumber>644410692609626340292412036134</PlanNumber><PlanName>Plan #2181</PlanName><PlanNotAvailable>0</PlanNotAvailable><PlanTypeName>Single Family</PlanTypeName><BasePrice>0.00</BasePrice><BaseSqft>2181</BaseSqft><Baths>2</Baths><HalfBaths>0</HalfBaths><Bedrooms MasterBedLocation="Down">3</Bedrooms><Garage>2.0</Garage><PlanImages/><PlanWebsite>https://celticbuilthomes.com/spec-homes/plan-2181/</PlanWebsite></Plan><Plan Type="SingleFamily"><PlanNumber>542495144091431668541379210186</PlanNumber><PlanName>Plan #1772</PlanName><PlanNotAvailable>0</PlanNotAvailable><PlanTypeName>Single Family</PlanTypeName><BasePrice>0.00</BasePrice><BaseSqft>1772</BaseSqft><Baths>2</Baths><HalfBaths>0</HalfBaths><Bedrooms MasterBedLocation="Down">3</Bedrooms><Garage>1.0</Garage><PlanImages/><PlanWebsite>https://celticbuilthomes.com/spec-homes/plan-1772/</PlanWebsite></Plan><Plan Type="SingleFamily"><PlanNumber>550073405325690356891209759643</PlanNumber><PlanName>Plan #1543</PlanName><PlanNotAvailable>0</PlanNotAvailable><PlanTypeName>Single Family</PlanTypeName><BasePrice>0.00</BasePrice><BaseSqft>1543</BaseSqft><Baths>2</Baths><HalfBaths>0</HalfBaths><Bedrooms MasterBedLocation="Down">3</Bedrooms><Garage>2.0</Garage><PlanImages/><PlanWebsite>https://celticbuilthomes.com/spec-homes/plan-1543/</PlanWebsite></Plan><Plan Type="SingleFamily"><PlanNumber>22780004857025677974198018049</PlanNumber><PlanName>Plan #1728H</PlanName><PlanNotAvailable>0</PlanNotAvailable><PlanTypeName>Single Family</PlanTypeName><BasePrice>0.00</BasePrice><BaseSqft>1728</BaseSqft><Baths>2</Baths><HalfBaths>0</HalfBaths><Bedrooms MasterBedLocation="Down">3</Bedrooms><Garage>3.0</Garage><PlanImages/><PlanWebsite>https://celticbuilthomes.com/spec-homes/plan-1728h/</PlanWebsite></Plan><Plan Type="SingleFamily"><PlanNumber>419130962052013612753542326731</PlanNumber><PlanName>Plan #2453</PlanName><PlanNotAvailable>0</PlanNotAvailable><PlanTypeName>Single Family</PlanTypeName><BasePrice>0.00</BasePrice><BaseSqft>2453</BaseSqft><Baths>2</Baths><HalfBaths>0</HalfBaths><Bedrooms MasterBedLocation="Down">4</Bedrooms><Garage>2.0</Garage><PlanImages/><PlanWebsite>https://celticbuilthomes.com/spec-homes/plan-2453/</PlanWebsite></Plan><Plan Type="SingleFamily"><PlanNumber>427756241147347330742268819644</PlanNumber><PlanName>Plan #2045</PlanName><PlanNotAvailable>0</PlanNotAvailable><PlanTypeName>Single Family</PlanTypeName><BasePrice>0.00</BasePrice><BaseSqft>2045</BaseSqft><Baths>2</Baths><HalfBaths>0</HalfBaths><Bedrooms MasterBedLocation="Down">3</Bedrooms><Garage>3.0</Garage><PlanImages/><PlanWebsite>https://celticbuilthomes.com/spec-homes/plan-2045-b/</PlanWebsite></Plan><Plan Type="SingleFamily"><PlanNumber>456311279412004505949824302144</PlanNumber><PlanName>Plan #2345</PlanName><PlanNotAvailable>0</PlanNotAvailable><PlanTypeName>Single Family</PlanTypeName><BasePrice>0.00</BasePrice><BaseSqft>2345</BaseSqft><Baths>2</Baths><HalfBaths>0</HalfBaths><Bedrooms MasterBedLocation="Down">3</Bedrooms><Garage>2.0</Garage><PlanImages/><PlanWebsite>https://celticbuilthomes.com/spec-homes/plan-2345/</PlanWebsite></Plan><Plan Type="SingleFamily"><PlanNumber>568739269916151330361178290242</PlanNumber><PlanName>Plan #1512</PlanName><PlanNotAvailable>0</PlanNotAvailable><PlanTypeName>Single Family</PlanTypeName><BasePrice>0.00</BasePrice><BaseSqft>1512</BaseSqft><Baths>2</Baths><HalfBaths>0</HalfBaths><Bedrooms MasterBedLocation="Down">3</Bedrooms><Garage>2.0</Garage><PlanImages/><PlanWebsite>https://celticbuilthomes.com/spec-homes/plan-1512/</PlanWebsite></Plan><Plan Type="SingleFamily"><PlanNumber>801980275126018822626502405459</PlanNumber><PlanName>Plan #2104</PlanName><PlanNotAvailable>0</PlanNotAvailable><PlanTypeName>Single Family</PlanTypeName><BasePrice>0.00</BasePrice><BaseSqft>2104</BaseSqft><Baths>2</Baths><HalfBaths>0</HalfBaths><Bedrooms MasterBedLocation="Down">3</Bedrooms><Garage>2.0</Garage><PlanImages/><PlanWebsite>https://celticbuilthomes.com/spec-homes/plan-2104/</PlanWebsite></Plan><Plan Type="SingleFamily"><PlanNumber>582621024682261342538366455423</PlanNumber><PlanName>Plan #2630</PlanName><PlanNotAvailable>0</PlanNotAvailable><PlanTypeName>Single Family</PlanTypeName><BasePrice>0.00</BasePrice><BaseSqft>2630</BaseSqft><Baths>2</Baths><HalfBaths>0</HalfBaths><Bedrooms MasterBedLocation="Down">3</Bedrooms><Garage>2.0</Garage><PlanImages/><PlanWebsite>https://celticbuilthomes.com/spec-homes/plan-2630/</PlanWebsite></Plan><Plan Type="SingleFamily"><PlanNumber>892990038540856367507294771899</PlanNumber><PlanName>Plan #1785</PlanName><PlanNotAvailable>0</PlanNotAvailable><PlanTypeName>Single Family</PlanTypeName><BasePrice>0.00</BasePrice><BaseSqft>1785</BaseSqft><Baths>2</Baths><HalfBaths>0</HalfBaths><Bedrooms MasterBedLocation="Down">3</Bedrooms><Garage>2.0</Garage><PlanImages/><PlanWebsite>https://celticbuilthomes.com/spec-homes/plan-1785/</PlanWebsite></Plan><Plan Type="SingleFamily"><PlanNumber>173979910660663437074282028320</PlanNumber><PlanName>Plan #2605</PlanName><PlanNotAvailable>0</PlanNotAvailable><PlanTypeName>Single Family</PlanTypeName><BasePrice>0.00</BasePrice><BaseSqft>2605</BaseSqft><Baths>2</Baths><HalfBaths>0</HalfBaths><Bedrooms MasterBedLocation="Down">4</Bedrooms><Garage>3.0</Garage><PlanImages/><PlanWebsite>https://celticbuilthomes.com/spec-homes/plan-2605/</PlanWebsite></Plan><Plan Type="SingleFamily"><PlanNumber>328080582455345211775112331456</PlanNumber><PlanName>Plan #1579</PlanName><PlanNotAvailable>0</PlanNotAvailable><PlanTypeName>Single Family</PlanTypeName><BasePrice>0.00</BasePrice><BaseSqft>1579</BaseSqft><Baths>2</Baths><HalfBaths>0</HalfBaths><Bedrooms MasterBedLocation="Down">3</Bedrooms><Garage>2.0</Garage><PlanImages/><PlanWebsite>https://celticbuilthomes.com/spec-homes/plan-1579/</PlanWebsite></Plan><Plan Type="SingleFamily"><PlanNumber>973710208091069950961579778896</PlanNumber><PlanName>Plan #2013</PlanName><PlanNotAvailable>0</PlanNotAvailable><PlanTypeName>Single Family</PlanTypeName><BasePrice>0.00</BasePrice><BaseSqft>2013</BaseSqft><Baths>2</Baths><HalfBaths>0</HalfBaths><Bedrooms MasterBedLocation="Down">3</Bedrooms><Garage>3.0</Garage><PlanImages/><PlanWebsite>https://celticbuilthomes.com/spec-homes/plan-2013/</PlanWebsite></Plan><Plan Type="SingleFamily"><PlanNumber>87876980585704905123210403790</PlanNumber><PlanName>Plan #1728</PlanName><PlanNotAvailable>0</PlanNotAvailable><PlanTypeName>Single Family</PlanTypeName><BasePrice>0.00</BasePrice><BaseSqft>1728</BaseSqft><Baths>2</Baths><HalfBaths>0</HalfBaths><Bedrooms MasterBedLocation="Down">3</Bedrooms><Garage>2.0</Garage><PlanImages/><PlanWebsite>https://celticbuilthomes.com/spec-homes/plan-1728/</PlanWebsite></Plan><Plan Type="SingleFamily"><PlanNumber>36559537912983345783827361234</PlanNumber><PlanName>Plan #2203-2</PlanName><PlanNotAvailable>0</PlanNotAvailable><PlanTypeName>Single Family</PlanTypeName><BasePrice>0.00</BasePrice><BaseSqft>2203</BaseSqft><Baths>2</Baths><HalfBaths>0</HalfBaths><Bedrooms MasterBedLocation="Down">3</Bedrooms><Garage>2.0</Garage><PlanImages/><PlanWebsite>https://celticbuilthomes.com/spec-homes/plan-2203-2/</PlanWebsite></Plan><Plan Type="SingleFamily"><PlanNumber>574645695361931681567662088197</PlanNumber><PlanName>Plan #1705</PlanName><PlanNotAvailable>0</PlanNotAvailable><PlanTypeName>Single Family</PlanTypeName><BasePrice>0.00</BasePrice><BaseSqft>1705</BaseSqft><Baths>2</Baths><HalfBaths>0</HalfBaths><Bedrooms MasterBedLocation="Down">3</Bedrooms><Garage>1.0</Garage><PlanImages/><PlanWebsite>https://celticbuilthomes.com/spec-homes/plan-1705/</PlanWebsite></Plan><Plan Type="SingleFamily"><PlanNumber>466208733157761604252009839577</PlanNumber><PlanName>Plan #2329</PlanName><PlanNotAvailable>0</PlanNotAvailable><PlanTypeName>Single Family</PlanTypeName><BasePrice>0.00</BasePrice><BaseSqft>2329</BaseSqft><Baths>2</Baths><HalfBaths>0</HalfBaths><Bedrooms MasterBedLocation="Down">4</Bedrooms><Garage>3.0</Garage><PlanImages/><PlanWebsite>https://celticbuilthomes.com/spec-homes/plan-2329/</PlanWebsite></Plan><Plan Type="SingleFamily"><PlanNumber>155853216503304416903877274999</PlanNumber><PlanName>Plan #2131-2</PlanName><PlanNotAvailable>0</PlanNotAvailable><PlanTypeName>Single Family</PlanTypeName><BasePrice>0.00</BasePrice><BaseSqft>2131</BaseSqft><Baths>2</Baths><HalfBaths>0</HalfBaths><Bedrooms MasterBedLocation="Down">3</Bedrooms><Garage>2.0</Garage><PlanImages/><PlanWebsite>https://celticbuilthomes.com/spec-homes/plan-2131-2/</PlanWebsite></Plan><Plan Type="SingleFamily"><PlanNumber>776788016810618338694855468911</PlanNumber><PlanName>Plan #1692-B</PlanName><PlanNotAvailable>0</PlanNotAvailable><PlanTypeName>Single Family</PlanTypeName><BasePrice>0.00</BasePrice><BaseSqft>2322</BaseSqft><Baths>2</Baths><HalfBaths>0</HalfBaths><Bedrooms MasterBedLocation="Down">4</Bedrooms><Garage>2.0</Garage><PlanImages/><PlanWebsite>https://celticbuilthomes.com/spec-homes/plan-1692-b/</PlanWebsite></Plan><Plan Type="SingleFamily"><PlanNumber>796117307221257984724698763785</PlanNumber><PlanName>Plan #2263</PlanName><PlanNotAvailable>0</PlanNotAvailable><PlanTypeName>Single Family</PlanTypeName><BasePrice>0.00</BasePrice><BaseSqft>2263</BaseSqft><Baths>2</Baths><HalfBaths>0</HalfBaths><Bedrooms MasterBedLocation="Down">3</Bedrooms><Garage>2.0</Garage><PlanImages/><PlanWebsite>https://celticbuilthomes.com/spec-homes/plan-2263/</PlanWebsite></Plan><Plan Type="SingleFamily"><PlanNumber>48417163404108967181736472341</PlanNumber><PlanName>Plan #1586</PlanName><PlanNotAvailable>0</PlanNotAvailable><PlanTypeName>Single Family</PlanTypeName><BasePrice>0.00</BasePrice><BaseSqft>1586</BaseSqft><Baths>2</Baths><HalfBaths>0</HalfBaths><Bedrooms MasterBedLocation="Down">3</Bedrooms><Garage>2.0</Garage><PlanImages/><PlanWebsite>https://celticbuilthomes.com/spec-homes/plan-1586/</PlanWebsite></Plan><Plan Type="SingleFamily"><PlanNumber>531249918517028983097500649361</PlanNumber><PlanName>Plan #1487-2B</PlanName><PlanNotAvailable>0</PlanNotAvailable><PlanTypeName>Single Family</PlanTypeName><BasePrice>0.00</BasePrice><BaseSqft>1487</BaseSqft><Baths>2</Baths><HalfBaths>0</HalfBaths><Bedrooms MasterBedLocation="Down">3</Bedrooms><Garage>2.0</Garage><PlanImages/><PlanWebsite>https://celticbuilthomes.com/spec-homes/plan-1487/</PlanWebsite></Plan><Plan Type="SingleFamily"><PlanNumber>760830840320747477147988526020</PlanNumber><PlanName>Plan #2525</PlanName><PlanNotAvailable>0</PlanNotAvailable><PlanTypeName>Single Family</PlanTypeName><BasePrice>0.00</BasePrice><BaseSqft>2525</BaseSqft><Baths>2</Baths><HalfBaths>0</HalfBaths><Bedrooms MasterBedLocation="Down">4</Bedrooms><Garage>2.0</Garage><PlanImages/><PlanWebsite>https://celticbuilthomes.com/spec-homes/plan-2525/</PlanWebsite></Plan><Plan Type="SingleFamily"><PlanNumber>675790552864159791851095491634</PlanNumber><PlanName>Plan #2245</PlanName><PlanNotAvailable>0</PlanNotAvailable><PlanTypeName>Single Family</PlanTypeName><BasePrice>0.00</BasePrice><BaseSqft>2245</BaseSqft><Baths>2</Baths><HalfBaths>0</HalfBaths><Bedrooms MasterBedLocation="Down">3</Bedrooms><Garage>3.0</Garage><PlanImages/><PlanWebsite>https://celticbuilthomes.com/spec-homes/plan-2245/</PlanWebsite></Plan><Plan Type="SingleFamily"><PlanNumber>480325303760539159020939407759</PlanNumber><PlanName>Plan #2460</PlanName><PlanNotAvailable>0</PlanNotAvailable><PlanTypeName>Single Family</PlanTypeName><BasePrice>0.00</BasePrice><BaseSqft>2460</BaseSqft><Baths>2</Baths><HalfBaths>0</HalfBaths><Bedrooms MasterBedLocation="Down">4</Bedrooms><Garage>2.0</Garage><PlanImages/><PlanWebsite>https://celticbuilthomes.com/spec-homes/plan-2460/</PlanWebsite></Plan><Plan Type="SingleFamily"><PlanNumber>811213033405582428483827941083</PlanNumber><PlanName>Plan #2158</PlanName><PlanNotAvailable>0</PlanNotAvailable><PlanTypeName>Single Family</PlanTypeName><BasePrice>0.00</BasePrice><BaseSqft>2158</BaseSqft><Baths>2</Baths><HalfBaths>0</HalfBaths><Bedrooms MasterBedLocation="Down">4</Bedrooms><Garage>3.0</Garage><PlanImages/><PlanWebsite>https://celticbuilthomes.com/spec-homes/plan-2158/</PlanWebsite></Plan><Plan Type="SingleFamily"><PlanNumber>240698344002938414861918581586</PlanNumber><PlanName>Plan #2066</PlanName><PlanNotAvailable>0</PlanNotAvailable><PlanTypeName>Single Family</PlanTypeName><BasePrice>0.00</BasePrice><BaseSqft>2066</BaseSqft><Baths>2</Baths><HalfBaths>0</HalfBaths><Bedrooms MasterBedLocation="Down">3</Bedrooms><Garage>2.0</Garage><PlanImages/><PlanWebsite>https://celticbuilthomes.com/spec-homes/plan-2066/</PlanWebsite></Plan><Plan Type="SingleFamily"><PlanNumber>273300442233896901007381238077</PlanNumber><PlanName>Plan #1856</PlanName><PlanNotAvailable>0</PlanNotAvailable><PlanTypeName>Single Family</PlanTypeName><BasePrice>0.00</BasePrice><BaseSqft>1856</BaseSqft><Baths>2</Baths><HalfBaths>0</HalfBaths><Bedrooms MasterBedLocation="Down">3</Bedrooms><Garage>2.0</Garage><PlanImages/><PlanWebsite>https://celticbuilthomes.com/spec-homes/plan-1856/</PlanWebsite></Plan><Plan Type="SingleFamily"><PlanNumber>912671922691684525891033208436</PlanNumber><PlanName>Plan #2247-2</PlanName><PlanNotAvailable>0</PlanNotAvailable><PlanTypeName>Single Family</PlanTypeName><BasePrice>0.00</BasePrice><BaseSqft>2247</BaseSqft><Baths>2</Baths><HalfBaths>0</HalfBaths><Bedrooms MasterBedLocation="Down">4</Bedrooms><Garage>2.0</Garage><PlanImages/><PlanWebsite>https://celticbuilthomes.com/spec-homes/plan-2247-2/</PlanWebsite></Plan><Plan Type="SingleFamily"><PlanNumber>218063749354323834606101929300</PlanNumber><PlanName>Plan #2168-2bl</PlanName><PlanNotAvailable>0</PlanNotAvailable><PlanTypeName>Single Family</PlanTypeName><BasePrice>0.00</BasePrice><BaseSqft>2168</BaseSqft><Baths>2</Baths><HalfBaths>0</HalfBaths><Bedrooms MasterBedLocation="Down">3</Bedrooms><Garage>2.0</Garage><PlanImages/><PlanWebsite>https://celticbuilthomes.com/spec-homes/plan-2168-2bl/</PlanWebsite></Plan><Plan Type="SingleFamily"><PlanNumber>502444462666768472264753852361</PlanNumber><PlanName>Plan #1811-G</PlanName><PlanNotAvailable>0</PlanNotAvailable><PlanTypeName>Single Family</PlanTypeName><BasePrice>0.00</BasePrice><BaseSqft>1811</BaseSqft><Baths>2</Baths><HalfBaths>0</HalfBaths><Bedrooms MasterBedLocation="Down">3</Bedrooms><Garage>2.0</Garage><PlanImages/><PlanWebsite>https://celticbuilthomes.com/spec-homes/plan-1811-g/</PlanWebsite></Plan></Subdivision></Builder></Corporation></Builders>