<Builders DateGenerated="2021-11-25T11:45:32"><Corporation><CorporateBuilderNumber>673130258496182893002612059045</CorporateBuilderNumber><CorporateState>CA</CorporateState><CorporateName>Bradford Communities</CorporateName><Builder><BuilderNumber>5819419335688426705717577677</BuilderNumber><BrandName>Bradford Communities</BrandName><BrandLogo_Med ReferenceType="URL">http://www.bradfordcommunities.com/wordpress/wp-content/uploads/2015/06/Logo1.jpg</BrandLogo_Med><ReportingName>Bradford Communities, Inc.</ReportingName><DefaultLeadsEmail LeadsPerMessage="All">leads@thebdx.com</DefaultLeadsEmail><BuilderWebsite>http://www.bradfordcommunities.com/</BuilderWebsite><Subdivision Status="Active"><SubdivisionNumber>5819419335688426705717577677</SubdivisionNumber><SubdivisionName>Bradford Communities</SubdivisionName><BuildOnYourLot>0</BuildOnYourLot><SalesOffice><Address OutOfCommunity="0"><Street1>313 Ray Street</Street1><City>Pleasanton</City><State>CA</State><ZIP>94566</ZIP></Address></SalesOffice><SubDescription>We create neighborhoods that encourage vitality and connectivity among the people who live there. In choosing desirable locations, we create communities that provide comfort, safety, security and peace of mind. And, by listening to our home buyers, we create places that match their specific lifestyles, needs and desires. Blend all this with an unrelenting commitment to quality and our passion for delivering the best possible living experience and you&#8217;ll see that Bradford Communities is setting a new standard for delivering the American Dream.</SubDescription><SubImage SequencePosition="1" Title="House1" ReferenceType="URL">http://www.bradfordcommunities.com/wordpress/wp-content/uploads/2016/10/podva-comm-img.jpg</SubImage><SubWebsite>http://www.bradfordcommunities.com/</SubWebsite></Subdivision><Subdivision Status="Active"><SubdivisionNumber>679602978261362735310853186827</SubdivisionNumber><SubdivisionName>STONEBROOK AT CHAFFEE CROSSING</SubdivisionName><BuildOnYourLot>0</BuildOnYourLot><SalesOffice><Address OutOfCommunity="0"><Street1>Stonebrook Drive</Street1><City>Fort Smith</City><State>AR</State><ZIP>72916</ZIP></Address><Email>info@ashlarhomeskc.com</Email></SalesOffice><SubDescription>Discover life in Stonebrook. Gorgeous walkable community in the center of Chaffee Crossing, minutes from major employment centers, shopping, and popular eateries. Featuring beautiful wooded homesites and miles of nearby trails, Stonebrook and you make a perfect fit.</SubDescription><SubImage SequencePosition="1" Title="House1" ReferenceType="URL">https://images.squarespace-cdn.com/content/v1/5a12f85abff200f859bd1eaa/1532016665322-PZXAZ2NKQZ1G9TXETP03/CCHInsta-626.jpg</SubImage><SubImage SequencePosition="2" Title="House1" ReferenceType="URL">https://images.squarespace-cdn.com/content/v1/5a12f85abff200f859bd1eaa/1533245114989-FCP5Z1XPGV8FZ74LT9VR/CCHInsta-31422222222222.jpg</SubImage><SubImage SequencePosition="3" Title="House1" ReferenceType="URL">https://images.squarespace-cdn.com/content/v1/5a12f85abff200f859bd1eaa/1512763836331-WKIJB01TYMLP7EFRTF9M/CCH_Insta-26.jpg</SubImage><SubImage SequencePosition="4" Title="House1" ReferenceType="URL">https://images.squarespace-cdn.com/content/v1/5a12f85abff200f859bd1eaa/1517876437751-CBQD93LHECMCT63PWEG8/CCHsquarespace-3.jpg</SubImage><SubWebsite>https://www.carringtoncreek.com/stonebrook</SubWebsite></Subdivision></Builder></Corporation></Builders>