<Builders DateGenerated="2021-11-25T11:36:15"><Corporation><CorporateBuilderNumber>64973719430199591862954593101</CorporateBuilderNumber><CorporateState>MI</CorporateState><CorporateName>Canzano &amp; JDM Building Company</CorporateName><Builder><BuilderNumber>235661454696196808504913514980</BuilderNumber><BrandName>Canzano &amp; JDM Building Company</BrandName><BrandLogo_Med ReferenceType="URL">http://canzanobuilding.com/images/clogo.jpg</BrandLogo_Med><ReportingName>Canzano Building Company Inc. and JDM Building Company LLC</ReportingName><DefaultLeadsEmail LeadsPerMessage="All">leads@thebdx.com</DefaultLeadsEmail><BuilderWebsite>http://canzanobuilding.com/</BuilderWebsite><Subdivision Status="Active"><SubdivisionNumber>235661454696196808504913514980</SubdivisionNumber><SubdivisionName>Canzano &amp; JDM Building Company</SubdivisionName><BuildOnYourLot>0</BuildOnYourLot><SalesOffice><Address OutOfCommunity="0"><Street1>32233 Schoolcraft #110</Street1><City>Livonia</City><State>MI</State><ZIP>48150</ZIP></Address></SalesOffice><SubDescription>Canzano Building Company Inc. and JDM Building Company LLC are two of the premier builders of single family homes in southeast Michigan. We have been in the construction business for over two decades and have a long-standing reputation for personal integrity, honesty and dependability in the construction of our homes. Every home we build has a character that is shaped on our customers' needs and wishes </SubDescription><SubImage SequencePosition="1" Title="House1" ReferenceType="URL">http://canzanobuilding.com/images/h1.jpg</SubImage><SubWebsite>http://canzanobuilding.com/</SubWebsite></Subdivision></Builder></Corporation></Builders>