<Builders DateGenerated="2021-10-22T10:54:08"><Corporation><CorporateBuilderNumber>54764</CorporateBuilderNumber><CorporateState>AZ</CorporateState><CorporateName>CHARLESTON HOMES</CorporateName><Builder><BuilderNumber>52303</BuilderNumber><BrandName>Amberwood Homes</BrandName><BrandLogo_Med ReferenceType="URL">https://www.amberwoodhomes.com/uploads/1/1/7/9/117978503/eed41d-8a02f4cf7404472aa5406474a059d0b3-min.png</BrandLogo_Med><ReportingName>Amberwood Homes</ReportingName><DefaultLeadsEmail LeadsPerMessage="All">leads@thebdx.com</DefaultLeadsEmail><BuilderWebsite>https://www.charlestonhomesomaha.com/</BuilderWebsite><Subdivision Status="Active"><SubdivisionNumber>52303</SubdivisionNumber><SubdivisionName>Amberwood Homes</SubdivisionName><BuildOnYourLot>0</BuildOnYourLot><SalesOffice><Address OutOfCommunity="0"><Street1>3803 NORTH 153RD STREET, STE 200</Street1><City>OMAHA</City><State>NE</State><ZIP>68116</ZIP></Address><Phone><AreaCode>402</AreaCode><Prefix>933</Prefix><Suffix>7224</Suffix></Phone></SalesOffice><SubDescription>I&#8217;ve received a ton of compliments on the home and wanted to thank you and the entire Charleston team for a truly beautiful home. Thank you!</SubDescription><SubImage SequencePosition="1" Title="House1" ReferenceType="URL">https://www.charlestonhomesomaha.com/wp-content/uploads/2017/09/Edgebrook-Model-Slide-1-100x50.jpg</SubImage><SubWebsite>https://www.charlestonhomesomaha.com/</SubWebsite></Subdivision></Builder></Corporation></Builders>