<Builders DateGenerated="2021-10-22T10:55:59"><Corporation><CorporateBuilderNumber>51281</CorporateBuilderNumber><CorporateState>OR</CorporateState><CorporateName>Heartland Builder of NWI</CorporateName><Builder><BuilderNumber>54155</BuilderNumber><BrandName>Anslow &amp; Degeneault</BrandName><BrandLogo_Med ReferenceType="URL">http://www.adhomes.com/wp-content/uploads/adhomes-logo-mobile.png</BrandLogo_Med><ReportingName>Anslow &amp; Degeneault</ReportingName><DefaultLeadsEmail LeadsPerMessage="All">leads@thebdx.com</DefaultLeadsEmail><BuilderWebsite>http://www.heartlandbuild.com/</BuilderWebsite><Subdivision Status="Active"><SubdivisionNumber>54155</SubdivisionNumber><SubdivisionName>Anslow &amp; Degeneault</SubdivisionName><BuildOnYourLot>0</BuildOnYourLot><SalesOffice><Address OutOfCommunity="0"><Street1>3030 Forest Park Dr.</Street1><City>Dyer</City><State>IN</State><ZIP>46311</ZIP></Address><Phone><AreaCode>219</AreaCode><Prefix>227</Prefix><Suffix>9533</Suffix></Phone></SalesOffice><SubDescription>Heartland Builders of Northwest Indiana Welcome to Heartland Builders of NWI. My name is Rick Mossell; I have been building homes for over 25 years and have built over 600 homes.  My goal has always been the same: To build you a quality home. To make the process as smooth as possible by me personally, the builder, working with you from start to finish. No middle people. Fewer things can go wrong this way. To build your dream home.</SubDescription><SubImage SequencePosition="1" Title="House1" ReferenceType="URL">https://www.heartlandbuild.com/images/slider_Peyton.jpg</SubImage><SubImage SequencePosition="2" Title="House1" ReferenceType="URL">https://www.heartlandbuild.com/images/slider-garagedoor.jpg</SubImage><SubImage SequencePosition="3" Title="House1" ReferenceType="URL">https://www.heartlandbuild.com/images/slider-kitchen.jpg</SubImage><SubImage SequencePosition="4" Title="House1" ReferenceType="URL">https://www.heartlandbuild.com/images/slider-ceiling.jpg</SubImage><SubImage SequencePosition="5" Title="House1" ReferenceType="URL">https://www.heartlandbuild.com/images/slider-homefront.jpg</SubImage><SubImage SequencePosition="6" Title="House1" ReferenceType="URL">https://www.heartlandbuild.com/images/slider-tub.jpg</SubImage><SubWebsite>http://www.heartlandbuild.com/</SubWebsite><Plan Type="SingleFamily"><PlanNumber>361070473849858215574943650325</PlanNumber><PlanName>The Bankerhouse 3 Bedroom</PlanName><PlanNotAvailable>0</PlanNotAvailable><PlanTypeName>Single Family</PlanTypeName><BasePrice>0.00</BasePrice><BaseSqft>1825</BaseSqft><Baths>2</Baths><HalfBaths>0</HalfBaths><Bedrooms MasterBedLocation="Down">3</Bedrooms><Garage>2.0</Garage><Description>Welcome to Heartland Builders of NWI. My name is Rick Mossell; I have been building homes for over 25 years and have built over 600 homes. My goal has always been the same: To build you   quality home. To make the process as smooth as possible by me personally, the builder, working with you from start to finish. No middle people. Fewer things can go wrong this way. To build your dream home.</Description><PlanImages><ElevationImage SequencePosition="1" ReferenceType="URL">https://www.heartlandbuild.com/uploads/image/Screen%20Shot%202019-10-21%20at%2011.12.18%20AM.png</ElevationImage><ElevationImage SequencePosition="2" ReferenceType="URL">https://www.heartlandbuild.com/uploads/image/Screen%20Shot%202019-10-21%20at%2011.12.18%20AM.png</ElevationImage><ElevationImage SequencePosition="3" ReferenceType="URL">https://www.heartlandbuild.com/uploads/image/Screen%20Shot%202019-10-21%20at%2011.12.47%20AM.png</ElevationImage><ElevationImage SequencePosition="4" ReferenceType="URL">https://www.heartlandbuild.com/uploads/image/Screen%20Shot%202019-10-21%20at%2011.12.59%20AM.png</ElevationImage><ElevationImage SequencePosition="5" ReferenceType="URL">https://www.heartlandbuild.com/uploads/image/Screen%20Shot%202019-10-21%20at%2011.13.10%20AM.png</ElevationImage></PlanImages><PlanWebsite>https://www.heartlandbuild.com/home-gallery.php?id=172</PlanWebsite></Plan><Plan Type="SingleFamily"><PlanNumber>410514754885740989265763135096</PlanNumber><PlanName>The Briarwood II</PlanName><PlanNotAvailable>0</PlanNotAvailable><PlanTypeName>Single Family</PlanTypeName><BasePrice>430500.00</BasePrice><BaseSqft>2447</BaseSqft><Baths>2</Baths><HalfBaths>1</HalfBaths><Bedrooms MasterBedLocation="Down">4</Bedrooms><Garage>2.5</Garage><Description>Welcome to Heartland Builders of NWI. My name is Rick Mossell; I have been building homes for over 25 years and have built over 600 homes. My goal has always been the same: To build you   quality home. To make the process as smooth as possible by me personally, the builder, working with you from start to finish. No middle people. Fewer things can go wrong this way. To build your dream home.</Description><PlanImages><ElevationImage SequencePosition="1" ReferenceType="URL">https://www.heartlandbuild.com/uploads/image/onehalfstory-briarwood-two.jpg</ElevationImage><ElevationImage SequencePosition="2" ReferenceType="URL">https://www.heartlandbuild.com/uploads/image/onehalfstory-briarwood-two.jpg</ElevationImage></PlanImages><PlanWebsite>https://www.heartlandbuild.com/home-gallery.php?id=133</PlanWebsite></Plan><Plan Type="SingleFamily"><PlanNumber>156042129852954507164623131680</PlanNumber><PlanName>The Schoolhouse</PlanName><PlanNotAvailable>0</PlanNotAvailable><PlanTypeName>Single Family</PlanTypeName><BasePrice>0.00</BasePrice><BaseSqft>1972</BaseSqft><Baths>2</Baths><HalfBaths>1</HalfBaths><Bedrooms MasterBedLocation="Down">3</Bedrooms><Garage>2.0</Garage><Description>Welcome to Heartland Builders of NWI. My name is Rick Mossell; I have been building homes for over 25 years and have built over 600 homes. My goal has always been the same: To build you   quality home. To make the process as smooth as possible by me personally, the builder, working with you from start to finish. No middle people. Fewer things can go wrong this way. To build your dream home.</Description><PlanImages><ElevationImage SequencePosition="1" ReferenceType="URL">https://www.heartlandbuild.com/uploads/image/School%20House%20Elevation.png</ElevationImage><ElevationImage SequencePosition="2" ReferenceType="URL">https://www.heartlandbuild.com/uploads/image/School%20House%20Elevation.png</ElevationImage></PlanImages><PlanWebsite>https://www.heartlandbuild.com/home-gallery.php?id=175</PlanWebsite></Plan><Plan Type="SingleFamily"><PlanNumber>184564348583343668659667872692</PlanNumber><PlanName>The Peyton</PlanName><PlanNotAvailable>0</PlanNotAvailable><PlanTypeName>Single Family</PlanTypeName><BasePrice>399900.00</BasePrice><BaseSqft>2561</BaseSqft><Baths>2</Baths><HalfBaths>1</HalfBaths><Bedrooms MasterBedLocation="Down">4</Bedrooms><Garage>2.5</Garage><Description>Welcome to Heartland Builders of NWI. My name is Rick Mossell; I have been building homes for over 25 years and have built over 600 homes. My goal has always been the same: To build you   quality home. To make the process as smooth as possible by me personally, the builder, working with you from start to finish. No middle people. Fewer things can go wrong this way. To build your dream home.</Description><PlanImages><ElevationImage SequencePosition="1" ReferenceType="URL">https://www.heartlandbuild.com/uploads/image/twostory-peyton-full.jpg</ElevationImage><ElevationImage SequencePosition="2" ReferenceType="URL">https://www.heartlandbuild.com/uploads/image/Exterior%20use%20ofor%20website%20and%20brochure(2).jpg</ElevationImage><ElevationImage SequencePosition="3" ReferenceType="URL">https://www.heartlandbuild.com/uploads/image/twostory-peyton-02.jpg</ElevationImage><ElevationImage SequencePosition="4" ReferenceType="URL">https://www.heartlandbuild.com/uploads/image/twostory-peyton-03.jpg</ElevationImage><ElevationImage SequencePosition="5" ReferenceType="URL">https://www.heartlandbuild.com/uploads/image/twostory-peyton-04.jpg</ElevationImage><ElevationImage SequencePosition="6" ReferenceType="URL">https://www.heartlandbuild.com/uploads/image/twostory-peyton-05.jpg</ElevationImage><ElevationImage SequencePosition="7" ReferenceType="URL">https://www.heartlandbuild.com/uploads/image/twostory-peyton-06.jpg</ElevationImage><ElevationImage SequencePosition="8" ReferenceType="URL">https://www.heartlandbuild.com/uploads/image/twostory-peyton-07.jpg</ElevationImage></PlanImages><PlanWebsite>https://www.heartlandbuild.com/home-gallery.php?id=141</PlanWebsite></Plan><Plan Type="SingleFamily"><PlanNumber>25293082795305619293899041168</PlanNumber><PlanName>The Kristen II</PlanName><PlanNotAvailable>0</PlanNotAvailable><PlanTypeName>Single Family</PlanTypeName><BasePrice>386900.00</BasePrice><BaseSqft>2479</BaseSqft><Baths>2</Baths><HalfBaths>1</HalfBaths><Bedrooms MasterBedLocation="Down">4</Bedrooms><Garage>2.5</Garage><Description>Welcome to Heartland Builders of NWI. My name is Rick Mossell; I have been building homes for over 25 years and have built over 600 homes. My goal has always been the same: To build you   quality home. To make the process as smooth as possible by me personally, the builder, working with you from start to finish. No middle people. Fewer things can go wrong this way. To build your dream home.</Description><PlanImages><ElevationImage SequencePosition="1" ReferenceType="URL">https://www.heartlandbuild.com/uploads/image/twostory-kristen-two-full.jpg</ElevationImage><ElevationImage SequencePosition="2" ReferenceType="URL">https://www.heartlandbuild.com/uploads/image/twostory-kristen-two-full.jpg</ElevationImage></PlanImages><PlanWebsite>https://www.heartlandbuild.com/home-gallery.php?id=138</PlanWebsite></Plan><Plan Type="SingleFamily"><PlanNumber>243766646750252439274369353406</PlanNumber><PlanName>The Brittney</PlanName><PlanNotAvailable>0</PlanNotAvailable><PlanTypeName>Single Family</PlanTypeName><BasePrice>401900.00</BasePrice><BaseSqft>2002</BaseSqft><Baths>2</Baths><HalfBaths>0</HalfBaths><Bedrooms MasterBedLocation="Down">3</Bedrooms><Garage>2.0</Garage><Description>Welcome to Heartland Builders of NWI. My name is Rick Mossell; I have been building homes for over 25 years and have built over 600 homes. My goal has always been the same: To build you   quality home. To make the process as smooth as possible by me personally, the builder, working with you from start to finish. No middle people. Fewer things can go wrong this way. To build your dream home.</Description><PlanImages><ElevationImage SequencePosition="1" ReferenceType="URL">https://www.heartlandbuild.com/uploads/image/Brittney%20exterior.jpg</ElevationImage><ElevationImage SequencePosition="2" ReferenceType="URL">https://www.heartlandbuild.com/uploads/image/Brittney%20exterior.jpg</ElevationImage></PlanImages><PlanWebsite>https://www.heartlandbuild.com/home-gallery.php?id=156</PlanWebsite></Plan><Plan Type="SingleFamily"><PlanNumber>987123978009455983773776881107</PlanNumber><PlanName>The Journey</PlanName><PlanNotAvailable>0</PlanNotAvailable><PlanTypeName>Single Family</PlanTypeName><BasePrice>373900.00</BasePrice><BaseSqft>1727</BaseSqft><Baths>2</Baths><HalfBaths>0</HalfBaths><Bedrooms MasterBedLocation="Down">3</Bedrooms><Garage>2.0</Garage><Description>Welcome to Heartland Builders of NWI. My name is Rick Mossell; I have been building homes for over 25 years and have built over 600 homes. My goal has always been the same: To build you   quality home. To make the process as smooth as possible by me personally, the builder, working with you from start to finish. No middle people. Fewer things can go wrong this way. To build your dream home.</Description><PlanImages><ElevationImage SequencePosition="1" ReferenceType="URL">https://www.heartlandbuild.com/uploads/image/Journey%20sketch(2).jpg</ElevationImage><ElevationImage SequencePosition="2" ReferenceType="URL">https://www.heartlandbuild.com/uploads/image/Journey%20sketch(2).jpg</ElevationImage></PlanImages><PlanWebsite>https://www.heartlandbuild.com/home-gallery.php?id=154</PlanWebsite></Plan><Plan Type="SingleFamily"><PlanNumber>732530037141207448027776939240</PlanNumber><PlanName>The Maci</PlanName><PlanNotAvailable>0</PlanNotAvailable><PlanTypeName>Single Family</PlanTypeName><BasePrice>419900.00</BasePrice><BaseSqft>2614</BaseSqft><Baths>2</Baths><HalfBaths>1</HalfBaths><Bedrooms MasterBedLocation="Down">4</Bedrooms><Garage>2.5</Garage><Description>Welcome to Heartland Builders of NWI. My name is Rick Mossell; I have been building homes for over 25 years and have built over 600 homes. My goal has always been the same: To build you   quality home. To make the process as smooth as possible by me personally, the builder, working with you from start to finish. No middle people. Fewer things can go wrong this way. To build your dream home.</Description><PlanImages><ElevationImage SequencePosition="1" ReferenceType="URL">https://www.heartlandbuild.com/uploads/image/180_edited-1.JPG</ElevationImage><ElevationImage SequencePosition="2" ReferenceType="URL">https://www.heartlandbuild.com/uploads/image/180_edited-1.JPG</ElevationImage><ElevationImage SequencePosition="3" ReferenceType="URL">https://www.heartlandbuild.com/uploads/image/1127-Jeanne-CT-0450.jpg</ElevationImage><ElevationImage SequencePosition="4" ReferenceType="URL">https://www.heartlandbuild.com/uploads/image/1127-Jeanne-CT-0454.jpg</ElevationImage><ElevationImage SequencePosition="5" ReferenceType="URL">https://www.heartlandbuild.com/uploads/image/1127-Jeanne-CT-0456.jpg</ElevationImage><ElevationImage SequencePosition="6" ReferenceType="URL">https://www.heartlandbuild.com/uploads/image/1127-Jeanne-CT-0459.jpg</ElevationImage><ElevationImage SequencePosition="7" ReferenceType="URL">https://www.heartlandbuild.com/uploads/image/1127-Jeanne-CT-0460.jpg</ElevationImage><ElevationImage SequencePosition="8" ReferenceType="URL">https://www.heartlandbuild.com/uploads/image/1127-Jeanne-CT-0470.jpg</ElevationImage><ElevationImage SequencePosition="9" ReferenceType="URL">https://www.heartlandbuild.com/uploads/image/1127-Jeanne-CT-0492.jpg</ElevationImage><ElevationImage SequencePosition="10" ReferenceType="URL">https://www.heartlandbuild.com/uploads/image/1127-Jeanne-CT-0499.jpg</ElevationImage><ElevationImage SequencePosition="11" ReferenceType="URL">https://www.heartlandbuild.com/uploads/image/1127-Jeanne-CT-0515.jpg</ElevationImage><ElevationImage SequencePosition="12" ReferenceType="URL">https://www.heartlandbuild.com/uploads/image/1127-Jeanne-CT-0518.jpg</ElevationImage><ElevationImage SequencePosition="13" ReferenceType="URL">https://www.heartlandbuild.com/uploads/image/1127-Jeanne-CT-0538.jpg</ElevationImage><ElevationImage SequencePosition="14" ReferenceType="URL">https://www.heartlandbuild.com/uploads/image/1127-Jeanne-CT-0543.jpg</ElevationImage><ElevationImage SequencePosition="15" ReferenceType="URL">https://www.heartlandbuild.com/uploads/image/1127-Jeanne-CT-0545.jpg</ElevationImage><ElevationImage SequencePosition="16" ReferenceType="URL">https://www.heartlandbuild.com/uploads/image/twostory-maci-full.jpg</ElevationImage><ElevationImage SequencePosition="17" ReferenceType="URL">https://www.heartlandbuild.com/uploads/image/twostory-maci-01.jpg</ElevationImage><ElevationImage SequencePosition="18" ReferenceType="URL">https://www.heartlandbuild.com/uploads/image/twostory-maci-02.jpg</ElevationImage><ElevationImage SequencePosition="19" ReferenceType="URL">https://www.heartlandbuild.com/uploads/image/twostory-maci-03.jpg</ElevationImage><ElevationImage SequencePosition="20" ReferenceType="URL">https://www.heartlandbuild.com/uploads/image/twostory-maci-04.jpg</ElevationImage><ElevationImage SequencePosition="21" ReferenceType="URL">https://www.heartlandbuild.com/uploads/image/twostory-maci-05.jpg</ElevationImage><ElevationImage SequencePosition="22" ReferenceType="URL">https://www.heartlandbuild.com/uploads/image/twostory-maci-06.jpg</ElevationImage><ElevationImage SequencePosition="23" ReferenceType="URL">https://www.heartlandbuild.com/uploads/image/twostory-maci-07.jpg</ElevationImage></PlanImages><PlanWebsite>https://www.heartlandbuild.com/home-gallery.php?id=139</PlanWebsite></Plan><Plan Type="SingleFamily"><PlanNumber>601456593546491619978451800953</PlanNumber><PlanName>The Trevor</PlanName><PlanNotAvailable>0</PlanNotAvailable><PlanTypeName>Single Family</PlanTypeName><BasePrice>423900.00</BasePrice><BaseSqft>2719</BaseSqft><Baths>2</Baths><HalfBaths>1</HalfBaths><Bedrooms MasterBedLocation="Down">4</Bedrooms><Garage>2.5</Garage><Description>Welcome to Heartland Builders of NWI. My name is Rick Mossell; I have been building homes for over 25 years and have built over 600 homes. My goal has always been the same: To build you   quality home. To make the process as smooth as possible by me personally, the builder, working with you from start to finish. No middle people. Fewer things can go wrong this way. To build your dream home.</Description><PlanImages><ElevationImage SequencePosition="1" ReferenceType="URL">https://www.heartlandbuild.com/uploads/image/twostory-trevor.jpg</ElevationImage><ElevationImage SequencePosition="2" ReferenceType="URL">https://www.heartlandbuild.com/uploads/image/twostory-trevor.jpg</ElevationImage></PlanImages><PlanWebsite>https://www.heartlandbuild.com/home-gallery.php?id=142</PlanWebsite></Plan><Plan Type="SingleFamily"><PlanNumber>227327296427452715687899050840</PlanNumber><PlanName>The Tanner</PlanName><PlanNotAvailable>0</PlanNotAvailable><PlanTypeName>Single Family</PlanTypeName><BasePrice>0.00</BasePrice><BaseSqft>1900</BaseSqft><Baths>2</Baths><HalfBaths>1</HalfBaths><Bedrooms MasterBedLocation="Down">3</Bedrooms><Garage>2.0</Garage><Description>Welcome to Heartland Builders of NWI. My name is Rick Mossell; I have been building homes for over 25 years and have built over 600 homes. My goal has always been the same: To build you   quality home. To make the process as smooth as possible by me personally, the builder, working with you from start to finish. No middle people. Fewer things can go wrong this way. To build your dream home.</Description><PlanImages><ElevationImage SequencePosition="1" ReferenceType="URL">https://www.heartlandbuild.com/uploads/image/Screen%20Shot%202019-10-21%20at%2012.05.34%20PM.png</ElevationImage><ElevationImage SequencePosition="2" ReferenceType="URL">https://www.heartlandbuild.com/uploads/image/Screen%20Shot%202019-10-21%20at%2012.05.34%20PM.png</ElevationImage></PlanImages><PlanWebsite>https://www.heartlandbuild.com/home-gallery.php?id=176</PlanWebsite></Plan><Plan Type="SingleFamily"><PlanNumber>614782224498185873767988006423</PlanNumber><PlanName>The AJ</PlanName><PlanNotAvailable>0</PlanNotAvailable><PlanTypeName>Single Family</PlanTypeName><BasePrice>381800.00</BasePrice><BaseSqft>2445</BaseSqft><Baths>2</Baths><HalfBaths>1</HalfBaths><Bedrooms MasterBedLocation="Down">4</Bedrooms><Garage>2.5</Garage><Description>Welcome to Heartland Builders of NWI. My name is Rick Mossell; I have been building homes for over 25 years and have built over 600 homes. My goal has always been the same: To build you   quality home. To make the process as smooth as possible by me personally, the builder, working with you from start to finish. No middle people. Fewer things can go wrong this way. To build your dream home.</Description><PlanImages><ElevationImage SequencePosition="1" ReferenceType="URL">https://www.heartlandbuild.com/uploads/image/IMG_4268.JPG</ElevationImage><ElevationImage SequencePosition="2" ReferenceType="URL">https://www.heartlandbuild.com/uploads/image/IMG_4268.JPG</ElevationImage><ElevationImage SequencePosition="3" ReferenceType="URL">https://www.heartlandbuild.com/uploads/image/IMG_4269.JPG</ElevationImage><ElevationImage SequencePosition="4" ReferenceType="URL">https://www.heartlandbuild.com/uploads/image/IMG_4272.JPG</ElevationImage><ElevationImage SequencePosition="5" ReferenceType="URL">https://www.heartlandbuild.com/uploads/image/IMG_4270.JPG</ElevationImage><ElevationImage SequencePosition="6" ReferenceType="URL">https://www.heartlandbuild.com/uploads/image/IMG_4271.JPG</ElevationImage></PlanImages><PlanWebsite>https://www.heartlandbuild.com/home-gallery.php?id=135</PlanWebsite></Plan><Plan Type="SingleFamily"><PlanNumber>881303501799066174550571259436</PlanNumber><PlanName>The Heather</PlanName><PlanNotAvailable>0</PlanNotAvailable><PlanTypeName>Single Family</PlanTypeName><BasePrice>410500.00</BasePrice><BaseSqft>2601</BaseSqft><Baths>2</Baths><HalfBaths>1</HalfBaths><Bedrooms MasterBedLocation="Down">4</Bedrooms><Garage>2.5</Garage><Description>Welcome to Heartland Builders of NWI. My name is Rick Mossell; I have been building homes for over 25 years and have built over 600 homes. My goal has always been the same: To build you   quality home. To make the process as smooth as possible by me personally, the builder, working with you from start to finish. No middle people. Fewer things can go wrong this way. To build your dream home.</Description><PlanImages><ElevationImage SequencePosition="1" ReferenceType="URL">https://www.heartlandbuild.com/uploads/image/twostory-heather-full.jpg</ElevationImage><ElevationImage SequencePosition="2" ReferenceType="URL">https://www.heartlandbuild.com/uploads/image/twostory-heather-full.jpg</ElevationImage></PlanImages><PlanWebsite>https://www.heartlandbuild.com/home-gallery.php?id=137</PlanWebsite></Plan><Plan Type="SingleFamily"><PlanNumber>939083023461448739968749247982</PlanNumber><PlanName>The Bankerhouse 2 Bedroom</PlanName><PlanNotAvailable>0</PlanNotAvailable><PlanTypeName>Single Family</PlanTypeName><BasePrice>0.00</BasePrice><BaseSqft>0</BaseSqft><Baths>1</Baths><HalfBaths>1</HalfBaths><Bedrooms MasterBedLocation="Down">2</Bedrooms><Garage>2.0</Garage><Description>Welcome to Heartland Builders of NWI. My name is Rick Mossell; I have been building homes for over 25 years and have built over 600 homes. My goal has always been the same: To build you   quality home. To make the process as smooth as possible by me personally, the builder, working with you from start to finish. No middle people. Fewer things can go wrong this way. To build your dream home.</Description><PlanImages><ElevationImage SequencePosition="1" ReferenceType="URL">https://www.heartlandbuild.com/uploads/image/Screen%20Shot%202019-10-21%20at%2011.12.47%20AM.png</ElevationImage><ElevationImage SequencePosition="2" ReferenceType="URL">https://www.heartlandbuild.com/uploads/image/Screen%20Shot%202019-10-21%20at%2011.12.47%20AM.png</ElevationImage><ElevationImage SequencePosition="3" ReferenceType="URL">https://www.heartlandbuild.com/uploads/image/Screen%20Shot%202019-10-21%20at%2011.13.10%20AM.png</ElevationImage><ElevationImage SequencePosition="4" ReferenceType="URL">https://www.heartlandbuild.com/uploads/image/Screen%20Shot%202019-10-21%20at%2011.12.59%20AM.png</ElevationImage><ElevationImage SequencePosition="5" ReferenceType="URL">https://www.heartlandbuild.com/uploads/image/Screen%20Shot%202019-10-21%20at%2011.12.18%20AM.png</ElevationImage></PlanImages><PlanWebsite>https://www.heartlandbuild.com/home-gallery.php?id=174</PlanWebsite></Plan><Plan Type="SingleFamily"><PlanNumber>703206329939258612873564174088</PlanNumber><PlanName>The Isabell</PlanName><PlanNotAvailable>0</PlanNotAvailable><PlanTypeName>Single Family</PlanTypeName><BasePrice>406900.00</BasePrice><BaseSqft>2445</BaseSqft><Baths>2</Baths><HalfBaths>1</HalfBaths><Bedrooms MasterBedLocation="Down">4</Bedrooms><Garage>2.5</Garage><Description>Welcome to Heartland Builders of NWI. My name is Rick Mossell; I have been building homes for over 25 years and have built over 600 homes. My goal has always been the same: To build you   quality home. To make the process as smooth as possible by me personally, the builder, working with you from start to finish. No middle people. Fewer things can go wrong this way. To build your dream home.</Description><PlanImages><ElevationImage SequencePosition="1" ReferenceType="URL">https://www.heartlandbuild.com/uploads/image/IMG_5677.JPG</ElevationImage><ElevationImage SequencePosition="2" ReferenceType="URL">https://www.heartlandbuild.com/uploads/image/IMG_5677.JPG</ElevationImage><ElevationImage SequencePosition="3" ReferenceType="URL">https://www.heartlandbuild.com/uploads/image/IMG_5674.JPG</ElevationImage><ElevationImage SequencePosition="4" ReferenceType="URL">https://www.heartlandbuild.com/uploads/image/IMG_5664.JPG</ElevationImage><ElevationImage SequencePosition="5" ReferenceType="URL">https://www.heartlandbuild.com/uploads/image/IMG_5671.JPG</ElevationImage><ElevationImage SequencePosition="6" ReferenceType="URL">https://www.heartlandbuild.com/uploads/image/IMG_5667.JPG</ElevationImage><ElevationImage SequencePosition="7" ReferenceType="URL">https://www.heartlandbuild.com/uploads/image/IMG_5681.JPG</ElevationImage><ElevationImage SequencePosition="8" ReferenceType="URL">https://www.heartlandbuild.com/uploads/image/IMG_5678.JPG</ElevationImage><ElevationImage SequencePosition="9" ReferenceType="URL">https://www.heartlandbuild.com/uploads/image/IMG_5672.JPG</ElevationImage><ElevationImage SequencePosition="10" ReferenceType="URL">https://www.heartlandbuild.com/uploads/image/IMG_5663.JPG</ElevationImage><ElevationImage SequencePosition="11" ReferenceType="URL">https://www.heartlandbuild.com/uploads/image/IMG_5661.JPG</ElevationImage><ElevationImage SequencePosition="12" ReferenceType="URL">https://www.heartlandbuild.com/uploads/image/IMG_5649.JPG</ElevationImage><ElevationImage SequencePosition="13" ReferenceType="URL">https://www.heartlandbuild.com/uploads/image/IMG_5660.JPG</ElevationImage><ElevationImage SequencePosition="14" ReferenceType="URL">https://www.heartlandbuild.com/uploads/image/IMG_5657.JPG</ElevationImage><ElevationImage SequencePosition="15" ReferenceType="URL">https://www.heartlandbuild.com/uploads/image/IMG_5640.JPG</ElevationImage><ElevationImage SequencePosition="16" ReferenceType="URL">https://www.heartlandbuild.com/uploads/image/IMG_5642.JPG</ElevationImage><ElevationImage SequencePosition="17" ReferenceType="URL">https://www.heartlandbuild.com/uploads/image/IMG_5643.JPG</ElevationImage><ElevationImage SequencePosition="18" ReferenceType="URL">https://www.heartlandbuild.com/uploads/image/IMG_5645.JPG</ElevationImage></PlanImages><PlanWebsite>https://www.heartlandbuild.com/home-gallery.php?id=148</PlanWebsite></Plan><Plan Type="SingleFamily"><PlanNumber>803352871584804332002443124396</PlanNumber><PlanName>The Melissa</PlanName><PlanNotAvailable>0</PlanNotAvailable><PlanTypeName>Single Family</PlanTypeName><BasePrice>434900.00</BasePrice><BaseSqft>2160</BaseSqft><Baths>2</Baths><HalfBaths>0</HalfBaths><Bedrooms MasterBedLocation="Down">3</Bedrooms><Garage>2.5</Garage><Description>Welcome to Heartland Builders of NWI. My name is Rick Mossell; I have been building homes for over 25 years and have built over 600 homes. My goal has always been the same: To build you   quality home. To make the process as smooth as possible by me personally, the builder, working with you from start to finish. No middle people. Fewer things can go wrong this way. To build your dream home.</Description><PlanImages><ElevationImage SequencePosition="1" ReferenceType="URL">https://www.heartlandbuild.com/uploads/image/open%20concept%20picture.jpg</ElevationImage><ElevationImage SequencePosition="2" ReferenceType="URL">https://www.heartlandbuild.com/uploads/image/open%20concept%20picture.jpg</ElevationImage><ElevationImage SequencePosition="3" ReferenceType="URL">https://www.heartlandbuild.com/uploads/image/stairs.jpg</ElevationImage><ElevationImage SequencePosition="4" ReferenceType="URL">https://www.heartlandbuild.com/uploads/image/kitchen.jpg</ElevationImage><ElevationImage SequencePosition="5" ReferenceType="URL">https://www.heartlandbuild.com/uploads/image/fireplace.jpg</ElevationImage><ElevationImage SequencePosition="6" ReferenceType="URL">https://www.heartlandbuild.com/uploads/image/four%20season%20room.jpg</ElevationImage><ElevationImage SequencePosition="7" ReferenceType="URL">https://www.heartlandbuild.com/uploads/image/heartlandhomes-10(1).jpg</ElevationImage><ElevationImage SequencePosition="8" ReferenceType="URL">https://www.heartlandbuild.com/uploads/image/heartlandhomes-11(1).jpg</ElevationImage><ElevationImage SequencePosition="9" ReferenceType="URL">https://www.heartlandbuild.com/uploads/image/heartlandhomes-9(1).jpg</ElevationImage><ElevationImage SequencePosition="10" ReferenceType="URL">https://www.heartlandbuild.com/uploads/image/heartlandhomes-5(1).jpg</ElevationImage><ElevationImage SequencePosition="11" ReferenceType="URL">https://www.heartlandbuild.com/uploads/image/heartlandhomes-6(1).jpg</ElevationImage><ElevationImage SequencePosition="12" ReferenceType="URL">https://www.heartlandbuild.com/uploads/image/front%20door.jpg</ElevationImage><ElevationImage SequencePosition="13" ReferenceType="URL">https://www.heartlandbuild.com/uploads/image/heartlandhomes-18.jpg</ElevationImage><ElevationImage SequencePosition="14" ReferenceType="URL">https://www.heartlandbuild.com/uploads/image/IMG_3608.JPG</ElevationImage></PlanImages><PlanWebsite>https://www.heartlandbuild.com/home-gallery.php?id=129</PlanWebsite></Plan><Plan Type="SingleFamily"><PlanNumber>51003649429668029719261583433</PlanNumber><PlanName>The Sierra</PlanName><PlanNotAvailable>0</PlanNotAvailable><PlanTypeName>Single Family</PlanTypeName><BasePrice>449900.00</BasePrice><BaseSqft>2552</BaseSqft><Baths>2</Baths><HalfBaths>1</HalfBaths><Bedrooms MasterBedLocation="Down">4</Bedrooms><Garage>2.5</Garage><Description>Welcome to Heartland Builders of NWI. My name is Rick Mossell; I have been building homes for over 25 years and have built over 600 homes. My goal has always been the same: To build you   quality home. To make the process as smooth as possible by me personally, the builder, working with you from start to finish. No middle people. Fewer things can go wrong this way. To build your dream home.</Description><PlanImages><ElevationImage SequencePosition="1" ReferenceType="URL">https://www.heartlandbuild.com/uploads/image/onehalfstory-sierra-full.jpg</ElevationImage><ElevationImage SequencePosition="2" ReferenceType="URL">https://www.heartlandbuild.com/uploads/image/onehalfstory-sierra-full.jpg</ElevationImage><ElevationImage SequencePosition="3" ReferenceType="URL">https://www.heartlandbuild.com/uploads/image/onehalfstory-sierra-01.jpg</ElevationImage><ElevationImage SequencePosition="4" ReferenceType="URL">https://www.heartlandbuild.com/uploads/image/onehalfstory-sierra-04.jpg</ElevationImage><ElevationImage SequencePosition="5" ReferenceType="URL">https://www.heartlandbuild.com/uploads/image/onehalfstory-sierra-05.jpg</ElevationImage><ElevationImage SequencePosition="6" ReferenceType="URL">https://www.heartlandbuild.com/uploads/image/onehalfstory-sierra-06.jpg</ElevationImage><ElevationImage SequencePosition="7" ReferenceType="URL">https://www.heartlandbuild.com/uploads/image/onehalfstory-sierra-07.jpg</ElevationImage><ElevationImage SequencePosition="8" ReferenceType="URL">https://www.heartlandbuild.com/uploads/image/onehalfstory-sierra-02.jpg</ElevationImage><ElevationImage SequencePosition="9" ReferenceType="URL">https://www.heartlandbuild.com/uploads/image/onehalfstory-sierra-03.jpg</ElevationImage></PlanImages><PlanWebsite>https://www.heartlandbuild.com/home-gallery.php?id=134</PlanWebsite></Plan><Plan Type="SingleFamily"><PlanNumber>977543120808175339085457532092</PlanNumber><PlanName>The Keira</PlanName><PlanNotAvailable>0</PlanNotAvailable><PlanTypeName>Single Family</PlanTypeName><BasePrice>405900.00</BasePrice><BaseSqft>2021</BaseSqft><Baths>2</Baths><HalfBaths>0</HalfBaths><Bedrooms MasterBedLocation="Down">3</Bedrooms><Garage>2.0</Garage><Description>Welcome to Heartland Builders of NWI. My name is Rick Mossell; I have been building homes for over 25 years and have built over 600 homes. My goal has always been the same: To build you   quality home. To make the process as smooth as possible by me personally, the builder, working with you from start to finish. No middle people. Fewer things can go wrong this way. To build your dream home.</Description><PlanImages><ElevationImage SequencePosition="1" ReferenceType="URL">https://www.heartlandbuild.com/uploads/image/ranch-keira-full.jpg</ElevationImage><ElevationImage SequencePosition="2" ReferenceType="URL">https://www.heartlandbuild.com/uploads/image/ranch-keira-full.jpg</ElevationImage><ElevationImage SequencePosition="3" ReferenceType="URL">https://www.heartlandbuild.com/uploads/image/ranch-keira-01.jpg</ElevationImage><ElevationImage SequencePosition="4" ReferenceType="URL">https://www.heartlandbuild.com/uploads/image/ranch-keira-02.jpg</ElevationImage><ElevationImage SequencePosition="5" ReferenceType="URL">https://www.heartlandbuild.com/uploads/image/ranch-keira-03.jpg</ElevationImage><ElevationImage SequencePosition="6" ReferenceType="URL">https://www.heartlandbuild.com/uploads/image/ranch-keira-04.jpg</ElevationImage><ElevationImage SequencePosition="7" ReferenceType="URL">https://www.heartlandbuild.com/uploads/image/ranch-keira-05.jpg</ElevationImage><ElevationImage SequencePosition="8" ReferenceType="URL">https://www.heartlandbuild.com/uploads/image/ranch-keira-06.jpg</ElevationImage><ElevationImage SequencePosition="9" ReferenceType="URL">https://www.heartlandbuild.com/uploads/image/ranch-keira-07(1).jpg</ElevationImage></PlanImages><PlanWebsite>https://www.heartlandbuild.com/home-gallery.php?id=128</PlanWebsite></Plan></Subdivision></Builder></Corporation></Builders>