<Builders DateGenerated="2021-10-22T10:52:22"><Corporation><CorporateBuilderNumber>24889</CorporateBuilderNumber><CorporateState>FL</CorporateState><CorporateName>Better Built Homes, LLC</CorporateName><Builder><BuilderNumber>52915</BuilderNumber><BrandName>Anthony Fiore Construction</BrandName><BrandLogo_Med ReferenceType="URL">https://www.fioreconstruction.com/templates/rt_protean/custom/images/140117_Logo_Fiore-Construction-Kopie.png</BrandLogo_Med><ReportingName>Anthony Fiore Construction</ReportingName><DefaultLeadsEmail LeadsPerMessage="All">leads@thebdx.com</DefaultLeadsEmail><BuilderWebsite>http://betterbuilthomesmi.com/</BuilderWebsite><Subdivision Status="Active"><SubdivisionNumber>52915</SubdivisionNumber><SubdivisionName>Anthony Fiore Construction</SubdivisionName><BuildOnYourLot>0</BuildOnYourLot><SalesOffice><Address OutOfCommunity="0"><Street1>5529 Jada</Street1><City>Highland</City><State>MI</State><ZIP>48356</ZIP></Address><Phone><AreaCode>248</AreaCode><Prefix>894</Prefix><Suffix>6428</Suffix></Phone><Email>info@betterbuilthomesmi.com</Email></SalesOffice><SubDescription>Our goal is simple; to get you into a home that is well built, reliable and affordable.A home you will love and want to show off to your friends and family. There is a big difference between a house and your home. Allow us to show you that difference. At Better Built Homes, we do just what our name implies, and we do it with honesty, integrity and an old-fashioned sense of pride in what we do. With 20 years&#8217; experience in the homebuilding industry, you can count on owner Chuck Burt to build the house of your dreams.</SubDescription><SubWebsite>http://betterbuilthomesmi.com/</SubWebsite><Plan Type="SingleFamily"><PlanNumber>757952317763217430822647463576</PlanNumber><PlanName>Twin Pines</PlanName><PlanNotAvailable>0</PlanNotAvailable><PlanTypeName>Single Family</PlanTypeName><BasePrice>299000.00</BasePrice><BaseSqft>1964</BaseSqft><Baths>2</Baths><HalfBaths>1</HalfBaths><Bedrooms MasterBedLocation="Down">3</Bedrooms><Garage>1.0</Garage><Description>Our goal is simple; to get you into a home that is well built, reliable and affordable.A home you will love and want to show off to your friends and family. There is a big difference between a house and your home. Allow us to show you that difference. At Better Built Homes, we do just what our name implies, and we do it with honesty, integrity and an old-fashioned sense of pride in what we do. With 20 years&#8217; experience in the homebuilding industry, you can count on owner Chuck Burt to build the house of your dreams.</Description><PlanImages/><PlanWebsite>http://betterbuilthomesmi.com/homes/white-eagle/twin-pines/</PlanWebsite></Plan><Plan Type="SingleFamily"><PlanNumber>901383310067364640105738715297</PlanNumber><PlanName>Cade&#8217;s Cove</PlanName><PlanNotAvailable>0</PlanNotAvailable><PlanTypeName>Single Family</PlanTypeName><BasePrice>329000.00</BasePrice><BaseSqft>2039</BaseSqft><Baths>2</Baths><HalfBaths>1</HalfBaths><Bedrooms MasterBedLocation="Down">3</Bedrooms><Garage>0.0</Garage><Description>Our goal is simple; to get you into a home that is well built, reliable and affordable.A home you will love and want to show off to your friends and family. There is a big difference between a house and your home. Allow us to show you that difference. At Better Built Homes, we do just what our name implies, and we do it with honesty, integrity and an old-fashioned sense of pride in what we do. With 20 years&#8217; experience in the homebuilding industry, you can count on owner Chuck Burt to build the house of your dreams.</Description><PlanImages><ElevationImage SequencePosition="1" ReferenceType="URL">http://betterbuilthomesmi.com/wp-content/uploads/2015/12/IMG_5755-300x200.jpg</ElevationImage><ElevationImage SequencePosition="2" ReferenceType="URL">http://betterbuilthomesmi.com/wp-content/uploads/2015/12/IMG_2952-300x200.jpg</ElevationImage><ElevationImage SequencePosition="3" ReferenceType="URL">http://betterbuilthomesmi.com/wp-content/uploads/2015/12/IMG_2953-300x200.jpg</ElevationImage><ElevationImage SequencePosition="4" ReferenceType="URL">http://betterbuilthomesmi.com/wp-content/uploads/2015/12/Burt-House-2-024-300x200.jpg</ElevationImage><ElevationImage SequencePosition="5" ReferenceType="URL">http://betterbuilthomesmi.com/wp-content/uploads/2015/12/Burt-House-2-041-300x200.jpg</ElevationImage><ElevationImage SequencePosition="6" ReferenceType="URL">http://betterbuilthomesmi.com/wp-content/uploads/2015/12/Burt-House-2-004.jpg</ElevationImage><ElevationImage SequencePosition="7" ReferenceType="URL">http://betterbuilthomesmi.com/wp-content/uploads/2015/12/Burt-House-2-009-300x200.jpg</ElevationImage></PlanImages><PlanWebsite>http://betterbuilthomesmi.com/homes/white-eagle/cades-cove/</PlanWebsite></Plan><Plan Type="SingleFamily"><PlanNumber>362468711470834769652592212586</PlanNumber><PlanName>Mystic Creek</PlanName><PlanNotAvailable>0</PlanNotAvailable><PlanTypeName>Single Family</PlanTypeName><BasePrice>319000.00</BasePrice><BaseSqft>1879</BaseSqft><Baths>2</Baths><HalfBaths>0</HalfBaths><Bedrooms MasterBedLocation="Down">3</Bedrooms><Garage>1.0</Garage><Description>Our goal is simple; to get you into a home that is well built, reliable and affordable.A home you will love and want to show off to your friends and family. There is a big difference between a house and your home. Allow us to show you that difference. At Better Built Homes, we do just what our name implies, and we do it with honesty, integrity and an old-fashioned sense of pride in what we do. With 20 years&#8217; experience in the homebuilding industry, you can count on owner Chuck Burt to build the house of your dreams.</Description><PlanImages><ElevationImage SequencePosition="1" ReferenceType="URL">http://betterbuilthomesmi.com/wp-content/uploads/2015/12/IMG_5757-300x200.jpg</ElevationImage></PlanImages><PlanWebsite>http://betterbuilthomesmi.com/homes/white-eagle/mystic-creek/</PlanWebsite></Plan><Plan Type="SingleFamily"><PlanNumber>679464357543565949310075394471</PlanNumber><PlanName>Blue Springs</PlanName><PlanNotAvailable>0</PlanNotAvailable><PlanTypeName>Single Family</PlanTypeName><BasePrice>359000.00</BasePrice><BaseSqft>2215</BaseSqft><Baths>2</Baths><HalfBaths>1</HalfBaths><Bedrooms MasterBedLocation="Down">3</Bedrooms><Garage>2.0</Garage><Description>Our goal is simple; to get you into a home that is well built, reliable and affordable.A home you will love and want to show off to your friends and family. There is a big difference between a house and your home. Allow us to show you that difference. At Better Built Homes, we do just what our name implies, and we do it with honesty, integrity and an old-fashioned sense of pride in what we do. With 20 years&#8217; experience in the homebuilding industry, you can count on owner Chuck Burt to build the house of your dreams.</Description><PlanImages/><PlanWebsite>http://betterbuilthomesmi.com/homes/white-eagle/blue-springs/</PlanWebsite></Plan><Plan Type="SingleFamily"><PlanNumber>510671110051254617561937029593</PlanNumber><PlanName>Eagle&#8217;s Landing</PlanName><PlanNotAvailable>0</PlanNotAvailable><PlanTypeName>Single Family</PlanTypeName><BasePrice>339000.00</BasePrice><BaseSqft>2118</BaseSqft><Baths>2</Baths><HalfBaths>1</HalfBaths><Bedrooms MasterBedLocation="Down">3</Bedrooms><Garage>1.0</Garage><Description>Our goal is simple; to get you into a home that is well built, reliable and affordable.A home you will love and want to show off to your friends and family. There is a big difference between a house and your home. Allow us to show you that difference. At Better Built Homes, we do just what our name implies, and we do it with honesty, integrity and an old-fashioned sense of pride in what we do. With 20 years&#8217; experience in the homebuilding industry, you can count on owner Chuck Burt to build the house of your dreams.</Description><PlanImages><ElevationImage SequencePosition="1" ReferenceType="URL">http://betterbuilthomesmi.com/wp-content/uploads/2015/12/IMG_5756-300x200.jpg</ElevationImage></PlanImages><PlanWebsite>http://betterbuilthomesmi.com/homes/white-eagle/eagles-landing/</PlanWebsite></Plan><Plan Type="SingleFamily"><PlanNumber>578761493798620448975982643470</PlanNumber><PlanName>Towering Oaks</PlanName><PlanNotAvailable>0</PlanNotAvailable><PlanTypeName>Single Family</PlanTypeName><BasePrice>309000.00</BasePrice><BaseSqft>2064</BaseSqft><Baths>2</Baths><HalfBaths>1</HalfBaths><Bedrooms MasterBedLocation="Down">4</Bedrooms><Garage>2.0</Garage><Description>Our goal is simple; to get you into a home that is well built, reliable and affordable.A home you will love and want to show off to your friends and family. There is a big difference between a house and your home. Allow us to show you that difference. At Better Built Homes, we do just what our name implies, and we do it with honesty, integrity and an old-fashioned sense of pride in what we do. With 20 years&#8217; experience in the homebuilding industry, you can count on owner Chuck Burt to build the house of your dreams.</Description><PlanImages><ElevationImage SequencePosition="1" ReferenceType="URL">http://betterbuilthomesmi.com/wp-content/uploads/2015/11/bbh_towering-oaks_ext-300x200.jpg</ElevationImage><ElevationImage SequencePosition="2" ReferenceType="URL">http://betterbuilthomesmi.com/wp-content/uploads/2015/12/kitch-300x200.jpg</ElevationImage><ElevationImage SequencePosition="3" ReferenceType="URL">http://betterbuilthomesmi.com/wp-content/uploads/2015/12/Burt-House-052-300x200.jpg</ElevationImage><ElevationImage SequencePosition="4" ReferenceType="URL">http://betterbuilthomesmi.com/wp-content/uploads/2015/12/Burt-House-035-300x200.jpg</ElevationImage><ElevationImage SequencePosition="5" ReferenceType="URL">http://betterbuilthomesmi.com/wp-content/uploads/2015/12/Burt-House-022-300x200.jpg</ElevationImage><ElevationImage SequencePosition="6" ReferenceType="URL">http://betterbuilthomesmi.com/wp-content/uploads/2015/12/Burt-House-012-300x200.jpg</ElevationImage><ElevationImage SequencePosition="7" ReferenceType="URL">http://betterbuilthomesmi.com/wp-content/uploads/2015/12/Burt-House-011-300x200.jpg</ElevationImage></PlanImages><PlanWebsite>http://betterbuilthomesmi.com/homes/white-eagle/towering-oaks/</PlanWebsite></Plan></Subdivision></Builder></Corporation></Builders>