<Builders DateGenerated="2021-10-22T10:58:46"><Corporation><CorporateBuilderNumber>53054</CorporateBuilderNumber><CorporateState>FL</CorporateState><CorporateName>Whalen Custom Homes</CorporateName><Builder><BuilderNumber>21844</BuilderNumber><BrandName>Armstrong Custom Homes</BrandName><BrandLogo_Med ReferenceType="URL">https://static.wixstatic.com/media/85a6e2_2d1a61cf56464582bb88f0bfc5e44afd~mv2.jpg/v1/fill/w_376,h_123,al_c,q_80/85a6e2_2d1a61cf56464582bb88f0bfc5e44afd~mv2.webp</BrandLogo_Med><ReportingName>Armstrong Custom Homes</ReportingName><DefaultLeadsEmail LeadsPerMessage="All">leads@thebdx.com</DefaultLeadsEmail><BuilderWebsite>https://whalencustomhomes.com/</BuilderWebsite><Subdivision Status="Active"><SubdivisionNumber>413509245583229447529451073823</SubdivisionNumber><SubdivisionName>Alexander Pointe</SubdivisionName><BuildOnYourLot>0</BuildOnYourLot><SalesOffice><Address OutOfCommunity="0"><Street1>1515 Flora Del Drive</Street1><City>Fenton</City><State>MO</State><ZIP>63026</ZIP></Address></SalesOffice><SubDescription>Nestled on a quiet established street in Fenton, MO, Alexander Pointe offers 4 lovely &#189; acre custom home building sites in the highly desirable Rockwood School District. Alexander Pointe is located off of Hwy 141 and Hawkins Rd. with easy access to I-44.   These sprawling level lots back to gorgeous mature trees offering both beautiful views and plenty of privacy.  Whalen Custom Homes has hundreds of floor plans for you to consider or we can custom design a plan for you. Do not miss your opportunity to build your dream home in this incredible location.</SubDescription><SubWebsite>https://whalencustomhomes.com/communities/alexander-pointe/</SubWebsite></Subdivision><Subdivision Status="Active"><SubdivisionNumber>511793637617427903016706708667</SubdivisionNumber><SubdivisionName>Stone Mill</SubdivisionName><BuildOnYourLot>0</BuildOnYourLot><SalesOffice><Address OutOfCommunity="0"><Street1>Falstone Mill Court</Street1><City>Wildwood</City><State>MO</State><ZIP>63040</ZIP></Address></SalesOffice><SubDescription> </SubDescription><SubWebsite>https://whalencustomhomes.com/communities/stone-mill/</SubWebsite></Subdivision><Subdivision Status="Active"><SubdivisionNumber>547062796812325375405121560462</SubdivisionNumber><SubdivisionName>Old Towne Parc</SubdivisionName><BuildOnYourLot>0</BuildOnYourLot><SalesOffice><Address OutOfCommunity="0"><Street1>17026 Manchester Road</Street1><City>Wildwood</City><State>MO</State><ZIP>63040</ZIP></Address></SalesOffice><SubDescription>Old Towne Parc is the most recent luxury home development by Whalen Custom Homes. If you are considering Wildwood for your new home, Old Towne Parc is a wonderful representation of the quality craftmanship, design, and character Whalen Custom Homes will be bringing to Wildwood with new developments in the near future. Old Towne Parc is located in the City of Wildwood, near the intersection of Highway 109 and Old Manchester Road and located within walking distance of Wildwood Towne Centre, shopping, restaurants, and recreation facilities. Our home plans are designed to meet your specific needs You can choose from one of our many custom plans or we can develop a plan just for you. Either way you will enjoy limitless features and elegant exteriors. Pricing will start in the $500s. If you want to live in the Rockwood School District, with an amazing home site and a distinctive, elegant home design, then please call Mike Whalen at 314-575-7645 to set up your consultation. If you would like any additional information, please send request to mike@whalencustomhomes.com.</SubDescription><SubWebsite>https://whalencustomhomes.com/communities/old-towne-parc/</SubWebsite></Subdivision><Subdivision Status="Active"><SubdivisionNumber>796261796500655512564165455488</SubdivisionNumber><SubdivisionName>Bridlewood</SubdivisionName><BuildOnYourLot>0</BuildOnYourLot><SalesOffice><Address OutOfCommunity="0"><Street1>Bridleridge Crossing Spur</Street1><City>Fenton</City><State>MO</State><ZIP>63049</ZIP></Address></SalesOffice><SubDescription>Nestled in the rolling hills of Southwest St. Louis County, these 49 home sites are situated on a single street with two cul-de-sacs in the highly desirable Rockwood School District. Choose from ridge top sites offering a panoramic vista which can take your breath away or cozier, tree lined perimeter in the valley below, providing privacy to each as the well planned, ample common ground buffers neighboring rear yards. Bridlewood is the ideal location to feature our new floor models which include the sprawling Alsing ranch with nearly 2800 square feet and two 1.5 stories with standard three car garage, the Stevenson with up to 4,185 square feet and the Stratford with 3,200 square feet. The wider, ninety foot frontage will provide a striking street scape with larger separations between homes and we have enhanced our generous features to compliment the brick and stone exteriors to include paver stone driveways, walks and patios as well as built-in irrigation systems to minimize exterior maintenance and preserve the neighborhood&#8217;s long term value. Bridlewood is located in Fenton just minutes from I-44 and Rte. 141, a short three mile drive past horse stables and the Golf Club at Paradise Valley beneath a treed canopy reminiscent of a British countryside and you have arrived at your new home! Drive slowly, or you may miss the occasional deer and wild turkey crossing the picturesque entrance.</SubDescription><SubImage SequencePosition="1" Title="House1" ReferenceType="URL">https://whalencustomhomes.com/wp-content/uploads/2018/01/BridlewoodCoverPhoto.jpg</SubImage><SubWebsite>https://whalencustomhomes.com/communities/bridlewood/</SubWebsite></Subdivision></Builder></Corporation></Builders>