<Builders DateGenerated="2021-10-22T10:56:01"><Corporation><CorporateBuilderNumber>54550</CorporateBuilderNumber><CorporateState>KA</CorporateState><CorporateName>Harding Homes</CorporateName><Builder><BuilderNumber>27872</BuilderNumber><BrandName>Atchison Heller Construction</BrandName><BrandLogo_Med ReferenceType="URL">https://atchisonheller.com/wp-content/uploads/2020/07/AH-new-logo.png</BrandLogo_Med><ReportingName>Atchison-Heller Construction Co</ReportingName><DefaultLeadsEmail LeadsPerMessage="All">leads@thebdx.com</DefaultLeadsEmail><BuilderWebsite>http://www.hardinghomesak.com/</BuilderWebsite><Subdivision Status="Active"><SubdivisionNumber>27872</SubdivisionNumber><SubdivisionName>Atchison Heller Construction</SubdivisionName><BuildOnYourLot>0</BuildOnYourLot><SalesOffice><Address OutOfCommunity="0"><Street1>5771 Heritage Heights Dr</Street1><City>Anchorage</City><State>AK</State><ZIP>99516</ZIP></Address><Phone><AreaCode>907</AreaCode><Prefix>337</Prefix><Suffix>9109</Suffix></Phone><Email>harding@gci.net</Email></SalesOffice><SubDescription>Harding Homes Of Alaska's friendly and knowledgeable team is ready to handle every part of the construction process for you. From building permits to the bathroom sink our team has risen to every challenge.  We've been building custom homes for residents of the Anchorage since 1998.  Over the years our mission is to make the building process as stress-free as possible. Attention to detail is critical and begins and ends with open communication between our clients and contractors.  We're dedicated to providing our clients with guidance at every phase of the project, from the cost-free estimate to the final walk-through. We're committed to making sure our customers enjoy every moment of creating their custom-built home, and that's why Harding Homes Of Alaska is your premier home builder.</SubDescription><SubImage SequencePosition="1" Title="House1" ReferenceType="URL">https://static.wixstatic.com/media/05aefe_95e287eec0034c35ac36cb985161cd6e.jpg/v1/fill/w_536,h_402,al_c,q_80,usm_0.66_1.00_0.01/05aefe_95e287eec0034c35ac36cb985161cd6e.jpg</SubImage><SubImage SequencePosition="2" Title="House1" ReferenceType="URL">https://static.wixstatic.com/media/05aefe_d958d7691e344c89a9b7f6ad8d6ee562.jpg/v1/fill/w_268,h_201,al_c,q_80,usm_0.66_1.00_0.01/05aefe_d958d7691e344c89a9b7f6ad8d6ee562.jpg</SubImage><SubImage SequencePosition="3" Title="House1" ReferenceType="URL">https://static.wixstatic.com/media/05aefe_418213794b474126b9205510ec6ef02c.jpg/v1/fill/w_268,h_201,al_c,q_80,usm_0.66_1.00_0.01/05aefe_418213794b474126b9205510ec6ef02c.jpg</SubImage><SubImage SequencePosition="4" Title="House1" ReferenceType="URL">https://static.wixstatic.com/media/05aefe_30569607bcc249f7abdfaa8258d4193f.jpg/v1/fill/w_268,h_201,al_c,q_80,usm_0.66_1.00_0.01/05aefe_30569607bcc249f7abdfaa8258d4193f.jpg</SubImage><SubImage SequencePosition="5" Title="House1" ReferenceType="URL">https://static.wixstatic.com/media/05aefe_883365f812064cb08577a7dc74f99141.jpg/v1/fill/w_268,h_201,al_c,q_80,usm_0.66_1.00_0.01/05aefe_883365f812064cb08577a7dc74f99141.jpg</SubImage><SubWebsite>http://www.hardinghomesak.com/</SubWebsite></Subdivision></Builder></Corporation></Builders>