<Builders DateGenerated="2021-10-22T10:52:46"><Corporation><CorporateBuilderNumber>48761</CorporateBuilderNumber><CorporateState>GA</CorporateState><CorporateName>Benjamin Marcus Homes</CorporateName><Builder><BuilderNumber>56818</BuilderNumber><BrandName>ATHENS CONSTRUCTION GROUP</BrandName><BrandLogo_Med ReferenceType="URL">https://secureservercdn.net/166.62.109.86/qh9.bcf.myftpupload.com/wp-content/uploads/2018/09/ACG-LOGO2-300x153.png</BrandLogo_Med><ReportingName>ATHENS CONSTRUCTION GROUP</ReportingName><DefaultLeadsEmail LeadsPerMessage="All">leads@thebdx.com</DefaultLeadsEmail><BuilderWebsite>https://www.benjaminmarcushomes.com/</BuilderWebsite><Subdivision Status="Active"><SubdivisionNumber>190439167919211650829150855078</SubdivisionNumber><SubdivisionName>SIENA AT ST. CLAIR</SubdivisionName><BuildOnYourLot>0</BuildOnYourLot><SalesOffice><Address OutOfCommunity="0"><Street1>Lucca Lane</Street1><City>Upper St. Clair</City><State>PA</State><ZIP>15241</ZIP></Address></SalesOffice><SubDescription>Siena at St. Clair is the latest premiere neighborhood in the South Hills.  With shopping and retail within walking distance to beautiful residential homes, homeowners can experience all the conveniences of a mixed-use community, while having direct access to restaurants, Whole Foods, Route 19, and the South Hills Village Mall.We are pleased to announce that Benjamin Marcus Homes will be the exclusive builder of these highly desired residential units.  Siena at St. Clair will feature 21 patio home units and 12 townhouse units. The patio homes will be available in two basic styles&#8212; ranch and 1.5 story units&#8212;with options for further customization. The townhouses are built in 3 buildings of 4 units, also with customizable features. All homes come complete with granite countertops, beautiful hardwood floors, maple cabinetry and designer lighting packages.</SubDescription><SubImage SequencePosition="1" Title="House1" ReferenceType="URL">https://www.benjaminmarcushomes.com/wp-content/uploads/2020/05/siena-slider-image-12-1200x500.jpeg</SubImage><SubImage SequencePosition="2" Title="House1" ReferenceType="URL">https://www.benjaminmarcushomes.com/wp-content/uploads/2020/05/siena-slider-image-13-1200x500.jpeg</SubImage><SubImage SequencePosition="3" Title="House1" ReferenceType="URL">https://www.benjaminmarcushomes.com/wp-content/uploads/2020/05/siena-slider-image-14-1200x500.jpeg</SubImage><SubImage SequencePosition="4" Title="House1" ReferenceType="URL">https://www.benjaminmarcushomes.com/wp-content/uploads/2020/05/siena-slider-image-15-1200x500.jpeg</SubImage><SubImage SequencePosition="5" Title="House1" ReferenceType="URL">https://www.benjaminmarcushomes.com/wp-content/uploads/2020/05/siena-slider-image-16-1200x500.jpeg</SubImage><SubImage SequencePosition="6" Title="House1" ReferenceType="URL">https://www.benjaminmarcushomes.com/wp-content/uploads/2020/05/204-lucca-lane-slider-image-14-1200x500.jpg</SubImage><SubImage SequencePosition="7" Title="House1" ReferenceType="URL">https://www.benjaminmarcushomes.com/wp-content/uploads/2020/05/siena-slider-image-19-1200x500.jpeg</SubImage><SubImage SequencePosition="8" Title="House1" ReferenceType="URL">https://www.benjaminmarcushomes.com/wp-content/uploads/2020/05/siena-slider-image-17-1200x500.jpeg</SubImage><SubImage SequencePosition="9" Title="House1" ReferenceType="URL">https://www.benjaminmarcushomes.com/wp-content/uploads/2020/05/siena-slider-image-18-1200x500.jpeg</SubImage><SubImage SequencePosition="10" Title="House1" ReferenceType="URL">https://www.benjaminmarcushomes.com/wp-content/uploads/2019/01/siena-slider-image-8-1200x500.jpeg</SubImage><SubImage SequencePosition="11" Title="House1" ReferenceType="URL">https://www.benjaminmarcushomes.com/wp-content/uploads/2019/01/siena-slider-image-7-1200x500.jpeg</SubImage><SubImage SequencePosition="12" Title="House1" ReferenceType="URL">https://www.benjaminmarcushomes.com/wp-content/uploads/2019/01/siena-slider-image-11-1200x500.jpeg</SubImage><SubImage SequencePosition="13" Title="House1" ReferenceType="URL">https://www.benjaminmarcushomes.com/wp-content/uploads/2019/01/siena-slider-image-2-1200x500.jpeg</SubImage><SubImage SequencePosition="14" Title="House1" ReferenceType="URL">https://www.benjaminmarcushomes.com/wp-content/uploads/2019/01/siena-slider-image-9-1200x500.jpeg</SubImage><SubImage SequencePosition="15" Title="House1" ReferenceType="URL">https://www.benjaminmarcushomes.com/wp-content/uploads/2019/01/siena-slider-image-4-1200x500.jpeg</SubImage><SubImage SequencePosition="16" Title="House1" ReferenceType="URL">https://www.benjaminmarcushomes.com/wp-content/uploads/2019/01/siena-slider-image-3-1200x500.jpeg</SubImage><SubImage SequencePosition="17" Title="House1" ReferenceType="URL">https://www.benjaminmarcushomes.com/wp-content/uploads/2019/01/siena-slider-image-6-1200x500.jpeg</SubImage><SubImage SequencePosition="18" Title="House1" ReferenceType="URL">https://www.benjaminmarcushomes.com/wp-content/uploads/2020/05/siena-slider-image-20-1200x500.jpeg</SubImage><SubWebsite>https://www.benjaminmarcushomes.com/our-homes/locations/siena-at-st-clair/</SubWebsite></Subdivision><Subdivision Status="Active"><SubdivisionNumber>222201160928281641650238414987</SubdivisionNumber><SubdivisionName>VENANGO TRAILS</SubdivisionName><BuildOnYourLot>0</BuildOnYourLot><SalesOffice><Address OutOfCommunity="0"><Street1>Venango Trail, Mars</Street1><City>Marshall Township</City><State>PA</State><ZIP>16046</ZIP></Address></SalesOffice><SubDescription>Benjamin Marcus Homes is pleased to be an approved home builder for Venango Trails, in Marshall Township, one of the fastest selling communities in Pittsburgh. While the majority of our developments are located in the South Hills, we&#8217;re pleased to now offer our custom home building experience in the Northern part of the Pittsburgh region for the first time.</SubDescription><SubImage SequencePosition="1" Title="House1" ReferenceType="URL">https://www.benjaminmarcushomes.com/wp-content/uploads/2019/01/venango-trails-slider-image-1-1200x500.jpg</SubImage><SubImage SequencePosition="2" Title="House1" ReferenceType="URL">https://www.benjaminmarcushomes.com/wp-content/uploads/2019/01/venango-trails-slider-image-7-1200x500.jpg</SubImage><SubImage SequencePosition="3" Title="House1" ReferenceType="URL">https://www.benjaminmarcushomes.com/wp-content/uploads/2019/01/venango-trails-slider-image-6-1200x500.jpg</SubImage><SubImage SequencePosition="4" Title="House1" ReferenceType="URL">https://www.benjaminmarcushomes.com/wp-content/uploads/2019/01/venango-trails-slider-image-2-1200x500.jpg</SubImage><SubImage SequencePosition="5" Title="House1" ReferenceType="URL">https://www.benjaminmarcushomes.com/wp-content/uploads/2019/01/venango-trails-slider-image-5-1200x500.jpg</SubImage><SubImage SequencePosition="6" Title="House1" ReferenceType="URL">https://www.benjaminmarcushomes.com/wp-content/uploads/2019/01/venango-trails-slider-image-3-1200x500.jpg</SubImage><SubWebsite>https://www.benjaminmarcushomes.com/our-homes/locations/venango-trails/</SubWebsite></Subdivision><Subdivision Status="Active"><SubdivisionNumber>280972376829863107758658104545</SubdivisionNumber><SubdivisionName>KENSINGTON TRACE</SubdivisionName><BuildOnYourLot>0</BuildOnYourLot><SalesOffice><Address OutOfCommunity="0"><Street1>Buckingham Dr, Venetia</Street1><City>Peters Township</City><State>PA</State><ZIP>15367</ZIP></Address></SalesOffice><SubDescription>We are excited to announce the Kensington Trace development located in Peters Township. Only eight lots are available in this Benjamin Marcus Homes Keystone and Cornerstone Series development. Lots are .23 &#8211; .27 acres and are located directly across from 1.67 acres of open space. We are now taking deposits on this unique neighborhood located within The Hamlet of Springdale.</SubDescription><SubImage SequencePosition="1" Title="House1" ReferenceType="URL">https://www.benjaminmarcushomes.com/wp-content/uploads/2021/09/kensington-trace-slider-images-17-1200x500.jpg</SubImage><SubImage SequencePosition="2" Title="House1" ReferenceType="URL">https://www.benjaminmarcushomes.com/wp-content/uploads/2019/01/kensington-trace-slider-image-6-1200x500.jpg</SubImage><SubImage SequencePosition="3" Title="House1" ReferenceType="URL">https://www.benjaminmarcushomes.com/wp-content/uploads/2020/01/380-buckingham-drive-slider-image-3-1200x500.jpg</SubImage><SubImage SequencePosition="4" Title="House1" ReferenceType="URL">https://www.benjaminmarcushomes.com/wp-content/uploads/2019/01/kensington-trace-slider-image-5-1200x500.jpg</SubImage><SubImage SequencePosition="5" Title="House1" ReferenceType="URL">https://www.benjaminmarcushomes.com/wp-content/uploads/2019/01/kensington-trace-slider-image-2-1200x500.jpg</SubImage><SubImage SequencePosition="6" Title="House1" ReferenceType="URL">https://www.benjaminmarcushomes.com/wp-content/uploads/2020/01/380-buckingham-drive-slider-image-6-1200x500.jpg</SubImage><SubImage SequencePosition="7" Title="House1" ReferenceType="URL">https://www.benjaminmarcushomes.com/wp-content/uploads/2020/01/380-buckingham-drive-slider-image-14-1200x500.jpg</SubImage><SubImage SequencePosition="8" Title="House1" ReferenceType="URL">https://www.benjaminmarcushomes.com/wp-content/uploads/2020/01/380-buckingham-drive-slider-image-7-1200x500.jpg</SubImage><SubImage SequencePosition="9" Title="House1" ReferenceType="URL">https://www.benjaminmarcushomes.com/wp-content/uploads/2020/01/380-buckingham-drive-slider-image-8-1200x500.jpg</SubImage><SubImage SequencePosition="10" Title="House1" ReferenceType="URL">https://www.benjaminmarcushomes.com/wp-content/uploads/2020/01/380-buckingham-drive-slider-image-10-1200x500.jpg</SubImage><SubImage SequencePosition="11" Title="House1" ReferenceType="URL">https://www.benjaminmarcushomes.com/wp-content/uploads/2020/01/380-buckingham-drive-slider-image-5-1200x500.jpg</SubImage><SubImage SequencePosition="12" Title="House1" ReferenceType="URL">https://www.benjaminmarcushomes.com/wp-content/uploads/2019/01/kensington-trace-slider-image-1-1200x500.jpg</SubImage><SubImage SequencePosition="13" Title="House1" ReferenceType="URL">https://www.benjaminmarcushomes.com/wp-content/uploads/2020/01/380-buckingham-drive-slider-image-11-scaled-1200x500.jpg</SubImage><SubImage SequencePosition="14" Title="House1" ReferenceType="URL">https://www.benjaminmarcushomes.com/wp-content/uploads/2019/01/kensington-trace-slider-image-4-1200x500.jpg</SubImage><SubImage SequencePosition="15" Title="House1" ReferenceType="URL">https://www.benjaminmarcushomes.com/wp-content/uploads/2020/01/380-buckingham-drive-slider-image-13-1200x500.jpg</SubImage><SubImage SequencePosition="16" Title="House1" ReferenceType="URL">https://www.benjaminmarcushomes.com/wp-content/uploads/2020/01/380-buckingham-drive-slider-image-26-1200x500.jpg</SubImage><SubWebsite>https://www.benjaminmarcushomes.com/our-homes/locations/kensington-trace/</SubWebsite></Subdivision><Subdivision Status="Active"><SubdivisionNumber>317123605975762631131092612146</SubdivisionNumber><SubdivisionName>TUSCANY</SubdivisionName><BuildOnYourLot>0</BuildOnYourLot><SalesOffice><Address OutOfCommunity="0"><Street1>Villa Dr</Street1><City>Venetia</City><State>PA</State><ZIP>15367</ZIP></Address></SalesOffice><SubDescription>If a large estate setting is in your future, BMH has the perfect location to create your custom home paradise. This development offers acres of land with limitless possibilities. Lots in this development range from 1.1 to 7.4 acres with a tranquil 1.3 acre springfed pond. Treat yourself to breathtaking views, in an area tucked away from high-traffic areas, yet still convenient to all of Peters Township&#8217;s amenities. Additionally, Its location is only one mile from the Peters Township Recreation Center and Peterswood Park. Tuscany represents the prestigious upper level offering in the BMH portfolio.</SubDescription><SubImage SequencePosition="1" Title="House1" ReferenceType="URL">https://www.benjaminmarcushomes.com/wp-content/uploads/2020/05/tuscany-slider-images-18-1200x500.jpg</SubImage><SubImage SequencePosition="2" Title="House1" ReferenceType="URL">https://www.benjaminmarcushomes.com/wp-content/uploads/2020/05/tuscany-slider-images-10-1200x500.jpg</SubImage><SubImage SequencePosition="3" Title="House1" ReferenceType="URL">https://www.benjaminmarcushomes.com/wp-content/uploads/2020/05/tuscany-slider-images-16-1200x500.jpg</SubImage><SubImage SequencePosition="4" Title="House1" ReferenceType="URL">https://www.benjaminmarcushomes.com/wp-content/uploads/2020/05/tuscany-slider-images-17-1200x500.jpg</SubImage><SubImage SequencePosition="5" Title="House1" ReferenceType="URL">https://www.benjaminmarcushomes.com/wp-content/uploads/2020/05/tuscany-slider-images-13-1200x500.jpg</SubImage><SubImage SequencePosition="6" Title="House1" ReferenceType="URL">https://www.benjaminmarcushomes.com/wp-content/uploads/2019/01/tuscany-slider-images-2-1200x500.jpg</SubImage><SubImage SequencePosition="7" Title="House1" ReferenceType="URL">https://www.benjaminmarcushomes.com/wp-content/uploads/2019/01/tuscany-slider-images-7-1200x500.jpg</SubImage><SubImage SequencePosition="8" Title="House1" ReferenceType="URL">https://www.benjaminmarcushomes.com/wp-content/uploads/2019/01/tuscany-slider-images-6-1200x500.jpg</SubImage><SubImage SequencePosition="9" Title="House1" ReferenceType="URL">https://www.benjaminmarcushomes.com/wp-content/uploads/2020/05/tuscany-slider-images-12-1200x500.jpg</SubImage><SubImage SequencePosition="10" Title="House1" ReferenceType="URL">https://www.benjaminmarcushomes.com/wp-content/uploads/2019/01/tuscany-slider-images-1-1200x500.jpg</SubImage><SubImage SequencePosition="11" Title="House1" ReferenceType="URL">https://www.benjaminmarcushomes.com/wp-content/uploads/2020/05/tuscany-slider-images-11-1200x500.jpg</SubImage><SubImage SequencePosition="12" Title="House1" ReferenceType="URL">https://www.benjaminmarcushomes.com/wp-content/uploads/2019/01/tuscany-slider-images-4-1200x500.jpg</SubImage><SubImage SequencePosition="13" Title="House1" ReferenceType="URL">https://www.benjaminmarcushomes.com/wp-content/uploads/2019/01/tuscany-slider-images-5-1200x500.jpg</SubImage><SubImage SequencePosition="14" Title="House1" ReferenceType="URL">https://www.benjaminmarcushomes.com/wp-content/uploads/2019/01/tuscany-slider-images-3-1200x500.jpg</SubImage><SubImage SequencePosition="15" Title="House1" ReferenceType="URL">https://www.benjaminmarcushomes.com/wp-content/uploads/2019/01/tuscany-slider-images-9-1200x500.jpg</SubImage><SubImage SequencePosition="16" Title="House1" ReferenceType="URL">https://www.benjaminmarcushomes.com/wp-content/uploads/2019/01/tuscany-slider-images-8-1200x500.jpg</SubImage><SubImage SequencePosition="17" Title="House1" ReferenceType="URL">https://www.benjaminmarcushomes.com/wp-content/uploads/2020/05/tuscany-slider-images-14-1200x500.jpg</SubImage><SubWebsite>https://www.benjaminmarcushomes.com/our-homes/locations/tuscany/</SubWebsite></Subdivision><Subdivision Status="Active"><SubdivisionNumber>572311310956060422493129787053</SubdivisionNumber><SubdivisionName>EMERALD FIELDS</SubdivisionName><BuildOnYourLot>0</BuildOnYourLot><SalesOffice><Address OutOfCommunity="0"><Street1>Emerald Fields Drive</Street1><City>Mars</City><State>PA</State><ZIP>00000</ZIP></Address></SalesOffice><SubDescription>Benjamin Marcus Homes is delighted to introduce Emerald Fields in Pine Township. It represents our second building development in the northern suburbs of Pittsburgh.This addition to our portfolio offers lots ranging from .5 to 2 acres in a picturesque setting, rich in natural beauty. In addition, Emerald Fields is part of the award-winning Pine-Richland School District.Additionally, Emerald Fields is located on 276 acres along Mt. Pleasant Road in Pine Township. Therefore, the location is one of the best in Pine Township as it allows easy access to major highways (Interstate 79, Interstate 76 and Route 19), shopping, dining, healthcare and professional services in both Allegheny and Butler Counties.</SubDescription><SubImage SequencePosition="1" Title="House1" ReferenceType="URL">https://www.benjaminmarcushomes.com/wp-content/uploads/2020/02/227-murrin-ct-slider-image-4-1200x500.jpg</SubImage><SubImage SequencePosition="2" Title="House1" ReferenceType="URL">https://www.benjaminmarcushomes.com/wp-content/uploads/2019/06/emerald-fields-slider-image-1-1200x500.jpg</SubImage><SubImage SequencePosition="3" Title="House1" ReferenceType="URL">https://www.benjaminmarcushomes.com/wp-content/uploads/2020/03/227-murrin-ct-slider-images-new-4-1200x500.jpg</SubImage><SubImage SequencePosition="4" Title="House1" ReferenceType="URL">https://www.benjaminmarcushomes.com/wp-content/uploads/2020/03/227-murrin-ct-slider-images-new-9-1200x500.jpg</SubImage><SubImage SequencePosition="5" Title="House1" ReferenceType="URL">https://www.benjaminmarcushomes.com/wp-content/uploads/2020/03/227-murrin-ct-slider-images-new-5-1200x500.jpg</SubImage><SubImage SequencePosition="6" Title="House1" ReferenceType="URL">https://www.benjaminmarcushomes.com/wp-content/uploads/2020/03/227-murrin-ct-slider-images-new-6-1200x500.jpg</SubImage><SubImage SequencePosition="7" Title="House1" ReferenceType="URL">https://www.benjaminmarcushomes.com/wp-content/uploads/2020/03/227-murrin-ct-slider-images-new-7-1200x500.jpg</SubImage><SubImage SequencePosition="8" Title="House1" ReferenceType="URL">https://www.benjaminmarcushomes.com/wp-content/uploads/2020/03/227-murrin-ct-slider-images-new-8-1200x500.jpg</SubImage><SubImage SequencePosition="9" Title="House1" ReferenceType="URL">https://www.benjaminmarcushomes.com/wp-content/uploads/2019/06/emerald-fields-slider-image-5-1200x500.jpg</SubImage><SubImage SequencePosition="10" Title="House1" ReferenceType="URL">https://www.benjaminmarcushomes.com/wp-content/uploads/2019/06/emerald-fields-slider-image-6-1200x500.jpg</SubImage><SubImage SequencePosition="11" Title="House1" ReferenceType="URL">https://www.benjaminmarcushomes.com/wp-content/uploads/2019/06/emerald-fields-slider-image-7-1200x500.jpg</SubImage><SubWebsite>https://www.benjaminmarcushomes.com/our-homes/locations/emerald-fields/</SubWebsite></Subdivision><Subdivision Status="Active"><SubdivisionNumber>595065710826838191503869157792</SubdivisionNumber><SubdivisionName>FAIR ACRES</SubdivisionName><BuildOnYourLot>0</BuildOnYourLot><SalesOffice><Address OutOfCommunity="0"><Street1>Fair Acres Dr.</Street1><City>Upper St. Clair</City><State>PA</State><ZIP>15241</ZIP></Address></SalesOffice><SubDescription>The beautiful Fair Acres development, off of Hays Road in Upper St. Clair, offers custom single family home on .35 &#8211; .76 acre homesites. The Fair Acres neighborhood combines luxury and convenience, minutes from Route 19 and close to Interstate 79. Boyce Elementary and Upper St. Clair High School fall within the Blue Ribbon School District and are minutes away. This Cornerstone Series development is within walking distance to Hays Park, and a few miles to Boyce Park and the Upper St. Clair Recreation Center.</SubDescription><SubImage SequencePosition="1" Title="House1" ReferenceType="URL">https://www.benjaminmarcushomes.com/wp-content/uploads/2019/11/fair-acres-slider-image-6-1200x500.jpg</SubImage><SubImage SequencePosition="2" Title="House1" ReferenceType="URL">https://www.benjaminmarcushomes.com/wp-content/uploads/2019/11/fair-acres-slider-image-7-1200x500.jpg</SubImage><SubImage SequencePosition="3" Title="House1" ReferenceType="URL">https://www.benjaminmarcushomes.com/wp-content/uploads/2019/11/fair-acres-slider-image-9-1200x500.jpg</SubImage><SubImage SequencePosition="4" Title="House1" ReferenceType="URL">https://www.benjaminmarcushomes.com/wp-content/uploads/2019/11/fair-acres-slider-image-8-1200x500.jpg</SubImage><SubImage SequencePosition="5" Title="House1" ReferenceType="URL">https://www.benjaminmarcushomes.com/wp-content/uploads/2019/01/fair-acres-slider-image-5-1200x500.jpg</SubImage><SubImage SequencePosition="6" Title="House1" ReferenceType="URL">https://www.benjaminmarcushomes.com/wp-content/uploads/2019/01/fair-acres-slider-image-4-1200x500.jpg</SubImage><SubImage SequencePosition="7" Title="House1" ReferenceType="URL">https://www.benjaminmarcushomes.com/wp-content/uploads/2019/01/fair-acres-slider-image-2-1200x500.jpg</SubImage><SubImage SequencePosition="8" Title="House1" ReferenceType="URL">https://www.benjaminmarcushomes.com/wp-content/uploads/2019/01/fair-acres-slider-image-3-1200x500.jpg</SubImage><SubImage SequencePosition="9" Title="House1" ReferenceType="URL">https://www.benjaminmarcushomes.com/wp-content/uploads/2020/05/116-fair-acres-slider-image-13-1200x500.jpg</SubImage><SubImage SequencePosition="10" Title="House1" ReferenceType="URL">https://www.benjaminmarcushomes.com/wp-content/uploads/2020/05/116-fair-acres-slider-image-14-1200x500.jpg</SubImage><SubImage SequencePosition="11" Title="House1" ReferenceType="URL">https://www.benjaminmarcushomes.com/wp-content/uploads/2020/05/116-fair-acres-slider-image-15-1200x500.jpg</SubImage><SubImage SequencePosition="12" Title="House1" ReferenceType="URL">https://www.benjaminmarcushomes.com/wp-content/uploads/2020/05/116-fair-acres-slider-image-18-1200x500.jpg</SubImage><SubImage SequencePosition="13" Title="House1" ReferenceType="URL">https://www.benjaminmarcushomes.com/wp-content/uploads/2020/05/116-fair-acres-slider-image-17-1200x500.jpg</SubImage><SubImage SequencePosition="14" Title="House1" ReferenceType="URL">https://www.benjaminmarcushomes.com/wp-content/uploads/2020/05/116-fair-acres-slider-image-16-1200x500.jpg</SubImage><SubImage SequencePosition="15" Title="House1" ReferenceType="URL">https://www.benjaminmarcushomes.com/wp-content/uploads/2020/05/116-fair-acres-slider-image-12-1200x500.jpg</SubImage><SubImage SequencePosition="16" Title="House1" ReferenceType="URL">https://www.benjaminmarcushomes.com/wp-content/uploads/2020/05/116-fair-acres-slider-image-11-1200x500.jpg</SubImage><SubImage SequencePosition="17" Title="House1" ReferenceType="URL">https://www.benjaminmarcushomes.com/wp-content/uploads/2020/05/116-fair-acres-slider-image-10-scaled-1200x500.jpg</SubImage><SubImage SequencePosition="18" Title="House1" ReferenceType="URL">https://www.benjaminmarcushomes.com/wp-content/uploads/2020/05/116-fair-acres-slider-image-9-scaled-1200x500.jpg</SubImage><SubImage SequencePosition="19" Title="House1" ReferenceType="URL">https://www.benjaminmarcushomes.com/wp-content/uploads/2020/05/116-fair-acres-slider-image-8-scaled-1200x500.jpg</SubImage><SubWebsite>https://www.benjaminmarcushomes.com/our-homes/locations/fair-acres/</SubWebsite></Subdivision><Subdivision Status="Active"><SubdivisionNumber>66397745809968975466524051367</SubdivisionNumber><SubdivisionName>REGENTS PARK</SubdivisionName><BuildOnYourLot>0</BuildOnYourLot><SalesOffice><Address OutOfCommunity="0"><Street1>Buckingham Dr, Venetia</Street1><City>Peters Township</City><State>PA</State><ZIP>15367</ZIP></Address></SalesOffice><SubDescription>We are now accepting lot reservations for Regent&#8217;s Park, Phase VII of The Hamlet of Springdale in Peters Township. The low-maintenance development will continue to build upon the beauty and serenity that customers have come to know and expect with Benjamin Marcus Homes and The Hamlet of Springdale community, our flagship development in the South Hills of Pittsburgh.Regent&#8217;s Park is located just minutes away from Bower Hill Elementary, Peterswood Park &amp; Reese Park, convenient access to prime shopping and entertainment areas, and is easily accessible from I-79.</SubDescription><SubImage SequencePosition="1" Title="House1" ReferenceType="URL">https://www.benjaminmarcushomes.com/wp-content/uploads/2021/09/regents-park-slider-7-1200x500.jpg</SubImage><SubImage SequencePosition="2" Title="House1" ReferenceType="URL">https://www.benjaminmarcushomes.com/wp-content/uploads/2021/09/regents-park-slider-6-1200x500.jpg</SubImage><SubImage SequencePosition="3" Title="House1" ReferenceType="URL">https://www.benjaminmarcushomes.com/wp-content/uploads/2021/09/regents-park-slider-5-1200x500.jpg</SubImage><SubImage SequencePosition="4" Title="House1" ReferenceType="URL">https://www.benjaminmarcushomes.com/wp-content/uploads/2021/09/regents-park-slider-8-1200x500.jpg</SubImage><SubImage SequencePosition="5" Title="House1" ReferenceType="URL">https://www.benjaminmarcushomes.com/wp-content/uploads/2021/09/regents-park-slider-9-1200x500.jpg</SubImage><SubImage SequencePosition="6" Title="House1" ReferenceType="URL">https://www.benjaminmarcushomes.com/wp-content/uploads/2019/03/newbury-slider-image-13-1200x500.jpg</SubImage><SubImage SequencePosition="7" Title="House1" ReferenceType="URL">https://www.benjaminmarcushomes.com/wp-content/uploads/2019/03/newbury-slider-image-6-1200x500.jpg</SubImage><SubImage SequencePosition="8" Title="House1" ReferenceType="URL">https://www.benjaminmarcushomes.com/wp-content/uploads/2019/03/609-chilliwack-dr-slider-image-8-1200x500.jpg</SubImage><SubImage SequencePosition="9" Title="House1" ReferenceType="URL">https://www.benjaminmarcushomes.com/wp-content/uploads/2019/07/609-chilliwack-dr-slider-image-10-1200x500.jpg</SubImage><SubImage SequencePosition="10" Title="House1" ReferenceType="URL">https://www.benjaminmarcushomes.com/wp-content/uploads/2019/03/newbury-slider-image-10-1200x500.jpg</SubImage><SubImage SequencePosition="11" Title="House1" ReferenceType="URL">https://www.benjaminmarcushomes.com/wp-content/uploads/2019/03/609-chilliwack-dr-slider-image-5-1200x500.jpg</SubImage><SubImage SequencePosition="12" Title="House1" ReferenceType="URL">https://www.benjaminmarcushomes.com/wp-content/uploads/2019/07/609-chilliwack-dr-slider-image-13-1200x500.jpg</SubImage><SubImage SequencePosition="13" Title="House1" ReferenceType="URL">https://www.benjaminmarcushomes.com/wp-content/uploads/2019/07/609-chilliwack-dr-slider-image-16-1200x500.jpg</SubImage><SubImage SequencePosition="14" Title="House1" ReferenceType="URL">https://www.benjaminmarcushomes.com/wp-content/uploads/2019/03/newbury-slider-image-8-1200x500.jpg</SubImage><SubImage SequencePosition="15" Title="House1" ReferenceType="URL">https://www.benjaminmarcushomes.com/wp-content/uploads/2021/09/regents-park-slider-10-1200x500.jpg</SubImage><SubWebsite>https://www.benjaminmarcushomes.com/our-homes/locations/regents-park/</SubWebsite></Subdivision><Subdivision Status="Active"><SubdivisionNumber>689157932261063279979699973367</SubdivisionNumber><SubdivisionName>SUMMERBROOKE</SubdivisionName><BuildOnYourLot>0</BuildOnYourLot><SalesOffice><Address OutOfCommunity="0"><Street1>Spindle Court, Canonsburg</Street1><City>North Strabane Township</City><State>PA</State><ZIP>15317</ZIP></Address></SalesOffice><SubDescription>Introducing 14 fabulous home sites in Summerbrooke at Spindle Court in North Strabane, PA. With various home plans designed for your style of living, including two-story four-bedroom homes, as well as first-floor masters, and a one-level ranch with first-floor master. BMH quality craftsmanship with access to shopping, schools, and community activities, all while having direct access to Route 19, and Interstate 79.</SubDescription><SubImage SequencePosition="1" Title="House1" ReferenceType="URL">https://www.benjaminmarcushomes.com/wp-content/uploads/2019/01/summerbrooke-slider-image-1-1200x500.jpg</SubImage><SubImage SequencePosition="2" Title="House1" ReferenceType="URL">https://www.benjaminmarcushomes.com/wp-content/uploads/2019/01/summerbrooke-slider-image-2-1200x500.jpg</SubImage><SubImage SequencePosition="3" Title="House1" ReferenceType="URL">https://www.benjaminmarcushomes.com/wp-content/uploads/2019/01/summerbrooke-slider-image-3-1200x500.jpg</SubImage><SubImage SequencePosition="4" Title="House1" ReferenceType="URL">https://www.benjaminmarcushomes.com/wp-content/uploads/2019/01/summerbrooke-slider-image-4-1200x500.jpg</SubImage><SubImage SequencePosition="5" Title="House1" ReferenceType="URL">https://www.benjaminmarcushomes.com/wp-content/uploads/2019/01/summerbrooke-slider-image-5-1200x500.jpg</SubImage><SubImage SequencePosition="6" Title="House1" ReferenceType="URL">https://www.benjaminmarcushomes.com/wp-content/uploads/2019/01/summerbrooke-slider-image-6-1200x500.jpg</SubImage><SubWebsite>https://www.benjaminmarcushomes.com/our-homes/locations/summerbrooke/</SubWebsite></Subdivision><Subdivision Status="Active"><SubdivisionNumber>742452472411804715142626960172</SubdivisionNumber><SubdivisionName>MALLARD POND</SubdivisionName><BuildOnYourLot>0</BuildOnYourLot><SalesOffice><Address OutOfCommunity="0"><Street1>785 Spang Rd</Street1><City>Baden</City><State>PA</State><ZIP>15005</ZIP></Address></SalesOffice><SubDescription>Benjamin Marcus Homes is proud to announce Mallard Pond, our third building location in Pittsburgh&#8217;s northern suburbs.In addition, Mallard Pond is located in Marshall Twp in the  North Allegheny School District.After that, Mallard Pond has easy access to major highways (Interstate 79, Interstate 76 and Route 19), shopping, dining, healthcare and professional services in both Allegheny and Butler Counties. For instance, the development is two minutes from Knob Hill Park and 6 minutes from Marshall Campus/North Allegheny Schools.</SubDescription><SubImage SequencePosition="1" Title="House1" ReferenceType="URL">https://www.benjaminmarcushomes.com/wp-content/uploads/2021/01/mallard-pond-slider-image-11-1200x500.jpg</SubImage><SubImage SequencePosition="2" Title="House1" ReferenceType="URL">https://www.benjaminmarcushomes.com/wp-content/uploads/2021/01/mallard-pond-slider-image-20-1200x500.jpg</SubImage><SubImage SequencePosition="3" Title="House1" ReferenceType="URL">https://www.benjaminmarcushomes.com/wp-content/uploads/2021/01/mallard-pond-slider-image-12-1200x500.jpg</SubImage><SubImage SequencePosition="4" Title="House1" ReferenceType="URL">https://www.benjaminmarcushomes.com/wp-content/uploads/2021/01/mallard-pond-slider-image-22-1200x500.jpg</SubImage><SubImage SequencePosition="5" Title="House1" ReferenceType="URL">https://www.benjaminmarcushomes.com/wp-content/uploads/2021/01/mallard-pond-slider-image-13-1200x500.jpg</SubImage><SubImage SequencePosition="6" Title="House1" ReferenceType="URL">https://www.benjaminmarcushomes.com/wp-content/uploads/2021/01/mallard-pond-slider-image-23-1200x500.jpg</SubImage><SubImage SequencePosition="7" Title="House1" ReferenceType="URL">https://www.benjaminmarcushomes.com/wp-content/uploads/2021/01/mallard-pond-slider-image-10-1200x500.jpg</SubImage><SubImage SequencePosition="8" Title="House1" ReferenceType="URL">https://www.benjaminmarcushomes.com/wp-content/uploads/2021/01/mallard-pond-slider-image-16-1200x500.jpg</SubImage><SubImage SequencePosition="9" Title="House1" ReferenceType="URL">https://www.benjaminmarcushomes.com/wp-content/uploads/2021/01/mallard-pond-slider-image-17-1200x500.jpg</SubImage><SubImage SequencePosition="10" Title="House1" ReferenceType="URL">https://www.benjaminmarcushomes.com/wp-content/uploads/2021/01/mallard-pond-slider-image-26-1200x500.jpg</SubImage><SubImage SequencePosition="11" Title="House1" ReferenceType="URL">https://www.benjaminmarcushomes.com/wp-content/uploads/2021/01/mallard-pond-slider-image-25-1200x500.jpg</SubImage><SubImage SequencePosition="12" Title="House1" ReferenceType="URL">https://www.benjaminmarcushomes.com/wp-content/uploads/2021/01/mallard-pond-slider-image-14-1200x500.jpg</SubImage><SubImage SequencePosition="13" Title="House1" ReferenceType="URL">https://www.benjaminmarcushomes.com/wp-content/uploads/2021/01/mallard-pond-slider-image-24-1200x500.jpg</SubImage><SubImage SequencePosition="14" Title="House1" ReferenceType="URL">https://www.benjaminmarcushomes.com/wp-content/uploads/2019/01/mallard-pond-slider-image-2-1200x500.jpg</SubImage><SubImage SequencePosition="15" Title="House1" ReferenceType="URL">https://www.benjaminmarcushomes.com/wp-content/uploads/2021/01/mallard-pond-slider-image-18-1200x500.jpg</SubImage><SubImage SequencePosition="16" Title="House1" ReferenceType="URL">https://www.benjaminmarcushomes.com/wp-content/uploads/2021/01/mallard-pond-slider-image-21-1200x500.jpg</SubImage><SubImage SequencePosition="17" Title="House1" ReferenceType="URL">https://www.benjaminmarcushomes.com/wp-content/uploads/2021/01/mallard-pond-slider-image-9-1200x500.jpg</SubImage><SubImage SequencePosition="18" Title="House1" ReferenceType="URL">https://www.benjaminmarcushomes.com/wp-content/uploads/2021/01/mallard-pond-slider-image-19-1200x500.jpg</SubImage><SubImage SequencePosition="19" Title="House1" ReferenceType="URL">https://www.benjaminmarcushomes.com/wp-content/uploads/2021/01/mallard-pond-slider-image-15-1200x500.jpg</SubImage><SubWebsite>https://www.benjaminmarcushomes.com/our-homes/locations/mallard-pond/</SubWebsite></Subdivision><Subdivision Status="Active"><SubdivisionNumber>86147674396466569861200170363</SubdivisionNumber><SubdivisionName>IRONWOOD</SubdivisionName><BuildOnYourLot>0</BuildOnYourLot><SalesOffice><Address OutOfCommunity="0"><Street1>Lelak Ln, Venetia</Street1><City>Peters Township</City><State>PA</State><ZIP>15367</ZIP></Address></SalesOffice><SubDescription>Ironwood is located in the heart of Peters Township and consists of 21 beautiful single-family homes. These Cornerstone Series homes boast .5+ acre plots. This development is located near Peterswood Park and Scenic Valley Golf Course with easy access to Route 19 and Interstate 79. </SubDescription><SubImage SequencePosition="1" Title="House1" ReferenceType="URL">https://www.benjaminmarcushomes.com/wp-content/uploads/2019/12/ironwood-slider-image-19-scaled-1200x500.jpg</SubImage><SubImage SequencePosition="2" Title="House1" ReferenceType="URL">https://www.benjaminmarcushomes.com/wp-content/uploads/2019/12/ironwood-slider-image-18-scaled-1200x500.jpg</SubImage><SubImage SequencePosition="3" Title="House1" ReferenceType="URL">https://www.benjaminmarcushomes.com/wp-content/uploads/2019/12/ironwood-slider-image-17-scaled-1200x500.jpg</SubImage><SubImage SequencePosition="4" Title="House1" ReferenceType="URL">https://www.benjaminmarcushomes.com/wp-content/uploads/2019/12/ironwood-slider-image-12-scaled-1200x500.jpg</SubImage><SubImage SequencePosition="5" Title="House1" ReferenceType="URL">https://www.benjaminmarcushomes.com/wp-content/uploads/2019/12/ironwood-slider-image-15-scaled-1200x500.jpg</SubImage><SubImage SequencePosition="6" Title="House1" ReferenceType="URL">https://www.benjaminmarcushomes.com/wp-content/uploads/2019/01/ironwood-slider-image-1-1200x500.jpg</SubImage><SubImage SequencePosition="7" Title="House1" ReferenceType="URL">https://www.benjaminmarcushomes.com/wp-content/uploads/2019/12/ironwood-slider-image-16-scaled-1200x500.jpg</SubImage><SubImage SequencePosition="8" Title="House1" ReferenceType="URL">https://www.benjaminmarcushomes.com/wp-content/uploads/2019/01/ironwood-slider-image-3-1200x500.jpg</SubImage><SubImage SequencePosition="9" Title="House1" ReferenceType="URL">https://www.benjaminmarcushomes.com/wp-content/uploads/2019/12/ironwood-slider-image-11-scaled-1200x500.jpg</SubImage><SubImage SequencePosition="10" Title="House1" ReferenceType="URL">https://www.benjaminmarcushomes.com/wp-content/uploads/2019/01/ironwood-slider-image-4-1200x500.jpg</SubImage><SubImage SequencePosition="11" Title="House1" ReferenceType="URL">https://www.benjaminmarcushomes.com/wp-content/uploads/2019/12/ironwood-slider-image-10-scaled-1200x500.jpg</SubImage><SubImage SequencePosition="12" Title="House1" ReferenceType="URL">https://www.benjaminmarcushomes.com/wp-content/uploads/2019/12/ironwood-slider-image-9-scaled-1200x500.jpg</SubImage><SubImage SequencePosition="13" Title="House1" ReferenceType="URL">https://www.benjaminmarcushomes.com/wp-content/uploads/2019/01/ironwood-slider-image-2-1200x500.jpg</SubImage><SubImage SequencePosition="14" Title="House1" ReferenceType="URL">https://www.benjaminmarcushomes.com/wp-content/uploads/2019/12/ironwood-slider-image-8-scaled-1200x500.jpg</SubImage><SubImage SequencePosition="15" Title="House1" ReferenceType="URL">https://www.benjaminmarcushomes.com/wp-content/uploads/2019/01/ironwood-slider-image-5-1200x500.jpg</SubImage><SubWebsite>https://www.benjaminmarcushomes.com/our-homes/locations/ironwood/</SubWebsite></Subdivision><Subdivision Status="Active"><SubdivisionNumber>883385313976030210166537842976</SubdivisionNumber><SubdivisionName>HAMLET OF SPRINGDALE</SubdivisionName><BuildOnYourLot>0</BuildOnYourLot><SalesOffice><Address OutOfCommunity="0"><Street1>Buckingham Dr, Venetia</Street1><City>Peters Township</City><State>PA</State><ZIP>15367</ZIP></Address></SalesOffice><SubDescription>An enchanting European-style retreat, the Hamlet of Springdale is a beautiful neighborhood setting, offering lots from 0.5 to 0.9 acres. A flagship development for BMH, the Hamlet of Springdale is entering Phase VII with the additional of Regents Park, which we are now taking lot deposits and reservations. These beautiful lots feature 50 ft. building setbacks and a minimum width of 110 ft. at the building line which allows all lots to accommodate both an attached garage and a first-floor master (if desired).</SubDescription><SubImage SequencePosition="1" Title="House1" ReferenceType="URL">https://www.benjaminmarcushomes.com/wp-content/uploads/2019/01/hamlet-slider-images-3-1200x500.jpg</SubImage><SubImage SequencePosition="2" Title="House1" ReferenceType="URL">https://www.benjaminmarcushomes.com/wp-content/uploads/2019/01/hamlet-slider-images-8-1200x500.jpg</SubImage><SubImage SequencePosition="3" Title="House1" ReferenceType="URL">https://www.benjaminmarcushomes.com/wp-content/uploads/2020/05/hamlet-slider-images-13-1200x500.jpg</SubImage><SubImage SequencePosition="4" Title="House1" ReferenceType="URL">https://www.benjaminmarcushomes.com/wp-content/uploads/2019/01/hamlet-slider-images-2-1200x500.jpg</SubImage><SubImage SequencePosition="5" Title="House1" ReferenceType="URL">https://www.benjaminmarcushomes.com/wp-content/uploads/2020/05/hamlet-slider-images-17-1200x500.jpg</SubImage><SubImage SequencePosition="6" Title="House1" ReferenceType="URL">https://www.benjaminmarcushomes.com/wp-content/uploads/2019/01/hamlet-slider-images-1-1200x500.jpg</SubImage><SubImage SequencePosition="7" Title="House1" ReferenceType="URL">https://www.benjaminmarcushomes.com/wp-content/uploads/2020/05/hamlet-slider-images-9-1200x500.jpg</SubImage><SubImage SequencePosition="8" Title="House1" ReferenceType="URL">https://www.benjaminmarcushomes.com/wp-content/uploads/2019/01/hamlet-slider-images-4-1200x500.jpg</SubImage><SubImage SequencePosition="9" Title="House1" ReferenceType="URL">https://www.benjaminmarcushomes.com/wp-content/uploads/2019/01/hamlet-slider-images-6-1200x500.jpg</SubImage><SubImage SequencePosition="10" Title="House1" ReferenceType="URL">https://www.benjaminmarcushomes.com/wp-content/uploads/2020/05/hamlet-slider-images-14-1200x500.jpg</SubImage><SubImage SequencePosition="11" Title="House1" ReferenceType="URL">https://www.benjaminmarcushomes.com/wp-content/uploads/2019/01/hamlet-slider-images-5-1200x500.jpg</SubImage><SubImage SequencePosition="12" Title="House1" ReferenceType="URL">https://www.benjaminmarcushomes.com/wp-content/uploads/2020/05/hamlet-slider-images-18-1200x500.jpg</SubImage><SubImage SequencePosition="13" Title="House1" ReferenceType="URL">https://www.benjaminmarcushomes.com/wp-content/uploads/2020/05/hamlet-slider-images-16-1200x500.jpg</SubImage><SubImage SequencePosition="14" Title="House1" ReferenceType="URL">https://www.benjaminmarcushomes.com/wp-content/uploads/2020/05/hamlet-slider-images-15-1200x500.jpg</SubImage><SubImage SequencePosition="15" Title="House1" ReferenceType="URL">https://www.benjaminmarcushomes.com/wp-content/uploads/2020/05/hamlet-slider-images-10-1200x500.jpg</SubImage><SubImage SequencePosition="16" Title="House1" ReferenceType="URL">https://www.benjaminmarcushomes.com/wp-content/uploads/2020/05/hamlet-slider-images-11-1200x500.jpg</SubImage><SubImage SequencePosition="17" Title="House1" ReferenceType="URL">https://www.benjaminmarcushomes.com/wp-content/uploads/2020/05/hamlet-slider-images-12-1200x500.jpg</SubImage><SubWebsite>https://www.benjaminmarcushomes.com/our-homes/locations/hamlet-of-springdale/</SubWebsite></Subdivision><Subdivision Status="Active"><SubdivisionNumber>92639367819745482124832136815</SubdivisionNumber><SubdivisionName>NEWBURY</SubdivisionName><BuildOnYourLot>0</BuildOnYourLot><SalesOffice><Address OutOfCommunity="0"><Street1>Celebration Circle</Street1><City>Bridgeville</City><State>PA</State><ZIP>15017</ZIP></Address></SalesOffice><SubDescription>Benjamin Marcus Homes is excited to announce Newbury in South Fayette.  As part of our Keystone and Cornerstone Series, Newbury offers townhomes, attached units, ranch-style and single family homes. In addition, Newbury is located within the prestigious South Fayette School District. Therefore, this development is located within one mile of The Club at Nevillewood and only minutes from Interstate 79.</SubDescription><SubImage SequencePosition="1" Title="House1" ReferenceType="URL">https://www.benjaminmarcushomes.com/wp-content/uploads/2019/03/newbury-slider-image-4-1200x500.jpg</SubImage><SubImage SequencePosition="2" Title="House1" ReferenceType="URL">https://www.benjaminmarcushomes.com/wp-content/uploads/2019/03/newbury-slider-image-6-1200x500.jpg</SubImage><SubImage SequencePosition="3" Title="House1" ReferenceType="URL">https://www.benjaminmarcushomes.com/wp-content/uploads/2019/03/newbury-slider-image-5-1200x500.jpg</SubImage><SubImage SequencePosition="4" Title="House1" ReferenceType="URL">https://www.benjaminmarcushomes.com/wp-content/uploads/2019/03/newbury-slider-image-7-1200x500.jpg</SubImage><SubImage SequencePosition="5" Title="House1" ReferenceType="URL">https://www.benjaminmarcushomes.com/wp-content/uploads/2019/03/newbury-slider-image-13-1200x500.jpg</SubImage><SubImage SequencePosition="6" Title="House1" ReferenceType="URL">https://www.benjaminmarcushomes.com/wp-content/uploads/2019/03/newbury-slider-image-8-1200x500.jpg</SubImage><SubImage SequencePosition="7" Title="House1" ReferenceType="URL">https://www.benjaminmarcushomes.com/wp-content/uploads/2019/03/newbury-slider-image-11-1200x500.jpg</SubImage><SubImage SequencePosition="8" Title="House1" ReferenceType="URL">https://www.benjaminmarcushomes.com/wp-content/uploads/2019/03/newbury-slider-image-9-1200x500.jpg</SubImage><SubImage SequencePosition="9" Title="House1" ReferenceType="URL">https://www.benjaminmarcushomes.com/wp-content/uploads/2019/03/newbury-slider-image-10-1200x500.jpg</SubImage><SubImage SequencePosition="10" Title="House1" ReferenceType="URL">https://www.benjaminmarcushomes.com/wp-content/uploads/2019/03/newbury-slider-image-14-1200x500.jpg</SubImage><SubImage SequencePosition="11" Title="House1" ReferenceType="URL">https://www.benjaminmarcushomes.com/wp-content/uploads/2019/03/newbury-slider-image-12-1200x500.jpg</SubImage><SubWebsite>https://www.benjaminmarcushomes.com/our-homes/locations/newbury/</SubWebsite></Subdivision></Builder></Corporation></Builders>