<Builders DateGenerated="2021-10-22T10:54:55"><Corporation><CorporateBuilderNumber>52429</CorporateBuilderNumber><CorporateState>IL</CorporateState><CorporateName>Erbes Construction Ltd</CorporateName><Builder><BuilderNumber>32062</BuilderNumber><BrandName>Autumn Homes</BrandName><BrandLogo_Med ReferenceType="URL">https://www.autumnhomesinc.com/wp-content/uploads/2019/10/logo.png</BrandLogo_Med><ReportingName>Autumn Homes</ReportingName><DefaultLeadsEmail LeadsPerMessage="All">leads@thebdx.com</DefaultLeadsEmail><BuilderWebsite>erbesconstruction.com</BuilderWebsite><Subdivision Status="Active"><SubdivisionNumber>32062</SubdivisionNumber><SubdivisionName>Autumn Homes</SubdivisionName><BuildOnYourLot>0</BuildOnYourLot><SalesOffice><Address OutOfCommunity="0"><Street1>3010 Cleveland Ave</Street1><City>Plover</City><State>WI</State><ZIP>54467</ZIP></Address><Phone><AreaCode>715</AreaCode><Prefix>344</Prefix><Suffix>7499</Suffix></Phone><Email>Erbes@erbesconstruction.com</Email></SalesOffice><SubDescription>We have an office showroom for your convenience and staff available to help you through each step of the building process from designing, drafting, 3-D presentation, product selecting &amp; interior d&#233;cor for both new construction and renovations. We also offer full Real Estate Services.Our goal is to make your home building experience an enjoyable and rewarding one that not only makes you a very satisfied and happy customer, but a friend to our business as well.Building a home is undoubtedly one of the more important personal and financial commitments you&#8217;ll make in your life. Yet, it&#8217;s a decision you&#8217;ll make with relatively little experience to guide you.Quality home construction today requires ongoing evaluation and incorporation of ever-changing building materials and techniques.</SubDescription><SubImage SequencePosition="1" Title="House1" ReferenceType="URL">https://www.stevenspointbusinessdirectory.com/images/stevenspointbusinessdirectorycom/bizcategories/3496/custompages/25677/04D51863-image_1.jpg</SubImage><SubImage SequencePosition="2" Title="House1" ReferenceType="URL">https://www.stevenspointbusinessdirectory.com/images/stevenspointbusinessdirectorycom/bizcategories/3496/custompages/25678/04D6ADD3-image_2.jpg</SubImage><SubImage SequencePosition="3" Title="House1" ReferenceType="URL">https://www.stevenspointbusinessdirectory.com/images/stevenspointbusinessdirectorycom/bizcategories/3496/custompages/25679/04D84D51-image_3.jpg</SubImage><SubImage SequencePosition="4" Title="House1" ReferenceType="URL">https://www.stevenspointbusinessdirectory.com/images/stevenspointbusinessdirectorycom/bizcategories/3496/custompages/25680/04DA5384-image_4.jpg</SubImage><SubImage SequencePosition="5" Title="House1" ReferenceType="URL">https://www.stevenspointbusinessdirectory.com/images/stevenspointbusinessdirectorycom/bizcategories/3496/custompages/25694/04DE2FDE-image_5.jpg</SubImage><SubImage SequencePosition="6" Title="House1" ReferenceType="URL">https://www.stevenspointbusinessdirectory.com/images/stevenspointbusinessdirectorycom/bizcategories/3496/custompages/25695/04E07C7B-image_6.jpg</SubImage><SubWebsite>erbesconstruction.com</SubWebsite></Subdivision></Builder></Corporation></Builders>