<Builders DateGenerated="2021-10-22T10:54:57"><Corporation><CorporateBuilderNumber>11884</CorporateBuilderNumber><CorporateState>CA</CorporateState><CorporateName>Fireside Homes,</CorporateName><Builder><BuilderNumber>24902</BuilderNumber><BrandName>BCA Development</BrandName><BrandLogo_Med ReferenceType="URL">http://bcadevelopment.com/images/flash_homepage.jpg</BrandLogo_Med><ReportingName>BCA Development</ReportingName><DefaultLeadsEmail LeadsPerMessage="All">leads@thebdx.com</DefaultLeadsEmail><BuilderWebsite>http://firesidehomes.com/</BuilderWebsite><Subdivision Status="Active"><SubdivisionNumber>24902</SubdivisionNumber><SubdivisionName>BCA Development</SubdivisionName><BuildOnYourLot>0</BuildOnYourLot><SalesOffice><Address OutOfCommunity="0"><Street1>50 WEST SEMINOLE DRIVE</Street1><City>VENICE</City><State>FL</State><ZIP>34293</ZIP></Address><Phone><AreaCode>941</AreaCode><Prefix>493</Prefix><Suffix>7931</Suffix></Phone><Email>Skip@FiresideHomes.com</Email></SalesOffice><SubDescription>Quality materials, attention to detail and painstaking craftsmanship make Fireside homes a cut above the competition. Each home is uniqiely constructed to fit the needs and tastes of its owners. If you are in the market for a new home, check out what Fireside homes can create for you and your family.</SubDescription><SubImage SequencePosition="1" Title="House1" ReferenceType="URL">http://firesidehomes.com/images/slideshow/Blocks.jpg</SubImage><SubImage SequencePosition="2" Title="House1" ReferenceType="URL">http://firesidehomes.com/images/photos/Model/Front-Model.jpg</SubImage><SubImage SequencePosition="3" Title="House1" ReferenceType="URL">http://firesidehomes.com/images/photos/Model/Kitchen.JPG</SubImage><SubImage SequencePosition="4" Title="House1" ReferenceType="URL">http://firesidehomes.com/images/photos/Model/Living%20Rm.JPG</SubImage><SubImage SequencePosition="5" Title="House1" ReferenceType="URL">http://firesidehomes.com/images/photos/Model/Den.JPG</SubImage><SubWebsite>http://firesidehomes.com/</SubWebsite><Plan Type="SingleFamily"><PlanNumber>742942988641932539154696839781</PlanNumber><PlanName>birchwood</PlanName><PlanNotAvailable>0</PlanNotAvailable><PlanTypeName>Single Family</PlanTypeName><BasePrice>0.00</BasePrice><BaseSqft>1852</BaseSqft><Baths>2</Baths><HalfBaths>0</HalfBaths><Bedrooms MasterBedLocation="Down">3</Bedrooms><Garage>0.0</Garage><Description>We have access to building sites, in nearly every development in the area! Bring us your custom home plans or choose from one of the many popular plans in our library. Click one of the thumbnails below for a PDF sheet with full details.</Description><PlanImages><ElevationImage SequencePosition="1" ReferenceType="URL">http://firesidehomes.com/images/floorPlans/BirchwoodFP.jpg</ElevationImage><ElevationImage SequencePosition="2" ReferenceType="URL">http://firesidehomes.com/images/Renderings/Birchwood.jpg</ElevationImage></PlanImages><PlanWebsite>http://firesidehomes.com/pages/birchwood.html</PlanWebsite></Plan><Plan Type="SingleFamily"><PlanNumber>624054874537380019074971437964</PlanNumber><PlanName>springfield</PlanName><PlanNotAvailable>0</PlanNotAvailable><PlanTypeName>Single Family</PlanTypeName><BasePrice>0.00</BasePrice><BaseSqft>2872</BaseSqft><Baths>2</Baths><HalfBaths>0</HalfBaths><Bedrooms MasterBedLocation="Down">3</Bedrooms><Garage>0.0</Garage><Description>We have access to building sites, in nearly every development in the area! Bring us your custom home plans or choose from one of the many popular plans in our library. Click one of the thumbnails below for a PDF sheet with full details.</Description><PlanImages><ElevationImage SequencePosition="1" ReferenceType="URL">http://firesidehomes.com/images/floorPlans/SpringfieldFP.jpg</ElevationImage><ElevationImage SequencePosition="2" ReferenceType="URL">http://firesidehomes.com/images/Renderings/SpringfieldE.jpg</ElevationImage></PlanImages><PlanWebsite>http://firesidehomes.com/pages/springfield.html</PlanWebsite></Plan><Plan Type="SingleFamily"><PlanNumber>595639479860724098452296359126</PlanNumber><PlanName>danaAnn</PlanName><PlanNotAvailable>0</PlanNotAvailable><PlanTypeName>Single Family</PlanTypeName><BasePrice>0.00</BasePrice><BaseSqft>2526</BaseSqft><Baths>2</Baths><HalfBaths>0</HalfBaths><Bedrooms MasterBedLocation="Down">2</Bedrooms><Garage>0.0</Garage><Description>We have access to building sites, in nearly every development in the area! Bring us your custom home plans or choose from one of the many popular plans in our library. Click one of the thumbnails below for a PDF sheet with full details.</Description><PlanImages><ElevationImage SequencePosition="1" ReferenceType="URL">http://firesidehomes.com/images/floorPlans/danaAnnFP.jpg</ElevationImage><ElevationImage SequencePosition="2" ReferenceType="URL">http://firesidehomes.com/images/Renderings/danaAnnE.jpg</ElevationImage></PlanImages><PlanWebsite>http://firesidehomes.com/pages/danaAnn.html</PlanWebsite></Plan><Plan Type="SingleFamily"><PlanNumber>574171686536195244172932368765</PlanNumber><PlanName>sandraAnn</PlanName><PlanNotAvailable>0</PlanNotAvailable><PlanTypeName>Single Family</PlanTypeName><BasePrice>0.00</BasePrice><BaseSqft>2114</BaseSqft><Baths>2</Baths><HalfBaths>0</HalfBaths><Bedrooms MasterBedLocation="Down">3</Bedrooms><Garage>0.0</Garage><Description>We have access to building sites, in nearly every development in the area! Bring us your custom home plans or choose from one of the many popular plans in our library. Click one of the thumbnails below for a PDF sheet with full details.</Description><PlanImages><ElevationImage SequencePosition="1" ReferenceType="URL">http://firesidehomes.com/images/floorPlans/SandraAnnFP.jpg</ElevationImage><ElevationImage SequencePosition="2" ReferenceType="URL">http://firesidehomes.com/images/Renderings/SandraAnnE.jpg</ElevationImage></PlanImages><PlanWebsite>http://firesidehomes.com/pages/sandraAnn.html</PlanWebsite></Plan><Plan Type="SingleFamily"><PlanNumber>581780961885150853249769981354</PlanNumber><PlanName>monterey</PlanName><PlanNotAvailable>0</PlanNotAvailable><PlanTypeName>Single Family</PlanTypeName><BasePrice>0.00</BasePrice><BaseSqft>2200</BaseSqft><Baths>2</Baths><HalfBaths>0</HalfBaths><Bedrooms MasterBedLocation="Down">3</Bedrooms><Garage>0.0</Garage><Description>We have access to building sites, in nearly every development in the area! Bring us your custom home plans or choose from one of the many popular plans in our library. Click one of the thumbnails below for a PDF sheet with full details.</Description><PlanImages><ElevationImage SequencePosition="1" ReferenceType="URL">http://firesidehomes.com/images/floorPlans/MontereyFP.jpg</ElevationImage><ElevationImage SequencePosition="2" ReferenceType="URL">http://firesidehomes.com/images/Renderings/montereyE.jpg</ElevationImage></PlanImages><PlanWebsite>http://firesidehomes.com/pages/monterey.html</PlanWebsite></Plan><Plan Type="SingleFamily"><PlanNumber>235951840591251692867632854170</PlanNumber><PlanName>PalmBeach</PlanName><PlanNotAvailable>0</PlanNotAvailable><PlanTypeName>Single Family</PlanTypeName><BasePrice>0.00</BasePrice><BaseSqft>2720</BaseSqft><Baths>2</Baths><HalfBaths>0</HalfBaths><Bedrooms MasterBedLocation="Down">3</Bedrooms><Garage>0.0</Garage><Description>We have access to building sites, in nearly every development in the area! Bring us your custom home plans or choose from one of the many popular plans in our library. Click one of the thumbnails below for a PDF sheet with full details.</Description><PlanImages><ElevationImage SequencePosition="1" ReferenceType="URL">http://firesidehomes.com/images/floorPlans/PalmBeachFP.jpg</ElevationImage><ElevationImage SequencePosition="2" ReferenceType="URL">http://firesidehomes.com/images/Renderings/PalmBeach.jpg</ElevationImage></PlanImages><PlanWebsite>http://firesidehomes.com/pages/PalmBeach.html</PlanWebsite></Plan><Plan Type="SingleFamily"><PlanNumber>895626041164604403592545205377</PlanNumber><PlanName>woodmere</PlanName><PlanNotAvailable>0</PlanNotAvailable><PlanTypeName>Single Family</PlanTypeName><BasePrice>0.00</BasePrice><BaseSqft>1885</BaseSqft><Baths>2</Baths><HalfBaths>0</HalfBaths><Bedrooms MasterBedLocation="Down">3</Bedrooms><Garage>0.0</Garage><Description>We have access to building sites, in nearly every development in the area! Bring us your custom home plans or choose from one of the many popular plans in our library. Click one of the thumbnails below for a PDF sheet with full details.</Description><PlanImages><ElevationImage SequencePosition="1" ReferenceType="URL">http://firesidehomes.com/images/floorPlans/WoodmereFP.jpg</ElevationImage><ElevationImage SequencePosition="2" ReferenceType="URL">http://firesidehomes.com/images/Renderings/WoodmereE.jpg</ElevationImage></PlanImages><PlanWebsite>http://firesidehomes.com/pages/woodmere.html</PlanWebsite></Plan><Plan Type="SingleFamily"><PlanNumber>960012472066017797260982087961</PlanNumber><PlanName>augusta</PlanName><PlanNotAvailable>0</PlanNotAvailable><PlanTypeName>Single Family</PlanTypeName><BasePrice>0.00</BasePrice><BaseSqft>2265</BaseSqft><Baths>2</Baths><HalfBaths>1</HalfBaths><Bedrooms MasterBedLocation="Down">3</Bedrooms><Garage>0.0</Garage><Description>We have access to building sites, in nearly every development in the area! Bring us your custom home plans or choose from one of the many popular plans in our library. Click one of the thumbnails below for a PDF sheet with full details.</Description><PlanImages><ElevationImage SequencePosition="1" ReferenceType="URL">http://firesidehomes.com/images/floorPlans/AugustaFP.jpg</ElevationImage><ElevationImage SequencePosition="2" ReferenceType="URL">http://firesidehomes.com/images/Renderings/AugustaE.jpg</ElevationImage></PlanImages><PlanWebsite>http://firesidehomes.com/pages/augusta.html</PlanWebsite></Plan><Plan Type="SingleFamily"><PlanNumber>95441692463036423058854514624</PlanNumber><PlanName>katherineAnn</PlanName><PlanNotAvailable>0</PlanNotAvailable><PlanTypeName>Single Family</PlanTypeName><BasePrice>0.00</BasePrice><BaseSqft>1995</BaseSqft><Baths>2</Baths><HalfBaths>0</HalfBaths><Bedrooms MasterBedLocation="Down">3</Bedrooms><Garage>0.0</Garage><Description>We have access to building sites, in nearly every development in the area! Bring us your custom home plans or choose from one of the many popular plans in our library. Click one of the thumbnails below for a PDF sheet with full details.</Description><PlanImages><ElevationImage SequencePosition="1" ReferenceType="URL">http://firesidehomes.com/images/floorPlans/KatherineAnnFP.jpg</ElevationImage><ElevationImage SequencePosition="2" ReferenceType="URL">http://firesidehomes.com/images/Renderings/KatherineAnnE.jpg</ElevationImage></PlanImages><PlanWebsite>http://firesidehomes.com/pages/katherineAnn.html</PlanWebsite></Plan><Plan Type="SingleFamily"><PlanNumber>453207611285767932251288816717</PlanNumber><PlanName>oakwood</PlanName><PlanNotAvailable>0</PlanNotAvailable><PlanTypeName>Single Family</PlanTypeName><BasePrice>0.00</BasePrice><BaseSqft>1927</BaseSqft><Baths>2</Baths><HalfBaths>0</HalfBaths><Bedrooms MasterBedLocation="Down">3</Bedrooms><Garage>0.0</Garage><Description>We have access to building sites, in nearly every development in the area! Bring us your custom home plans or choose from one of the many popular plans in our library. Click one of the thumbnails below for a PDF sheet with full details.</Description><PlanImages><ElevationImage SequencePosition="1" ReferenceType="URL">http://firesidehomes.com/images/floorPlans/OakwoodFP.jpg</ElevationImage><ElevationImage SequencePosition="2" ReferenceType="URL">http://firesidehomes.com/images/Renderings/Oakwood.jpg</ElevationImage></PlanImages><PlanWebsite>http://firesidehomes.com/pages/oakwood.html</PlanWebsite></Plan><Plan Type="SingleFamily"><PlanNumber>672881865345373763579257757553</PlanNumber><PlanName>ashley</PlanName><PlanNotAvailable>0</PlanNotAvailable><PlanTypeName>Single Family</PlanTypeName><BasePrice>0.00</BasePrice><BaseSqft>2763</BaseSqft><Baths>2</Baths><HalfBaths>0</HalfBaths><Bedrooms MasterBedLocation="Down">3</Bedrooms><Garage>0.0</Garage><Description>We have access to building sites, in nearly every development in the area! Bring us your custom home plans or choose from one of the many popular plans in our library. Click one of the thumbnails below for a PDF sheet with full details.</Description><PlanImages><ElevationImage SequencePosition="1" ReferenceType="URL">http://firesidehomes.com/images/floorPlans/AshleyFP.jpg</ElevationImage><ElevationImage SequencePosition="2" ReferenceType="URL">http://firesidehomes.com/images/Renderings/AshleyE.jpg</ElevationImage></PlanImages><PlanWebsite>http://firesidehomes.com/pages/ashley.html</PlanWebsite></Plan><Plan Type="SingleFamily"><PlanNumber>609290786121290416754234100427</PlanNumber><PlanName>stAugustine</PlanName><PlanNotAvailable>0</PlanNotAvailable><PlanTypeName>Single Family</PlanTypeName><BasePrice>0.00</BasePrice><BaseSqft>1862</BaseSqft><Baths>2</Baths><HalfBaths>0</HalfBaths><Bedrooms MasterBedLocation="Down">3</Bedrooms><Garage>0.0</Garage><Description>We have access to building sites, in nearly every development in the area! Bring us your custom home plans or choose from one of the many popular plans in our library. Click one of the thumbnails below for a PDF sheet with full details.</Description><PlanImages><ElevationImage SequencePosition="1" ReferenceType="URL">http://firesidehomes.com/images/floorPlans/StAugustineFP.jpg</ElevationImage><ElevationImage SequencePosition="2" ReferenceType="URL">http://firesidehomes.com/images/Renderings/StAugustineE.jpg</ElevationImage></PlanImages><PlanWebsite>http://firesidehomes.com/pages/stAugustine.html</PlanWebsite></Plan></Subdivision></Builder></Corporation></Builders>