<Builders DateGenerated="2021-10-22T10:56:03"><Corporation><CorporateBuilderNumber>54120</CorporateBuilderNumber><CorporateState>WI</CorporateState><CorporateName>Homecrete Homes</CorporateName><Builder><BuilderNumber>16319</BuilderNumber><BrandName>Best Built</BrandName><BrandLogo_Med ReferenceType="URL">https://bestbuiltinc.com/wp-content/uploads/2017/07/bestbuiltinc.png</BrandLogo_Med><ReportingName>Best Built</ReportingName><DefaultLeadsEmail LeadsPerMessage="All">leads@thebdx.com</DefaultLeadsEmail><BuilderWebsite>homecretehomes.com</BuilderWebsite><Subdivision Status="Active"><SubdivisionNumber>16319</SubdivisionNumber><SubdivisionName>Best Built</SubdivisionName><BuildOnYourLot>0</BuildOnYourLot><SalesOffice><Address OutOfCommunity="0"><Street1>3174 SW Savona Blvd</Street1><City>Port St Lucie</City><State>FL</State><ZIP>34953</ZIP></Address><Phone><AreaCode>772</AreaCode><Prefix>248</Prefix><Suffix>4663</Suffix></Phone><Email>info@homecretehomes.com</Email></SalesOffice><SubDescription>Homecrete Homes is your local Port St. Lucie home builder with a reputation of excellence &#8211; Homecrete has TWICE been awarded TCBA&#8217;s Builder of the Year Award. We believe in building YOUR home, not ours &#8211; providing you with the customization and modifications you need to make your new home just the way you imagine it.</SubDescription><SubImage SequencePosition="1" Title="House1" ReferenceType="URL">https://www.homecretehomes.com/wp-content/uploads/2020/04/3174sw-savona-model-pano-800px.jpg</SubImage><SubImage SequencePosition="2" Title="House1" ReferenceType="URL">https://www.homecretehomes.com/wp-content/uploads/2020/06/1.png</SubImage><SubImage SequencePosition="3" Title="House1" ReferenceType="URL">https://www.homecretehomes.com/wp-content/uploads/2020/06/1.png</SubImage><SubImage SequencePosition="4" Title="House1" ReferenceType="URL">https://www.homecretehomes.com/wp-content/uploads/2020/06/1.png</SubImage><SubImage SequencePosition="5" Title="House1" ReferenceType="URL">https://www.homecretehomes.com/wp-content/uploads/2020/06/1.png</SubImage><SubWebsite>homecretehomes.com</SubWebsite></Subdivision></Builder></Corporation></Builders>