<Builders DateGenerated="2021-10-22T10:56:11"><Corporation><CorporateBuilderNumber>57250</CorporateBuilderNumber><CorporateState>MN</CorporateState><CorporateName>Hill Country Classics Custom Homes</CorporateName><Builder><BuilderNumber>32680</BuilderNumber><BrandName>Bigelow Homes</BrandName><BrandLogo_Med ReferenceType="URL">http://www.bigelowhomes.net/images/footer-logo.png</BrandLogo_Med><ReportingName>Bigelow Homes</ReportingName><DefaultLeadsEmail LeadsPerMessage="All">leads@thebdx.com</DefaultLeadsEmail><BuilderWebsite>https://www.hillcountryclassics.com/</BuilderWebsite><Subdivision Status="Active"><SubdivisionNumber>32680</SubdivisionNumber><SubdivisionName>Bigelow Homes</SubdivisionName><BuildOnYourLot>0</BuildOnYourLot><SalesOffice><Address OutOfCommunity="0"><Street1>34535 Interstate 10 W</Street1><City>Boerne</City><State>TX</State><ZIP>78006</ZIP></Address><Phone><AreaCode>866</AreaCode><Prefix>924</Prefix><Suffix>5888</Suffix></Phone></SalesOffice><SubDescription>Hill Country Classics Custom Homes has a large selection of Texas home floor plans with footprints from 600 to 2,500 square feet. If you have ideas or plans of your own, our staff designer specializes in creating custom homes in the Texas Hill Country and can help you put your ideas on paper. HCC will work to make your ideas function with the most efficient use of space to create a unique living space for you.</SubDescription><SubImage SequencePosition="1" Title="House1" ReferenceType="URL">https://www.hillcountryclassics.com/images/galleries/home-top/william-travis-1438-cropped.jpg</SubImage><SubImage SequencePosition="2" Title="House1" ReferenceType="URL">https://www.hillcountryclassics.com/images/galleries/home-top/american-flag.jpg</SubImage><SubImage SequencePosition="3" Title="House1" ReferenceType="URL">https://www.hillcountryclassics.com/images/galleries/Thurman/AA17-65_Thurman-43_800x533.jpg</SubImage><SubImage SequencePosition="4" Title="House1" ReferenceType="URL">https://www.hillcountryclassics.com/images/galleries/home-top/AA_17-61_Powell_13_Edit.jpg</SubImage><SubImage SequencePosition="5" Title="House1" ReferenceType="URL">https://www.hillcountryclassics.com/images/galleries/home-top/Squires_8.jpg</SubImage><SubWebsite>https://www.hillcountryclassics.com/</SubWebsite><Plan Type="SingleFamily"><PlanNumber>14546885676573587965898570075</PlanNumber><PlanName> The Kerrville </PlanName><PlanNotAvailable>0</PlanNotAvailable><PlanTypeName>Single Family</PlanTypeName><BasePrice>0.00</BasePrice><BaseSqft>1878</BaseSqft><Baths>2</Baths><HalfBaths>0</HalfBaths><Bedrooms MasterBedLocation="Down">3</Bedrooms><Garage>0.0</Garage><Description>Hill Country Classics Custom Homes has a large selection of floor plans ranging from as small as 600 square feet, to well over 2,500 square feet. Should you have ideas or plans of your own, our staff designer can help you put your ideas on paper. HCC will work to make your ideas function with the most efficient use of space and design.You can view floor plans for each of our homes by following the links below. Many of the homes also have alternate floor plans featuring custom designs and revisions.</Description><PlanImages><ElevationImage SequencePosition="1" ReferenceType="URL">https://www.hillcountryclassics.com/images/floor_plans/-featured_img/kerville-rendering2017.jpg</ElevationImage></PlanImages><PlanWebsite>https://www.hillcountryclassics.com/plans/the-kerrville</PlanWebsite></Plan></Subdivision></Builder></Corporation></Builders>