<Builders DateGenerated="2021-10-22T10:54:58"><Corporation><CorporateBuilderNumber>52230</CorporateBuilderNumber><CorporateState>NE</CorporateState><CorporateName>Gatliff Custom Builders</CorporateName><Builder><BuilderNumber>26088</BuilderNumber><BrandName>Bluestone Custom Builders</BrandName><BrandLogo_Med ReferenceType="URL">http://bluestonecustombuilders.com/wp-content/uploads/2014/11/logo.png</BrandLogo_Med><ReportingName>Bluestone Custom Builders</ReportingName><DefaultLeadsEmail LeadsPerMessage="All">leads@thebdx.com</DefaultLeadsEmail><BuilderWebsite>https://www.gatliffcustomhomes.com/</BuilderWebsite><Subdivision Status="Active"><SubdivisionNumber>26088</SubdivisionNumber><SubdivisionName>Bluestone Custom Builders</SubdivisionName><BuildOnYourLot>0</BuildOnYourLot><SalesOffice><Address OutOfCommunity="0"><Street1>155 College Street</Street1><City>Wadsworth</City><State>OH</State><ZIP>44281</ZIP></Address><Phone><AreaCode>330</AreaCode><Prefix>335</Prefix><Suffix>5262</Suffix></Phone></SalesOffice><SubDescription>If you are looking for a Concept to Completion custom home builder that will consider YOU to be the most important partner in the construction of your new home or home remodeling project, then Gatliff Custom Builders should be your first choice.Gatliff Custom Builders will help you develop a home design that is practical, yet uniquely &#8220;You&#8221;. There will be no surprise construction delays because you will receive a well-planned schedule of events detailing the process of construction all the way through the date of completion.Partner up with Gatliff Custom Builders to build your ultimate custom home or for your next home remodeling project.</SubDescription><SubImage SequencePosition="1" Title="House1" ReferenceType="URL">https://www.gatliffcustomhomes.com/cssslider_files/csss_images1/Brentwood-Kitchen-Dining.jpg</SubImage><SubImage SequencePosition="2" Title="House1" ReferenceType="URL">https://www.gatliffcustomhomes.com/cssslider_files/csss_images1/Brentwood-Kitchen-Dining.jpg</SubImage><SubImage SequencePosition="3" Title="House1" ReferenceType="URL">https://www.gatliffcustomhomes.com/cssslider_files/csss_images1/Brentwood-Living-Room.jpg</SubImage><SubImage SequencePosition="4" Title="House1" ReferenceType="URL">https://www.gatliffcustomhomes.com/cssslider_files/csss_images1/custom_home_by_gatliff_custom_builders.jpg</SubImage><SubImage SequencePosition="5" Title="House1" ReferenceType="URL">https://www.gatliffcustomhomes.com/cssslider_files/csss_images1/darker_toned_kitchen_with_island.jpg</SubImage><SubImage SequencePosition="6" Title="House1" ReferenceType="URL">https://www.gatliffcustomhomes.com/cssslider_files/csss_images1/custom_home_by_gatliff_blue_tones.jpg</SubImage><SubImage SequencePosition="7" Title="House1" ReferenceType="URL">https://www.gatliffcustomhomes.com/cssslider_files/csss_images1/circular_stairway_overlooking_great_room.jpg</SubImage><SubImage SequencePosition="8" Title="House1" ReferenceType="URL">https://www.gatliffcustomhomes.com/cssslider_files/csss_images1/fall_toned_kitchen.jpg</SubImage><SubImage SequencePosition="9" Title="House1" ReferenceType="URL">https://www.gatliffcustomhomes.com/cssslider_files/csss_images1/custom_gatliff_home_along_tree_line.jpg</SubImage><SubImage SequencePosition="10" Title="House1" ReferenceType="URL">https://www.gatliffcustomhomes.com/cssslider_files/csss_images1/luxurious_stairway_with_lots_of_natural_lighting.jpg</SubImage><SubImage SequencePosition="11" Title="House1" ReferenceType="URL">https://www.gatliffcustomhomes.com/cssslider_files/csss_images1/stone_ranch_in_woods_by_gatliff.jpg</SubImage><SubImage SequencePosition="12" Title="House1" ReferenceType="URL">https://www.gatliffcustomhomes.com/cssslider_files/csss_images1/open_foyer_with_great_room_in_background.jpg</SubImage><SubImage SequencePosition="13" Title="House1" ReferenceType="URL">https://www.gatliffcustomhomes.com/cssslider_files/csss_images1/master_bath_with_multiple_vanities.jpg</SubImage><SubWebsite>https://www.gatliffcustomhomes.com/</SubWebsite><Plan Type="SingleFamily"><PlanNumber>36847180759873840011422417452</PlanNumber><PlanName>The Remington</PlanName><PlanNotAvailable>0</PlanNotAvailable><PlanTypeName>Single Family</PlanTypeName><BasePrice>0.00</BasePrice><BaseSqft>2353</BaseSqft><Baths>2</Baths><HalfBaths>0</HalfBaths><Bedrooms MasterBedLocation="Down">3</Bedrooms><Garage>0.0</Garage><Description>This home makes a great first impression with its large L-shaped front porch framed by beautiful stone columns. Just off the entry area are a den and two bedrooms that share the main bathroom. The great room opens to a spacious kitchen with pantry, 13x13 dining nook, and large prep island with extra space for seating. The master bedroom has a large deluxe bath with separate vanities and a built-in linen closet, as well as a walk-in closet. This home has an additional one-car garage off the main two-car garage area, and has plenty of room for storage or even a future workshop.</Description><PlanImages><ElevationImage SequencePosition="1" ReferenceType="URL">https://www.gatliffcustomhomes.com/inspiration-gallery/the_remington_house.jpg</ElevationImage><ElevationImage SequencePosition="2" ReferenceType="URL">https://www.gatliffcustomhomes.com/inspiration-gallery/remington_floor_plan.jpg</ElevationImage></PlanImages><PlanWebsite>https://www.gatliffcustomhomes.com/floor-plan-detail/the-remington/</PlanWebsite></Plan><Plan Type="SingleFamily"><PlanNumber>196166807406133886209610379359</PlanNumber><PlanName>The Kensington</PlanName><PlanNotAvailable>0</PlanNotAvailable><PlanTypeName>Single Family</PlanTypeName><BasePrice>0.00</BasePrice><BaseSqft>3047</BaseSqft><Baths>3</Baths><HalfBaths>1</HalfBaths><Bedrooms MasterBedLocation="Down">4</Bedrooms><Garage>0.0</Garage><Description>An arched stone entrance and two-story foyer make a grand impression in this modern, spacious home. The large great room includes a corner fireplace and coffered ceiling and opens to an eat-in kitchen. A formal dining room and den sit off the open foyer. The master suite includes a walk-in closet and luxury bath with double vanity. Open to the foyer below is the second story, which includes three bedrooms&#8212;one with an ensuite bath, and two that share a jack-and-jill bath.</Description><PlanImages><ElevationImage SequencePosition="1" ReferenceType="URL">https://www.gatliffcustomhomes.com/inspiration-gallery/the_kensington_house.jpg</ElevationImage><ElevationImage SequencePosition="2" ReferenceType="URL">https://www.gatliffcustomhomes.com/inspiration-gallery/kensington_floor_plan.jpg</ElevationImage></PlanImages><PlanWebsite>https://www.gatliffcustomhomes.com/floor-plan-detail/the-kensington/</PlanWebsite></Plan><Plan Type="SingleFamily"><PlanNumber>448017647758336443125816954740</PlanNumber><PlanName>The Blue Heron</PlanName><PlanNotAvailable>0</PlanNotAvailable><PlanTypeName>Single Family</PlanTypeName><BasePrice>0.00</BasePrice><BaseSqft>3084</BaseSqft><Baths>3</Baths><HalfBaths>1</HalfBaths><Bedrooms MasterBedLocation="Down">4</Bedrooms><Garage>0.0</Garage><Description>This modern and open home includes a spacious great room with a wall of windows to maximize natural light. Also included in the great room is a fireplace with custom built-in surround. The great room opens to an eat-in kitchen with prep island that offers additional seating. A formal dining room, den, and half bath sit conveniently off the foyer. The master bedroom has cathedral ceilings, two walk-in closets, and a master bath with separate vanities and plenty of storage. The upstairs consists of three bedrooms&#8212;two that share a bathroom and one with an ensuite bath. One of the bedrooms includes a small balcony, adding to the unique character of this home.</Description><PlanImages><ElevationImage SequencePosition="1" ReferenceType="URL">https://www.gatliffcustomhomes.com/inspiration-gallery/the_blue_heron_house.jpg</ElevationImage><ElevationImage SequencePosition="2" ReferenceType="URL">https://www.gatliffcustomhomes.com/inspiration-gallery/blue_heron_floor_plan.jpg</ElevationImage></PlanImages><PlanWebsite>https://www.gatliffcustomhomes.com/floor-plan-detail/the-blue-heron/</PlanWebsite></Plan><Plan Type="SingleFamily"><PlanNumber>927822767917895627972668166909</PlanNumber><PlanName>The Lexus</PlanName><PlanNotAvailable>0</PlanNotAvailable><PlanTypeName>Single Family</PlanTypeName><BasePrice>0.00</BasePrice><BaseSqft>3250</BaseSqft><Baths>3</Baths><HalfBaths>1</HalfBaths><Bedrooms MasterBedLocation="Down">3</Bedrooms><Garage>0.0</Garage><Description>This spacious ranch is perfect for entertaining, with a formal dining room, large eat-in kitchen with island and servery, and screened porch. The 22x20 sunken great room includes a coffered ceiling and cozy corner fireplace. The spacious master suite has a vaulted ceiling and includes a master bath with separate vanities and a walk-in-closet with island. Two additional bedrooms each have separate full baths. An oversized garage includes two separate entrances &#8211; a three-car entrance on the side, and an additional one-car entrance around the back.</Description><PlanImages><ElevationImage SequencePosition="1" ReferenceType="URL">https://www.gatliffcustomhomes.com/inspiration-gallery/the_lexus_house.jpg</ElevationImage><ElevationImage SequencePosition="2" ReferenceType="URL">https://www.gatliffcustomhomes.com/inspiration-gallery/lexus_floor_plan.jpg</ElevationImage></PlanImages><PlanWebsite>https://www.gatliffcustomhomes.com/floor-plan-detail/the-lexus/</PlanWebsite></Plan><Plan Type="SingleFamily"><PlanNumber>596397423134520528372581259535</PlanNumber><PlanName>The Woodfield</PlanName><PlanNotAvailable>0</PlanNotAvailable><PlanTypeName>Single Family</PlanTypeName><BasePrice>0.00</BasePrice><BaseSqft>3677</BaseSqft><Baths>3</Baths><HalfBaths>1</HalfBaths><Bedrooms MasterBedLocation="Down">4</Bedrooms><Garage>0.0</Garage><Description>The features of this elegant home give it unmatched character and charm. A grand 2-story foyer leads through an arched entrance to a formal dining room with dropped trey ceiling. A curved staircase lies beyond the foyer. Open to the kitchen, the family room has a built-in fireplace and wet bar with pass-through to the kitchen. Features such as a breakfast nook, work island, double oven, pantry, butler pantry, and additional island with sink make the kitchen an excellent place to entertain. A rear foyer directly off the three-car garage provides built-in lockers, a bench, and a drop zone. The master suite includes a luxury bath with spa tub, tile shower, and separate vanities; built-in linen closet; and walk-in closet. The second floor features nine-foot ceilings and a spacious family room that opens to the main family room below. Two of the upstairs bedrooms share a jack-and-jill bath, and the fourth bedroom has an ensuite bath.</Description><PlanImages><ElevationImage SequencePosition="1" ReferenceType="URL">https://www.gatliffcustomhomes.com/inspiration-gallery/the_woodfield_house.jpg</ElevationImage><ElevationImage SequencePosition="2" ReferenceType="URL">https://www.gatliffcustomhomes.com/inspiration-gallery/woodfield_floor_plan.jpg</ElevationImage></PlanImages><PlanWebsite>https://www.gatliffcustomhomes.com/floor-plan-detail/the-woodfield/</PlanWebsite></Plan><Plan Type="SingleFamily"><PlanNumber>130438215918764649941371565459</PlanNumber><PlanName>The Carrington</PlanName><PlanNotAvailable>0</PlanNotAvailable><PlanTypeName>Single Family</PlanTypeName><BasePrice>0.00</BasePrice><BaseSqft>3315</BaseSqft><Baths>3</Baths><HalfBaths>1</HalfBaths><Bedrooms MasterBedLocation="Down">4</Bedrooms><Garage>0.0</Garage><Description>This home features a luxurious master suite with trey ceiling, see-through fireplace in the deluxe bath, and walk-in closet. The two-story foyer and great room make this home feel much larger than 3315 sq. ft. A wall of windows in the kitchen and great room lets in plenty of natural light. Three bedrooms complete the second floor, two of which share a jack-and-jill bath and one with an ensuite.</Description><PlanImages><ElevationImage SequencePosition="1" ReferenceType="URL">https://www.gatliffcustomhomes.com/inspiration-gallery/the_carrington_house.jpg</ElevationImage><ElevationImage SequencePosition="2" ReferenceType="URL">https://www.gatliffcustomhomes.com/inspiration-gallery/carrington_floor_plan.jpg</ElevationImage></PlanImages><PlanWebsite>https://www.gatliffcustomhomes.com/floor-plan-detail/the-carrington/</PlanWebsite></Plan><Plan Type="SingleFamily"><PlanNumber>866707978837363511872597369521</PlanNumber><PlanName>The Brentwood</PlanName><PlanNotAvailable>0</PlanNotAvailable><PlanTypeName>Single Family</PlanTypeName><BasePrice>0.00</BasePrice><BaseSqft>2511</BaseSqft><Baths>2</Baths><HalfBaths>1</HalfBaths><Bedrooms MasterBedLocation="Down">3</Bedrooms><Garage>0.0</Garage><Description>From the moment you walk onto the large, welcoming porch into the foyer of this home, you&#8217;ll realize it is not an average ranch. The foyer opens to a dining room with trey ceiling, and directly in from the foyer is a spacious great room with cathedral ceiling and fireplace with custom surround. Open to the great room is a kitchen that includes a prep island, walk-in pantry, and dinette with half-octagon seating area. The master bedroom&#8212;also with unique half-octagon shape on one side&#8212;has a custom vaulted ceiling, luxurious master bath with double vanity, and large walk-in closet with windows. Two additional bedrooms each have walk-in closets and share a bathroom with double vanity.</Description><PlanImages><ElevationImage SequencePosition="1" ReferenceType="URL">https://www.gatliffcustomhomes.com/inspiration-gallery/the_brentwood_house.jpg</ElevationImage><ElevationImage SequencePosition="2" ReferenceType="URL">https://www.gatliffcustomhomes.com/inspiration-gallery/brentwood_floor_plan.jpg</ElevationImage></PlanImages><PlanWebsite>https://www.gatliffcustomhomes.com/floor-plan-detail/the-brentwood/</PlanWebsite></Plan><Plan Type="SingleFamily"><PlanNumber>734064878838018911835187264567</PlanNumber><PlanName>The White Tail</PlanName><PlanNotAvailable>0</PlanNotAvailable><PlanTypeName>Single Family</PlanTypeName><BasePrice>0.00</BasePrice><BaseSqft>3230</BaseSqft><Baths>3</Baths><HalfBaths>1</HalfBaths><Bedrooms MasterBedLocation="Down">4</Bedrooms><Garage>0.0</Garage><Description>This modern home features a large kitchen with prep island, walk-in pantry, and plenty of storage. A formal dining room is easily accessible from the kitchen and foyer. A deluxe master suite includes two ample walk-in closets, separate bathroom vanities, and entry into the study off the foyer. The upstairs balcony hallway opens to the great room. Two bedrooms and two baths along with a 12x26 bonus room complete the second floor.</Description><PlanImages><ElevationImage SequencePosition="1" ReferenceType="URL">https://www.gatliffcustomhomes.com/inspiration-gallery/the_white_tail_house.jpg</ElevationImage><ElevationImage SequencePosition="2" ReferenceType="URL">https://www.gatliffcustomhomes.com/inspiration-gallery/white_tail_floor_plan.jpg</ElevationImage></PlanImages><PlanWebsite>https://www.gatliffcustomhomes.com/floor-plan-detail/the-white-tail/</PlanWebsite></Plan><Plan Type="SingleFamily"><PlanNumber>26897101612005524891308345166</PlanNumber><PlanName>The Victoria</PlanName><PlanNotAvailable>0</PlanNotAvailable><PlanTypeName>Single Family</PlanTypeName><BasePrice>0.00</BasePrice><BaseSqft>2750</BaseSqft><Baths>2</Baths><HalfBaths>1</HalfBaths><Bedrooms MasterBedLocation="Down">3</Bedrooms><Garage>0.0</Garage><Description>The unique, open design of this spacious modern ranch makes this house one of a kind. The front foyer opens to a formal dining room with trey ceiling. Stylish decorative beams, a cathedral ceiling, and gas fireplace give the great room lots of character. Completely open to the great room is an eat-in kitchen that includes an island and large corner pantry. A cozy hearth room sits directly off the kitchen, which leads to a spacious rear porch. Vaulted ceilings and a window seat make the master bedroom a perfect retreat, along with a luxurious master bath that features a spa tub, custom tile shower, his and hers sinks, walk-in-closet, and linen cabinet. Two additional bedrooms share a jack-and-jill bathroom.</Description><PlanImages><ElevationImage SequencePosition="1" ReferenceType="URL">https://www.gatliffcustomhomes.com/inspiration-gallery/the_victoria_house.jpg</ElevationImage><ElevationImage SequencePosition="2" ReferenceType="URL">https://www.gatliffcustomhomes.com/inspiration-gallery/victoria_floor_plan.jpg</ElevationImage></PlanImages><PlanWebsite>https://www.gatliffcustomhomes.com/floor-plan-detail/the-victorian/</PlanWebsite></Plan></Subdivision></Builder></Corporation></Builders>