<Builders DateGenerated="2021-10-22T10:56:03"><Corporation><CorporateBuilderNumber>51880</CorporateBuilderNumber><CorporateState>NC</CorporateState><CorporateName>Highland Builders</CorporateName><Builder><BuilderNumber>32626</BuilderNumber><BrandName>Brookwood Home Building</BrandName><BrandLogo_Med ReferenceType="URL">None</BrandLogo_Med><ReportingName>Brookwood Home Building</ReportingName><DefaultLeadsEmail LeadsPerMessage="All">leads@thebdx.com</DefaultLeadsEmail><BuilderWebsite>highlandbuilding.com</BuilderWebsite><Subdivision Status="Active"><SubdivisionNumber>32626</SubdivisionNumber><SubdivisionName>Brookwood Home Building</SubdivisionName><BuildOnYourLot>0</BuildOnYourLot><SalesOffice><Address OutOfCommunity="0"><Street1>14012 Redhills Rd</Street1><City>Beaverdam</City><State>VA</State><ZIP>23015</ZIP></Address><Phone><AreaCode>804</AreaCode><Prefix>409</Prefix><Suffix>4460</Suffix></Phone><Email>kevin@highlandbuilding.com</Email></SalesOffice><SubDescription>Would you rather have a templated home with a few customized options or a truly custom-built home that will satisfy all your needs and desires? If you want a fully customizable home, Highland Builders is the choice for you. We&#8217;re an established builder in the Greater Richmond area. We&#8217;ll guide you through the entire home building process &#8211; from brainstorming design ideas to addressing any concerns long after your home has been built.</SubDescription><SubImage SequencePosition="1" Title="House1" ReferenceType="URL">https://highlandbuilding.com/wp-content/uploads/2020/01/slider-2.jpg</SubImage><SubImage SequencePosition="2" Title="House1" ReferenceType="URL">https://highlandbuilding.com/wp-content/uploads/2020/01/slider-1.jpg</SubImage><SubImage SequencePosition="3" Title="House1" ReferenceType="URL">https://highlandbuilding.com/wp-content/uploads/2020/01/slider-3.jpg</SubImage><SubImage SequencePosition="4" Title="House1" ReferenceType="URL">https://highlandbuilding.com/wp-content/uploads/2020/01/manakin-sabot_2017_davis-cook-10.jpeg</SubImage><SubWebsite>highlandbuilding.com</SubWebsite></Subdivision></Builder></Corporation></Builders>