<Builders DateGenerated="2021-10-22T10:53:32"><Corporation><CorporateBuilderNumber>48997</CorporateBuilderNumber><CorporateState>MO</CorporateState><CorporateName>Biltmore Co.</CorporateName><Builder><BuilderNumber>49106</BuilderNumber><BrandName>BROOKEVIEW HOMES</BrandName><BrandLogo_Med ReferenceType="URL">http://nebula.wsimg.com/e842a142b7e4b788dd7ded8241fa0443?AccessKeyId=F197ECD72890B3DEBFBA&amp;disposition=0&amp;alloworigin=1</BrandLogo_Med><ReportingName>BROOKEVIEW HOMES</ReportingName><DefaultLeadsEmail LeadsPerMessage="All">leads@thebdx.com</DefaultLeadsEmail><BuilderWebsite>http://biltmoreco.com/</BuilderWebsite><Subdivision Status="Active"><SubdivisionNumber>49106</SubdivisionNumber><SubdivisionName>BROOKEVIEW HOMES</SubdivisionName><BuildOnYourLot>0</BuildOnYourLot><SalesOffice><Address OutOfCommunity="0"><Street1>1580 W Cayuse Creek Dr.</Street1><City>Meridian</City><State>ID</State><ZIP>83646</ZIP></Address><Phone><AreaCode>208</AreaCode><Prefix>895</Prefix><Suffix>0500</Suffix></Phone></SalesOffice><SubDescription>&#8220;Biltmore&#8230;Built Better&#8221; isn&#8217;t just a slogan. We pride ourselves on the fact that the comment we hear the most from our clients is &#8220;I can&#8217;t believe I can get all of this in a Biltmore Co. home.&#8221; Our company&#8217;s combined expertise means that we understand how to integrate your requests of &#8220;We&#8217;re looking for more space,&#8221; &#8220;We&#8217;re looking to downsize&#8221; or &#8220;We work from home&#8221;. We have built it all! We&#8217;re excited to work for you and with you, and we thank you in advance for allowing us to be a part of one of the most exciting decisions you&#8217;ll ever make.</SubDescription><SubImage SequencePosition="1" Title="House1" ReferenceType="URL">https://biltmoreco.com/files/18-Kitchen-2.jpg</SubImage><SubImage SequencePosition="2" Title="House1" ReferenceType="URL">https://biltmoreco.com/files/Entry-Up-Close.jpg</SubImage><SubImage SequencePosition="3" Title="House1" ReferenceType="URL">https://biltmoreco.com/files/18-Kitchen-2.jpg</SubImage><SubWebsite>http://biltmoreco.com/</SubWebsite><Plan Type="SingleFamily"><PlanNumber>602951082199437191007827643643</PlanNumber><PlanName>The Summit Apartments</PlanName><PlanNotAvailable>0</PlanNotAvailable><PlanTypeName>Single Family</PlanTypeName><BasePrice>0.00</BasePrice><BaseSqft>2272</BaseSqft><Baths>2</Baths><HalfBaths>1</HalfBaths><Bedrooms MasterBedLocation="Down">4</Bedrooms><Garage>3.0</Garage><Description>Beautiful 2 story home with all the bedrooms upstairs plus a laundry room. This home features a spacious living room that is open to the kitchen and dining area. The kitchen features gorgeous granite counter tops and a large pantry. Upstairs you&#8217;ll find all four bedrooms. The master bedroom includes dual vanities and a spacious walk in closet.</Description><PlanImages><ElevationImage SequencePosition="1" ReferenceType="URL">https://biltmoreco.com/wp-content/uploads/sites/80/nggallery/the-fairbanks/04-Front-Of-Home.jpg</ElevationImage><ElevationImage SequencePosition="2" ReferenceType="URL">https://biltmoreco.com/wp-content/uploads/sites/80/nggallery/the-fairbanks/02-Front-Of-Home.jpg</ElevationImage><ElevationImage SequencePosition="3" ReferenceType="URL">https://biltmoreco.com/wp-content/uploads/sites/80/nggallery/the-fairbanks/09-Entry.jpg</ElevationImage><ElevationImage SequencePosition="4" ReferenceType="URL">https://biltmoreco.com/wp-content/uploads/sites/80/nggallery/the-fairbanks/10-Entry.jpg</ElevationImage><ElevationImage SequencePosition="5" ReferenceType="URL">https://biltmoreco.com/wp-content/uploads/sites/80/nggallery/the-fairbanks/11-Bathroom.jpg</ElevationImage><ElevationImage SequencePosition="6" ReferenceType="URL">https://biltmoreco.com/wp-content/uploads/sites/80/nggallery/the-fairbanks/14-Great-Room.jpg</ElevationImage><ElevationImage SequencePosition="7" ReferenceType="URL">https://biltmoreco.com/wp-content/uploads/sites/80/nggallery/the-fairbanks/15-Great-Room.jpg</ElevationImage><ElevationImage SequencePosition="8" ReferenceType="URL">https://biltmoreco.com/wp-content/uploads/sites/80/nggallery/the-fairbanks/16-Great-Room.jpg</ElevationImage><ElevationImage SequencePosition="9" ReferenceType="URL">https://biltmoreco.com/wp-content/uploads/sites/80/nggallery/the-fairbanks/18-Great-Room.jpg</ElevationImage><ElevationImage SequencePosition="10" ReferenceType="URL">https://biltmoreco.com/wp-content/uploads/sites/80/nggallery/the-fairbanks/19-Kitchen.jpg</ElevationImage><ElevationImage SequencePosition="11" ReferenceType="URL">https://biltmoreco.com/wp-content/uploads/sites/80/nggallery/the-fairbanks/20-Kitchen.jpg</ElevationImage><ElevationImage SequencePosition="12" ReferenceType="URL">https://biltmoreco.com/wp-content/uploads/sites/80/nggallery/the-fairbanks/21-Kitchen.jpg</ElevationImage><ElevationImage SequencePosition="13" ReferenceType="URL">https://biltmoreco.com/wp-content/uploads/sites/80/nggallery/the-fairbanks/22-Kitchen.jpg</ElevationImage><ElevationImage SequencePosition="14" ReferenceType="URL">https://biltmoreco.com/wp-content/uploads/sites/80/nggallery/the-fairbanks/23-Kitchen.jpg</ElevationImage><ElevationImage SequencePosition="15" ReferenceType="URL">https://biltmoreco.com/wp-content/uploads/sites/80/nggallery/the-fairbanks/24-Pantry.jpg</ElevationImage><ElevationImage SequencePosition="16" ReferenceType="URL">https://biltmoreco.com/wp-content/uploads/sites/80/nggallery/the-fairbanks/26-Dining.jpg</ElevationImage><ElevationImage SequencePosition="17" ReferenceType="URL">https://biltmoreco.com/wp-content/uploads/sites/80/nggallery/the-fairbanks/25-Bedroom.jpg</ElevationImage><ElevationImage SequencePosition="18" ReferenceType="URL">https://biltmoreco.com/wp-content/uploads/sites/80/nggallery/the-fairbanks/27-Bathroom.jpg</ElevationImage><ElevationImage SequencePosition="19" ReferenceType="URL">https://biltmoreco.com/wp-content/uploads/sites/80/nggallery/the-fairbanks/30-Bedroom.jpg</ElevationImage><ElevationImage SequencePosition="20" ReferenceType="URL">https://biltmoreco.com/wp-content/uploads/sites/80/nggallery/the-fairbanks/32-Master-Bedroom.jpg</ElevationImage><ElevationImage SequencePosition="21" ReferenceType="URL">https://biltmoreco.com/wp-content/uploads/sites/80/nggallery/the-fairbanks/33-Master-Bedroom.jpg</ElevationImage><ElevationImage SequencePosition="22" ReferenceType="URL">https://biltmoreco.com/wp-content/uploads/sites/80/nggallery/the-fairbanks/34-Master-Bathroom.jpg</ElevationImage><ElevationImage SequencePosition="23" ReferenceType="URL">https://biltmoreco.com/wp-content/uploads/sites/80/nggallery/the-fairbanks/35-Master-Bathroom.jpg</ElevationImage><ElevationImage SequencePosition="24" ReferenceType="URL">https://biltmoreco.com/wp-content/uploads/sites/80/nggallery/the-fairbanks/37-Master-Closet.jpg</ElevationImage><ElevationImage SequencePosition="25" ReferenceType="URL">https://biltmoreco.com/wp-content/uploads/sites/80/nggallery/the-fairbanks/38-Laundry-Room.jpg</ElevationImage><ElevationImage SequencePosition="26" ReferenceType="URL">https://biltmoreco.com/wp-content/uploads/sites/80/nggallery/the-fairbanks/39-Laundry-Room.jpg</ElevationImage><ElevationImage SequencePosition="27" ReferenceType="URL">https://biltmoreco.com/wp-content/uploads/sites/80/nggallery/the-fairbanks/40-Bathroom.jpg</ElevationImage><ElevationImage SequencePosition="28" ReferenceType="URL">https://biltmoreco.com/wp-content/uploads/sites/80/nggallery/the-fairbanks/41-Bathroom.jpg</ElevationImage><ElevationImage SequencePosition="29" ReferenceType="URL">https://biltmoreco.com/wp-content/uploads/sites/80/nggallery/the-fairbanks/43-Bedroom.jpg</ElevationImage><ElevationImage SequencePosition="30" ReferenceType="URL">https://biltmoreco.com/wp-content/uploads/sites/80/nggallery/the-fairbanks/45-Bedroom.jpg</ElevationImage><ElevationImage SequencePosition="31" ReferenceType="URL">https://biltmoreco.com/wp-content/uploads/sites/80/nggallery/the-fairbanks/47-Bedroom.jpg</ElevationImage><ElevationImage SequencePosition="32" ReferenceType="URL">https://biltmoreco.com/wp-content/uploads/sites/80/nggallery/the-fairbanks/06-Back-Of-Home.jpg</ElevationImage></PlanImages><PlanWebsite>https://biltmoreco.com/floor-plan-details/?id=69</PlanWebsite></Plan></Subdivision></Builder></Corporation></Builders>