<Builders DateGenerated="2021-10-22T10:58:24"><Corporation><CorporateBuilderNumber>49454</CorporateBuilderNumber><CorporateState>MI</CorporateState><CorporateName>Gemini Homes</CorporateName><Builder><BuilderNumber>26148</BuilderNumber><BrandName>BUFFUM BUILDERS</BrandName><BrandLogo_Med ReferenceType="URL">https://buffumhomes.com/wp-content/uploads/2016/09/Buffum-Homes-Logo.png</BrandLogo_Med><ReportingName>BUFFUM BUILDERS</ReportingName><DefaultLeadsEmail LeadsPerMessage="All">leads@thebdx.com</DefaultLeadsEmail><BuilderWebsite>http://www.yourgeminihomes.com/</BuilderWebsite><Subdivision Status="Active"><SubdivisionNumber>26148</SubdivisionNumber><SubdivisionName>BUFFUM BUILDERS</SubdivisionName><BuildOnYourLot>0</BuildOnYourLot><SalesOffice><Address OutOfCommunity="0"><Street1>1685 Pleasant Hill Rd</Street1><City>Bowling Green</City><State>KY</State><ZIP>42103</ZIP></Address><Phone><AreaCode>270</AreaCode><Prefix>782</Prefix><Suffix>8893</Suffix></Phone><Email>href="kelly@yourgeminihomes.com"</Email></SalesOffice><SubDescription>Gemini Homes is a custom home builder located in Bowling Green, KY. We specialize in building quality homes that fulfill your exact specifications. In addition to custom home design</SubDescription><SubImage SequencePosition="1" Title="House1" ReferenceType="URL">http://www.yourgeminihomes.com/images/KY-GC-4-768x510.jpg</SubImage><SubWebsite>http://www.yourgeminihomes.com/</SubWebsite><Plan Type="SingleFamily"><PlanNumber>36847180759873840011422417452</PlanNumber><PlanName>The Remington</PlanName><PlanNotAvailable>0</PlanNotAvailable><PlanTypeName>Single Family</PlanTypeName><BasePrice>0.00</BasePrice><BaseSqft>2751</BaseSqft><Baths>3</Baths><HalfBaths>0</HalfBaths><Bedrooms MasterBedLocation="Down">4</Bedrooms><Garage>0.0</Garage><Description>Another plan with a grand entrance &amp; formal dining room!  Great plan with that extra bedroom &amp; bath downstairs for any desired room.  The upstairs has great play rooms</Description><PlanImages><ElevationImage SequencePosition="1" ReferenceType="URL">http://www.yourgeminihomes.com/images/payton2.gif</ElevationImage></PlanImages><PlanWebsite>http://www.yourgeminihomes.com/2_Story_House_Plans_Bowling_Green_KY.php</PlanWebsite></Plan><Plan Type="SingleFamily"><PlanNumber>322826611964181717236605487794</PlanNumber><PlanName>The Brandon</PlanName><PlanNotAvailable>0</PlanNotAvailable><PlanTypeName>Single Family</PlanTypeName><BasePrice>0.00</BasePrice><BaseSqft>2358</BaseSqft><Baths>2</Baths><HalfBaths>0</HalfBaths><Bedrooms MasterBedLocation="Down">3</Bedrooms><Garage>0.0</Garage><Description>Another plan with a grand entrance &amp; formal dining room!  Great plan with that extra bedroom &amp; bath downstairs for any desired room.  The upstairs has great play rooms</Description><PlanImages><ElevationImage SequencePosition="1" ReferenceType="URL">http://www.yourgeminihomes.com/images/Brandon2.gif</ElevationImage></PlanImages><PlanWebsite>http://www.yourgeminihomes.com/2_Story_House_Plans_Bowling_Green_KY.php</PlanWebsite></Plan><Plan Type="SingleFamily"><PlanNumber>536982036289931222943082499723</PlanNumber><PlanName>The Madison</PlanName><PlanNotAvailable>0</PlanNotAvailable><PlanTypeName>Single Family</PlanTypeName><BasePrice>0.00</BasePrice><BaseSqft>3157</BaseSqft><Baths>3</Baths><HalfBaths>0</HalfBaths><Bedrooms MasterBedLocation="Down">4</Bedrooms><Garage>0.0</Garage><Description>Another plan with a grand entrance &amp; formal dining room!  Great plan with that extra bedroom &amp; bath downstairs for any desired room.  The upstairs has great play rooms</Description><PlanImages><ElevationImage SequencePosition="1" ReferenceType="URL">http://www.yourgeminihomes.com/images/Madison2.gif</ElevationImage></PlanImages><PlanWebsite>http://www.yourgeminihomes.com/2_Story_House_Plans_Bowling_Green_KY.php</PlanWebsite></Plan><Plan Type="SingleFamily"><PlanNumber>764353028248062503792592069157</PlanNumber><PlanName>The McKenzie</PlanName><PlanNotAvailable>0</PlanNotAvailable><PlanTypeName>Single Family</PlanTypeName><BasePrice>0.00</BasePrice><BaseSqft>2756</BaseSqft><Baths>2</Baths><HalfBaths>1</HalfBaths><Bedrooms MasterBedLocation="Down">4</Bedrooms><Garage>0.0</Garage><Description>Another plan with a grand entrance &amp; formal dining room!  Great plan with that extra bedroom &amp; bath downstairs for any desired room.  The upstairs has great play rooms</Description><PlanImages><ElevationImage SequencePosition="1" ReferenceType="URL">http://www.yourgeminihomes.com/images/McKenzie.gif</ElevationImage></PlanImages><PlanWebsite>http://www.yourgeminihomes.com/2_Story_House_Plans_Bowling_Green_KY.php</PlanWebsite></Plan><Plan Type="SingleFamily"><PlanNumber>898292422829851703813206140532</PlanNumber><PlanName>The Hannah</PlanName><PlanNotAvailable>0</PlanNotAvailable><PlanTypeName>Single Family</PlanTypeName><BasePrice>0.00</BasePrice><BaseSqft>2737</BaseSqft><Baths>2</Baths><HalfBaths>0</HalfBaths><Bedrooms MasterBedLocation="Down">4</Bedrooms><Garage>0.0</Garage><Description>Another plan with a grand entrance &amp; formal dining room!  Great plan with that extra bedroom &amp; bath downstairs for any desired room.  The upstairs has great play rooms</Description><PlanImages><ElevationImage SequencePosition="1" ReferenceType="URL">http://www.yourgeminihomes.com/images/hannah2.gif</ElevationImage></PlanImages><PlanWebsite>http://www.yourgeminihomes.com/2_Story_House_Plans_Bowling_Green_KY.php</PlanWebsite></Plan><Plan Type="SingleFamily"><PlanNumber>130438215918764649941371565459</PlanNumber><PlanName>The Carrington</PlanName><PlanNotAvailable>0</PlanNotAvailable><PlanTypeName>Single Family</PlanTypeName><BasePrice>0.00</BasePrice><BaseSqft>2298</BaseSqft><Baths>3</Baths><HalfBaths>0</HalfBaths><Bedrooms MasterBedLocation="Down">4</Bedrooms><Garage>0.0</Garage><Description>Another plan with a grand entrance &amp; formal dining room!  Great plan with that extra bedroom &amp; bath downstairs for any desired room.  The upstairs has great play rooms</Description><PlanImages><ElevationImage SequencePosition="1" ReferenceType="URL">http://www.yourgeminihomes.com/images/carrington-front.gif</ElevationImage></PlanImages><PlanWebsite>http://www.yourgeminihomes.com/2_Story_House_Plans_Bowling_Green_KY.php</PlanWebsite></Plan><Plan Type="SingleFamily"><PlanNumber>867905757248144221387906025015</PlanNumber><PlanName>The Grace</PlanName><PlanNotAvailable>0</PlanNotAvailable><PlanTypeName>Single Family</PlanTypeName><BasePrice>0.00</BasePrice><BaseSqft>3052</BaseSqft><Baths>3</Baths><HalfBaths>0</HalfBaths><Bedrooms MasterBedLocation="Down">4</Bedrooms><Garage>0.0</Garage><Description>Another plan with a grand entrance &amp; formal dining room!  Great plan with that extra bedroom &amp; bath downstairs for any desired room.  The upstairs has great play rooms</Description><PlanImages><ElevationImage SequencePosition="1" ReferenceType="URL">http://www.yourgeminihomes.com/images/grace2.gif</ElevationImage></PlanImages><PlanWebsite>http://www.yourgeminihomes.com/2_Story_House_Plans_Bowling_Green_KY.php</PlanWebsite></Plan><Plan Type="SingleFamily"><PlanNumber>915768171483246646858128494877</PlanNumber><PlanName>The Kristine</PlanName><PlanNotAvailable>0</PlanNotAvailable><PlanTypeName>Single Family</PlanTypeName><BasePrice>0.00</BasePrice><BaseSqft>2489</BaseSqft><Baths>2</Baths><HalfBaths>0</HalfBaths><Bedrooms MasterBedLocation="Down">3</Bedrooms><Garage>0.0</Garage><Description>Another plan with a grand entrance &amp; formal dining room!  Great plan with that extra bedroom &amp; bath downstairs for any desired room.  The upstairs has great play rooms</Description><PlanImages><ElevationImage SequencePosition="1" ReferenceType="URL">http://www.yourgeminihomes.com/images/kristine2.gif</ElevationImage></PlanImages><PlanWebsite>http://www.yourgeminihomes.com/2_Story_House_Plans_Bowling_Green_KY.php</PlanWebsite></Plan><Plan Type="SingleFamily"><PlanNumber>881303501799066174550571259436</PlanNumber><PlanName>The Heather</PlanName><PlanNotAvailable>0</PlanNotAvailable><PlanTypeName>Single Family</PlanTypeName><BasePrice>0.00</BasePrice><BaseSqft>1816</BaseSqft><Baths>2</Baths><HalfBaths>0</HalfBaths><Bedrooms MasterBedLocation="Down">3</Bedrooms><Garage>0.0</Garage><Description>Another plan with a grand entrance &amp; formal dining room!  Great plan with that extra bedroom &amp; bath downstairs for any desired room.  The upstairs has great play rooms</Description><PlanImages><ElevationImage SequencePosition="1" ReferenceType="URL">http://www.yourgeminihomes.com/images/heather2.gif</ElevationImage></PlanImages><PlanWebsite>http://www.yourgeminihomes.com/2_Story_House_Plans_Bowling_Green_KY.php</PlanWebsite></Plan><Plan Type="SingleFamily"><PlanNumber>745395231446747196714901007324</PlanNumber><PlanName>The Jasmyn</PlanName><PlanNotAvailable>0</PlanNotAvailable><PlanTypeName>Single Family</PlanTypeName><BasePrice>0.00</BasePrice><BaseSqft>2641</BaseSqft><Baths>3</Baths><HalfBaths>0</HalfBaths><Bedrooms MasterBedLocation="Down">3</Bedrooms><Garage>0.0</Garage><Description>Another plan with a grand entrance &amp; formal dining room!  Great plan with that extra bedroom &amp; bath downstairs for any desired room.  The upstairs has great play rooms</Description><PlanImages><ElevationImage SequencePosition="1" ReferenceType="URL">http://www.yourgeminihomes.com/images/jasmyn2.gif</ElevationImage></PlanImages><PlanWebsite>http://www.yourgeminihomes.com/2_Story_House_Plans_Bowling_Green_KY.php</PlanWebsite></Plan><Plan Type="SingleFamily"><PlanNumber>334582524502949680611098323051</PlanNumber><PlanName>The Jefferson</PlanName><PlanNotAvailable>0</PlanNotAvailable><PlanTypeName>Single Family</PlanTypeName><BasePrice>0.00</BasePrice><BaseSqft>2504</BaseSqft><Baths>2</Baths><HalfBaths>1</HalfBaths><Bedrooms MasterBedLocation="Down">3</Bedrooms><Garage>0.0</Garage><Description>Another plan with a grand entrance &amp; formal dining room!  Great plan with that extra bedroom &amp; bath downstairs for any desired room.  The upstairs has great play rooms</Description><PlanImages><ElevationImage SequencePosition="1" ReferenceType="URL">http://www.yourgeminihomes.com/images/Jefferson.gif</ElevationImage></PlanImages><PlanWebsite>http://www.yourgeminihomes.com/2_Story_House_Plans_Bowling_Green_KY.php</PlanWebsite></Plan><Plan Type="SingleFamily"><PlanNumber>382627345688733939275198554326</PlanNumber><PlanName>The Amanda</PlanName><PlanNotAvailable>0</PlanNotAvailable><PlanTypeName>Single Family</PlanTypeName><BasePrice>0.00</BasePrice><BaseSqft>2779</BaseSqft><Baths>3</Baths><HalfBaths>0</HalfBaths><Bedrooms MasterBedLocation="Down">4</Bedrooms><Garage>0.0</Garage><Description>Another plan with a grand entrance &amp; formal dining room!  Great plan with that extra bedroom &amp; bath downstairs for any desired room.  The upstairs has great play rooms</Description><PlanImages><ElevationImage SequencePosition="1" ReferenceType="URL">http://www.yourgeminihomes.com/images/amanda2.gif</ElevationImage></PlanImages><PlanWebsite>http://www.yourgeminihomes.com/2_Story_House_Plans_Bowling_Green_KY.php</PlanWebsite></Plan><Plan Type="SingleFamily"><PlanNumber>832996726333432300323549627784</PlanNumber><PlanName>The Erica</PlanName><PlanNotAvailable>0</PlanNotAvailable><PlanTypeName>Single Family</PlanTypeName><BasePrice>0.00</BasePrice><BaseSqft>2505</BaseSqft><Baths>3</Baths><HalfBaths>0</HalfBaths><Bedrooms MasterBedLocation="Down">3</Bedrooms><Garage>0.0</Garage><Description>Another plan with a grand entrance &amp; formal dining room!  Great plan with that extra bedroom &amp; bath downstairs for any desired room.  The upstairs has great play rooms</Description><PlanImages><ElevationImage SequencePosition="1" ReferenceType="URL">http://www.yourgeminihomes.com/images/erica2.gif</ElevationImage></PlanImages><PlanWebsite>http://www.yourgeminihomes.com/2_Story_House_Plans_Bowling_Green_KY.php</PlanWebsite></Plan><Plan Type="SingleFamily"><PlanNumber>479008333753893329586494191063</PlanNumber><PlanName>The Bradford</PlanName><PlanNotAvailable>0</PlanNotAvailable><PlanTypeName>Single Family</PlanTypeName><BasePrice>0.00</BasePrice><BaseSqft>3345</BaseSqft><Baths>3</Baths><HalfBaths>0</HalfBaths><Bedrooms MasterBedLocation="Down">4</Bedrooms><Garage>0.0</Garage><Description>Another plan with a grand entrance &amp; formal dining room!  Great plan with that extra bedroom &amp; bath downstairs for any desired room.  The upstairs has great play rooms</Description><PlanImages><ElevationImage SequencePosition="1" ReferenceType="URL">http://www.yourgeminihomes.com/images/Bradford.gif</ElevationImage></PlanImages><PlanWebsite>http://www.yourgeminihomes.com/2_Story_House_Plans_Bowling_Green_KY.php</PlanWebsite></Plan><Plan Type="SingleFamily"><PlanNumber>663051464310545459930353672431</PlanNumber><PlanName>The Payton</PlanName><PlanNotAvailable>0</PlanNotAvailable><PlanTypeName>Single Family</PlanTypeName><BasePrice>0.00</BasePrice><BaseSqft>3121</BaseSqft><Baths>3</Baths><HalfBaths>0</HalfBaths><Bedrooms MasterBedLocation="Down">5</Bedrooms><Garage>0.0</Garage><Description>Another plan with a grand entrance &amp; formal dining room!  Great plan with that extra bedroom &amp; bath downstairs for any desired room.  The upstairs has great play rooms</Description><PlanImages><ElevationImage SequencePosition="1" ReferenceType="URL">http://www.yourgeminihomes.com/images/payton2.gif</ElevationImage></PlanImages><PlanWebsite>http://www.yourgeminihomes.com/2_Story_House_Plans_Bowling_Green_KY.php</PlanWebsite></Plan><Plan Type="SingleFamily"><PlanNumber>602307553040637314018883639714</PlanNumber><PlanName>The Dominque</PlanName><PlanNotAvailable>0</PlanNotAvailable><PlanTypeName>Single Family</PlanTypeName><BasePrice>0.00</BasePrice><BaseSqft>2386</BaseSqft><Baths>2</Baths><HalfBaths>0</HalfBaths><Bedrooms MasterBedLocation="Down">3</Bedrooms><Garage>0.0</Garage><Description>Another plan with a grand entrance &amp; formal dining room!  Great plan with that extra bedroom &amp; bath downstairs for any desired room.  The upstairs has great play rooms</Description><PlanImages><ElevationImage SequencePosition="1" ReferenceType="URL">http://www.yourgeminihomes.com/images/Dominique2.gif</ElevationImage></PlanImages><PlanWebsite>http://www.yourgeminihomes.com/2_Story_House_Plans_Bowling_Green_KY.php</PlanWebsite></Plan><Plan Type="SingleFamily"><PlanNumber>196166807406133886209610379359</PlanNumber><PlanName>The Kensington</PlanName><PlanNotAvailable>0</PlanNotAvailable><PlanTypeName>Single Family</PlanTypeName><BasePrice>0.00</BasePrice><BaseSqft>2859</BaseSqft><Baths>3</Baths><HalfBaths>0</HalfBaths><Bedrooms MasterBedLocation="Down">4</Bedrooms><Garage>0.0</Garage><Description>Another plan with a grand entrance &amp; formal dining room!  Great plan with that extra bedroom &amp; bath downstairs for any desired room.  The upstairs has great play rooms</Description><PlanImages><ElevationImage SequencePosition="1" ReferenceType="URL">http://www.yourgeminihomes.com/images/Kensington.jpg</ElevationImage></PlanImages><PlanWebsite>http://www.yourgeminihomes.com/2_Story_House_Plans_Bowling_Green_KY.php</PlanWebsite></Plan></Subdivision></Builder></Corporation></Builders>