<Builders DateGenerated="2021-10-22T10:56:02"><Corporation><CorporateBuilderNumber>51482</CorporateBuilderNumber><CorporateState>CO</CorporateState><CorporateName>Hinkle Homes Inc</CorporateName><Builder><BuilderNumber>32740</BuilderNumber><BrandName>Bob Cahn Homes</BrandName><BrandLogo_Med ReferenceType="URL">http://nebula.wsimg.com/97644e038ede998ebafc0fd0a8505854?AccessKeyId=69482F82E92DFC24CA1C&amp;disposition=0&amp;alloworigin=1</BrandLogo_Med><ReportingName>Bob Cahn Homes</ReportingName><DefaultLeadsEmail LeadsPerMessage="All">leads@thebdx.com</DefaultLeadsEmail><BuilderWebsite>https://www.hinklehomesinc.com/</BuilderWebsite><Subdivision Status="Active"><SubdivisionNumber>32740</SubdivisionNumber><SubdivisionName>Bob Cahn Homes</SubdivisionName><BuildOnYourLot>0</BuildOnYourLot><SalesOffice><Address OutOfCommunity="0"><Street1>7448 Creekside Ln SW</Street1><City>Rochester</City><State>WA</State><ZIP>98579</ZIP></Address><Phone><AreaCode>360</AreaCode><Prefix>239</Prefix><Suffix>3555</Suffix></Phone><Email> info@hinklehomesinc.com</Email></SalesOffice><SubDescription>Hinkle Homes Inc. has been a leading Northwest Home Builder for many years. Our founder, John Hinkle, believes that a home should reflect the personality of the home owner. That is why he got into the business. When he was looking for a builder for his own home, he couldn&#8217;t find one that provided the options that he wanted, the quality that he was looking for and the price range that was reasonable. John built his own home that year and started his career as a Home Builder. Today, Hinkle Homes Inc. provides a quality built home at a great value. We do this for every customer, every time. Since our inception in 1997, we have been privileged with an A+ rating with the Better Business Bureau. The core values that flow through the blood lines of this company are more than just words because this is a family owned business. When we say that we have a name to live up to, we mean it.</SubDescription><SubImage SequencePosition="1" Title="House1" ReferenceType="URL">https://www.hinklehomesinc.com/wp-content/uploads/2017/01/home_back.jpg</SubImage><SubImage SequencePosition="2" Title="House1" ReferenceType="URL">https://www.hinklehomesinc.com/wp-content/uploads/2017/01/house-300x225.jpg</SubImage><SubImage SequencePosition="3" Title="House1" ReferenceType="URL">https://www.hinklehomesinc.com/wp-content/uploads/2017/01/hard-hat-worker-300x225.jpg</SubImage><SubImage SequencePosition="4" Title="House1" ReferenceType="URL">https://www.hinklehomesinc.com/wp-content/uploads/2017/01/couple-300x225.jpg</SubImage><SubWebsite>https://www.hinklehomesinc.com/</SubWebsite></Subdivision></Builder></Corporation></Builders>