<Builders DateGenerated="2021-10-22T10:55:10"><Corporation><CorporateBuilderNumber>24157</CorporateBuilderNumber><CorporateState>IA</CorporateState><CorporateName>Experience Homes</CorporateName><Builder><BuilderNumber>52481</BuilderNumber><BrandName>Castle Pointe Homes</BrandName><BrandLogo_Med ReferenceType="URL">http://www.castlepointehomes.com/images/logo.png</BrandLogo_Med><ReportingName>Castle Pointe Homes</ReportingName><DefaultLeadsEmail LeadsPerMessage="All">leads@thebdx.com</DefaultLeadsEmail><BuilderWebsite>https://everviewhomes.com/</BuilderWebsite><Subdivision Status="Active"><SubdivisionNumber>52481</SubdivisionNumber><SubdivisionName>Castle Pointe Homes</SubdivisionName><BuildOnYourLot>0</BuildOnYourLot><SalesOffice><Address OutOfCommunity="0"><Street1>P.O. Box 7344</Street1><City>Amarillo</City><State>TX</State><ZIP>79114</ZIP></Address><Phone><AreaCode>806</AreaCode><Prefix>318</Prefix><Suffix>8686</Suffix></Phone><Email>bid@amarillobuilder.com</Email></SalesOffice><SubDescription>Whether you are looking to buy your first home or are ready to design the custom home of your dreams, Experience Homes are the Amarillo home builders for you. Our new construction homes offer energy efficiency, quality craftsmanship, and most importantly &#8211; a home that is uniquely yours!</SubDescription><SubImage SequencePosition="1" Title="House1" ReferenceType="URL">https://amarillobuilder.com/wp-content/uploads/2019/06/collagepic1-768x702.jpg</SubImage><SubImage SequencePosition="2" Title="House1" ReferenceType="URL">https://amarillobuilder.com/wp-content/uploads/2019/06/stove-e1591715549258.jpg</SubImage><SubImage SequencePosition="3" Title="House1" ReferenceType="URL">https://amarillobuilder.com/wp-content/uploads/2019/06/75258574_2701799283211656_2185144167519223808_o.jpg</SubImage><SubImage SequencePosition="4" Title="House1" ReferenceType="URL">https://amarillobuilder.com/wp-content/uploads/2020/02/4corners.jpg</SubImage><SubWebsite>https://everviewhomes.com/</SubWebsite><Plan Type="SingleFamily"><PlanNumber>Plan Unknown</PlanNumber><PlanName>Plan Unknown</PlanName><PlanNotAvailable>1</PlanNotAvailable><PlanTypeName>Single Family</PlanTypeName><BasePrice>0.00</BasePrice><BaseSqft>0</BaseSqft><Baths>1</Baths><HalfBaths>0</HalfBaths><Bedrooms MasterBedLocation="Down">1</Bedrooms><Garage>0.0</Garage><PlanImages/><PlanWebsite></PlanWebsite></Plan></Subdivision></Builder></Corporation></Builders>