<Builders DateGenerated="2021-10-22T10:58:23"><Corporation><CorporateBuilderNumber>56905</CorporateBuilderNumber><CorporateState>NC</CorporateState><CorporateName>Wes Trend Homes</CorporateName><Builder><BuilderNumber>21622</BuilderNumber><BrandName>Caviness &amp; Cates Communites</BrandName><BrandLogo_Med ReferenceType="URL">https://static.cavinessandcates.com/cavinesscates/images/caviness-cates-logo.png?v=8b04f19</BrandLogo_Med><ReportingName>Caviness &amp; Cates Communites</ReportingName><DefaultLeadsEmail LeadsPerMessage="All">leads@thebdx.com</DefaultLeadsEmail><BuilderWebsite>https://www.westrendhomes.com/</BuilderWebsite><Subdivision Status="Active"><SubdivisionNumber>21622</SubdivisionNumber><SubdivisionName>Caviness &amp; Cates Communites</SubdivisionName><BuildOnYourLot>0</BuildOnYourLot><SalesOffice><Address OutOfCommunity="0"><Street1>	WesTrend Homes, LLC 612 E. 2nd St.</Street1><City>Newberg</City><State>OR</State><ZIP>77303</ZIP></Address></SalesOffice><SubDescription>WesTrend Homes is an Oregon family owned business that for over 30 years has been building "Affordable Homes With Style" in the greater Salem/ Portland area. Come to one of our communities and see our "Affordable Homes With Style".</SubDescription><SubWebsite>https://www.westrendhomes.com/</SubWebsite></Subdivision></Builder></Corporation></Builders>