<Builders DateGenerated="2021-10-22T10:52:19"><Corporation><CorporateBuilderNumber>52798</CorporateBuilderNumber><CorporateState>CO</CorporateState><CorporateName>BlueStone Custom Builders</CorporateName><Builder><BuilderNumber>52297</BuilderNumber><BrandName>Celebrity Custom Homes</BrandName><BrandLogo_Med ReferenceType="URL">https://www.celebrityhomescolorado.com/wp-content/uploads/2019/04/CelebrityCustomLogo_Update.png</BrandLogo_Med><ReportingName>Celebrity Custom Homes</ReportingName><DefaultLeadsEmail LeadsPerMessage="All">leads@thebdx.com</DefaultLeadsEmail><BuilderWebsite>http://bluestonecustombuilders.com/</BuilderWebsite><Subdivision Status="Active"><SubdivisionNumber>52297</SubdivisionNumber><SubdivisionName>Celebrity Custom Homes</SubdivisionName><BuildOnYourLot>0</BuildOnYourLot><SalesOffice><Address OutOfCommunity="0"><Street1>P.O. Box 451042</Street1><City>Omaha</City><State>NE</State><ZIP>68145</ZIP></Address><Phone><AreaCode>402</AreaCode><Prefix>871</Prefix><Suffix>4411</Suffix></Phone><Email>info@bluestonecustombuilders.com</Email></SalesOffice><SubDescription>As a &#8220;Cost Plus&#8221; builder, we build custom homes in Omaha in the $400,000 &#8211; $1,000,000 price range, partnering with you throughout the entire home building process to ensure your dream home needs are met. Contact us today at (402) 871-4411 or to view model homes in Omaha and new construction homes in Omaha to find what you like best, and let&#8217;s build your dream home together! BlueStone Custom Builders is the premier custom home builder in Omaha, Nebraska; click here to see what people are saying about us.</SubDescription><SubImage SequencePosition="1" Title="House1" ReferenceType="URL">http://bluestonecustombuilders.com/wp-content/uploads/2014/11/270667_23-e1528913475890.jpg</SubImage><SubImage SequencePosition="2" Title="House1" ReferenceType="URL">http://bluestonecustombuilders.com/wp-content/uploads/2014/11/270667_26-e1528912833625.jpg</SubImage><SubImage SequencePosition="3" Title="House1" ReferenceType="URL">http://bluestonecustombuilders.com/wp-content/uploads/2014/11/264618_02-e1528914723664.jpg</SubImage><SubImage SequencePosition="4" Title="House1" ReferenceType="URL">http://bluestonecustombuilders.com/wp-content/uploads/2014/11/interior-02.jpg</SubImage><SubImage SequencePosition="5" Title="House1" ReferenceType="URL">http://bluestonecustombuilders.com/wp-content/uploads/2014/11/kitchen-02-e1528914124609.jpg</SubImage><SubWebsite>http://bluestonecustombuilders.com/</SubWebsite></Subdivision></Builder></Corporation></Builders>