<Builders DateGenerated="2021-10-22T10:55:57"><Corporation><CorporateBuilderNumber>52238</CorporateBuilderNumber><CorporateState>NE</CorporateState><CorporateName>Hofmann Design Build</CorporateName><Builder><BuilderNumber>32838</BuilderNumber><BrandName>Childers Custom Homes</BrandName><BrandLogo_Med ReferenceType="URL">https://www.childershomes.com/CustomData/150288906/img/responsivelogo.png</BrandLogo_Med><ReportingName>Childers Custom Homes</ReportingName><DefaultLeadsEmail LeadsPerMessage="All">leads@thebdx.com</DefaultLeadsEmail><BuilderWebsite>http://www.hofmanndb.com</BuilderWebsite><Subdivision Status="Active"><SubdivisionNumber>32838</SubdivisionNumber><SubdivisionName>Childers Custom Homes</SubdivisionName><BuildOnYourLot>0</BuildOnYourLot><SalesOffice><Address OutOfCommunity="0"><Street1>365 South Street</Street1><City>Morristown</City><State>NJ</State><ZIP>07960</ZIP></Address><Phone><AreaCode>973</AreaCode><Prefix>998</Prefix><Suffix>6820</Suffix></Phone><Email>ernie@hofmanndb.com</Email></SalesOffice><SubDescription>Ernie Hofmann has been in the construction industry for forty-three years. He began his career as an apprentice carpenter and worked in the field for ten years before earning a degree in civil engineering technology. In 1983 Ernie went on to establish Hofmann Design Build Inc., a full line design/build firm specializing in residential remodeling, custom home construction, historic restoration and light commercial remodeling. The company quickly earned its long standing reputation for innovative designs, dedication to quality, service, attention to details and completing projects on schedule, for which it has earned many awards</SubDescription><SubImage SequencePosition="1" Title="House1" ReferenceType="URL">https://www.hofmanndb.com/wp-content/uploads/2015/02/hofmanndb-home-1.jpg</SubImage><SubWebsite>http://www.hofmanndb.com</SubWebsite></Subdivision></Builder></Corporation></Builders>