<Builders DateGenerated="2021-10-22T10:53:40"><Corporation><CorporateBuilderNumber>56881</CorporateBuilderNumber><CorporateState>VA</CorporateState><CorporateName>Calyn Homes</CorporateName><Builder><BuilderNumber>49267</BuilderNumber><BrandName>Cohen Homes</BrandName><BrandLogo_Med ReferenceType="URL">http://kencohenhomes.com/images/mast_index.jpg</BrandLogo_Med><ReportingName>Cohen Homes</ReportingName><DefaultLeadsEmail LeadsPerMessage="All">leads@thebdx.com</DefaultLeadsEmail><BuilderWebsite>http://www.calynhomes.com/</BuilderWebsite><Subdivision Status="Active"><SubdivisionNumber>558911798048287674890960512689</SubdivisionNumber><SubdivisionName>Wolf Run</SubdivisionName><BuildOnYourLot>0</BuildOnYourLot><SalesOffice><Address OutOfCommunity="0"><City>Overland Park</City><State>KS</State><ZIP>66013</ZIP></Address><Phone><AreaCode>913</AreaCode><Prefix>777</Prefix><Suffix>6365</Suffix></Phone><Email>bigelow@bigelowhomes.net</Email></SalesOffice><SubDescription/><SubWebsite>http://www.calynhomes.com/wolf-run</SubWebsite><Plan Type="SingleFamily"><PlanNumber>Plan Unknown</PlanNumber><PlanName>Plan Unknown</PlanName><PlanNotAvailable>1</PlanNotAvailable><PlanTypeName>Single Family</PlanTypeName><BasePrice>0.00</BasePrice><BaseSqft>0</BaseSqft><Baths>1</Baths><HalfBaths>0</HalfBaths><Bedrooms MasterBedLocation="Down">1</Bedrooms><Garage>0.0</Garage><PlanImages/><PlanWebsite></PlanWebsite><Spec Type="SingleFamily"><SpecNumber>288814376342316982361483672766</SpecNumber><SpecAddress><SpecStreet1>17649 Crystal</SpecStreet1><SpecCity>Overland Park</SpecCity><SpecState>KS</SpecState><SpecZIP>66013</SpecZIP><SpecCountry>USA</SpecCountry></SpecAddress><SpecPrice>604950.00</SpecPrice><SpecSqft>0</SpecSqft><SpecBaths>4</SpecBaths><SpecHalfBaths>0</SpecHalfBaths><SpecBedrooms MasterBedLocation="Down">4</SpecBedrooms><SpecGarage>3.0</SpecGarage><SpecDescription></SpecDescription><SpecImages><SpecElevationImage SequencePosition="1" Title="" ReferenceType="URL">http://www.calynhomes.com/images/uploaded/thumb_658159926999360_pine-color-web_1.jpg</SpecElevationImage><SpecElevationImage SequencePosition="2" Title="" ReferenceType="URL">http://www.calynhomes.com/images/uploaded/thumb_257702610921114_pine-foots-flr01-web.jpg</SpecElevationImage><SpecElevationImage SequencePosition="3" Title="" ReferenceType="URL">http://www.calynhomes.com/images/uploaded/thumb_949810794088989_pine-foots-basement-web.jpg</SpecElevationImage></SpecImages><SpecWebsite>http://www.calynhomes.com/17649-crystal-in-wolf-run</SpecWebsite></Spec></Plan></Subdivision><Subdivision Status="Active"><SubdivisionNumber>578212821125519089176276425551</SubdivisionNumber><SubdivisionName>Timbers at Clear Creek</SubdivisionName><BuildOnYourLot>0</BuildOnYourLot><SalesOffice><Address OutOfCommunity="0"><Street1>24701 W 86TH Terrace</Street1><City>Lenexa</City><State>KS</State><ZIP>66227</ZIP></Address><Phone><AreaCode>913</AreaCode><Prefix>710</Prefix><Suffix>8300</Suffix></Phone><Email>bigelow@bigelowhomes.net</Email></SalesOffice><SubDescription/><SubImage SequencePosition="1" Title="House1" ReferenceType="URL">http://www.calynhomes.com/images/uploaded/685199268627911_timber_monument.jpg</SubImage><SubWebsite>http://www.calynhomes.com/timbers-at-clear-creek</SubWebsite><Plan Type="SingleFamily"><PlanNumber>576493356520525031475322313234</PlanNumber><PlanName>Pine Reverse</PlanName><PlanNotAvailable>0</PlanNotAvailable><PlanTypeName>Single Family</PlanTypeName><BasePrice>0.00</BasePrice><BaseSqft>0</BaseSqft><Baths>3</Baths><HalfBaths>0</HalfBaths><Bedrooms MasterBedLocation="Down">4</Bedrooms><Garage>3.0</Garage><Description>Calyn Homes is Johnson County's premier custom home builder. Founded on the principles of quality craftsmanship, hands-on service, and innovative design, Calyn Homes offers homebuyers a uniquely personal, one-on-one experience as they build their dream home in Olathe or Overland Park.</Description><PlanImages><ElevationImage SequencePosition="1" ReferenceType="URL">http://www.calynhomes.com/images/uploaded/863145276904106_290241_01.jpg</ElevationImage><ElevationImage SequencePosition="2" ReferenceType="URL">http://www.calynhomes.com/images/uploaded/thumb_355243425816297_290241_09.jpg</ElevationImage><ElevationImage SequencePosition="3" ReferenceType="URL">http://www.calynhomes.com/images/uploaded/thumb_46946985181421_pine_greatrm_02.jpg</ElevationImage><ElevationImage SequencePosition="4" ReferenceType="URL">http://www.calynhomes.com/images/uploaded/thumb_978281525894999_pine_back_02.jpg</ElevationImage><ElevationImage SequencePosition="5" ReferenceType="URL">http://www.calynhomes.com/images/uploaded/thumb_608204560820013_25049_w_87th_st_-_web-108.jpg</ElevationImage><ElevationImage SequencePosition="6" ReferenceType="URL">http://www.calynhomes.com/images/uploaded/thumb_360941314604133_25049_w_87th_st_-_web-126.jpg</ElevationImage><ElevationImage SequencePosition="7" ReferenceType="URL">http://www.calynhomes.com/images/uploaded/thumb_670833015348762_25049_w_87th_st_-_web-123.jpg</ElevationImage><ElevationImage SequencePosition="8" ReferenceType="URL">http://www.calynhomes.com/images/uploaded/thumb_720924175810068_25049_w_87th_st_-_web-130.jpg</ElevationImage><ElevationImage SequencePosition="9" ReferenceType="URL">http://www.calynhomes.com/images/uploaded/thumb_885300678201019_pine_back_01.jpg</ElevationImage><ElevationImage SequencePosition="10" ReferenceType="URL">http://www.calynhomes.com/images/uploaded/thumb_925271420273929_25049_w_87th_st_-_web-132.jpg</ElevationImage><ElevationImage SequencePosition="11" ReferenceType="URL">http://www.calynhomes.com/images/uploaded/thumb_919685227330774_pine_kit_04.jpg</ElevationImage><ElevationImage SequencePosition="12" ReferenceType="URL">http://www.calynhomes.com/images/uploaded/thumb_909285435918718_pine_front_02.jpg</ElevationImage><ElevationImage SequencePosition="13" ReferenceType="URL">http://www.calynhomes.com/images/uploaded/thumb_911857700906693_25049_w_87th_st_-_web-133.jpg</ElevationImage><ElevationImage SequencePosition="14" ReferenceType="URL">http://www.calynhomes.com/images/uploaded/thumb_432998796924948_pine_greatrm_beams.jpg</ElevationImage><ElevationImage SequencePosition="15" ReferenceType="URL">http://www.calynhomes.com/images/uploaded/thumb_897626094520092_25049_w_87th_st_-_web-141.jpg</ElevationImage><ElevationImage SequencePosition="16" ReferenceType="URL">http://www.calynhomes.com/images/uploaded/thumb_173047180287539_290241_04.jpg</ElevationImage><ElevationImage SequencePosition="17" ReferenceType="URL">http://www.calynhomes.com/images/uploaded/thumb_988701181020587_pine_screened_deck_01.jpg</ElevationImage><ElevationImage SequencePosition="18" ReferenceType="URL">http://www.calynhomes.com/images/uploaded/thumb_413592782802879_25049_w_87th_st_-_web-145.jpg</ElevationImage><ElevationImage SequencePosition="19" ReferenceType="URL">http://www.calynhomes.com/images/uploaded/thumb_474885951727628_290241_17.jpg</ElevationImage><ElevationImage SequencePosition="20" ReferenceType="URL">http://www.calynhomes.com/images/uploaded/thumb_313147054519504_25049_w_87th_st_-_web-114.jpg</ElevationImage><ElevationImage SequencePosition="21" ReferenceType="URL">http://www.calynhomes.com/images/uploaded/thumb_564617743249982_25049_w_87th_st_-_web-146.jpg</ElevationImage><ElevationImage SequencePosition="22" ReferenceType="URL">http://www.calynhomes.com/images/uploaded/thumb_622731020208448_25049_w_87th_st_-_web-117.jpg</ElevationImage><ElevationImage SequencePosition="23" ReferenceType="URL">http://www.calynhomes.com/images/uploaded/thumb_543711781036108_25049_w_87th_st_-_web-147.jpg</ElevationImage><ElevationImage SequencePosition="24" ReferenceType="URL">http://www.calynhomes.com/images/uploaded/thumb_479104888159781_pine_front_01.jpg</ElevationImage><ElevationImage SequencePosition="25" ReferenceType="URL">http://www.calynhomes.com/images/uploaded/thumb_951874349266290_25049_w_87th_st_-_web-150.jpg</ElevationImage><ElevationImage SequencePosition="26" ReferenceType="URL">http://www.calynhomes.com/images/uploaded/thumb_867383747827261_pine_front_03.jpg</ElevationImage><ElevationImage SequencePosition="27" ReferenceType="URL">http://www.calynhomes.com/images/uploaded/thumb_15830126125365_25049_w_87th_st_new_front_shots_-_web-102.jpg</ElevationImage><ElevationImage SequencePosition="28" ReferenceType="URL">http://www.calynhomes.com/images/uploaded/thumb_679433462675660_pine_kit_01.jpg</ElevationImage><ElevationImage SequencePosition="29" ReferenceType="URL">http://www.calynhomes.com/images/uploaded/thumb_28992556501179_290241_03.jpg</ElevationImage><ElevationImage SequencePosition="30" ReferenceType="URL">http://www.calynhomes.com/images/uploaded/thumb_187661275267601_pine_greatrm_03.jpg</ElevationImage><ElevationImage SequencePosition="31" ReferenceType="URL">http://www.calynhomes.com/images/uploaded/thumb_24877424351871_pine_rec_rm_03.jpg</ElevationImage><ElevationImage SequencePosition="32" ReferenceType="URL">http://www.calynhomes.com/images/uploaded/thumb_633849838748574_25049_w_87th_st_-_web-106.jpg</ElevationImage><ElevationImage SequencePosition="33" ReferenceType="URL">http://www.calynhomes.com/images/uploaded/thumb_991754090879112_25049_w_87th_st_-_web-110.jpg</ElevationImage><ElevationImage SequencePosition="34" ReferenceType="URL">http://www.calynhomes.com/images/uploaded/thumb_568947042338550_25049_w_87th_st_-_web-120.jpg</ElevationImage><ElevationImage SequencePosition="35" ReferenceType="URL">http://www.calynhomes.com/images/uploaded/thumb_756887626368552_290241_12.jpg</ElevationImage><ElevationImage SequencePosition="36" ReferenceType="URL">http://www.calynhomes.com/images/uploaded/thumb_625452161300927_pine_bw_elev_b.jpg</ElevationImage><ElevationImage SequencePosition="37" ReferenceType="URL">http://www.calynhomes.com/images/uploaded/thumb_803651358932256_pine_bw_elev_c.jpg</ElevationImage><ElevationImage SequencePosition="38" ReferenceType="URL">http://www.calynhomes.com/images/uploaded/thumb_212009015958756_pine_bw_elev_d.jpg</ElevationImage><ElevationImage SequencePosition="39" ReferenceType="URL">http://www.calynhomes.com/images/uploaded/thumb_835772543679922_pine_color_web.jpg</ElevationImage><ElevationImage SequencePosition="40" ReferenceType="URL">http://www.calynhomes.com/images/uploaded/thumb_357986483257263_pine-color-web_1.jpg</ElevationImage><ElevationImage SequencePosition="41" ReferenceType="URL">http://www.calynhomes.com/images/uploaded/thumb_24455059785395_pine-foots-flr01-web.jpg</ElevationImage><ElevationImage SequencePosition="42" ReferenceType="URL">http://www.calynhomes.com/images/uploaded/thumb_821777557022869_pine-foots-basement-web.jpg</ElevationImage></PlanImages><PlanWebsite>http://www.calynhomes.com/pine-reverse</PlanWebsite></Plan><Plan Type="SingleFamily"><PlanNumber>683124177774491945010578936525</PlanNumber><PlanName>Tahoe</PlanName><PlanNotAvailable>0</PlanNotAvailable><PlanTypeName>Single Family</PlanTypeName><BasePrice>0.00</BasePrice><BaseSqft>0</BaseSqft><Baths>3</Baths><HalfBaths>1</HalfBaths><Bedrooms MasterBedLocation="Down">4</Bedrooms><Garage>3.0</Garage><Description>Calyn Homes is Johnson County's premier custom home builder. Founded on the principles of quality craftsmanship, hands-on service, and innovative design, Calyn Homes offers homebuyers a uniquely personal, one-on-one experience as they build their dream home in Olathe or Overland Park.</Description><PlanImages><ElevationImage SequencePosition="1" ReferenceType="URL">http://www.calynhomes.com/images/uploaded/444972666911780_17091schweiger-final-101.jpg</ElevationImage><ElevationImage SequencePosition="2" ReferenceType="URL">http://www.calynhomes.com/images/uploaded/thumb_73698643594980_17305-schweiger-forest-hills-web-5.jpg</ElevationImage><ElevationImage SequencePosition="3" ReferenceType="URL">http://www.calynhomes.com/images/uploaded/thumb_42088227346539_16012_w_172nd_terrace_-_web-114.jpg</ElevationImage><ElevationImage SequencePosition="4" ReferenceType="URL">http://www.calynhomes.com/images/uploaded/thumb_264267314225435_16012_w_172nd_terrace_-_web-145.jpg</ElevationImage><ElevationImage SequencePosition="5" ReferenceType="URL">http://www.calynhomes.com/images/uploaded/thumb_343835713341832_16012_w_172nd_terrace_-_web-138.jpg</ElevationImage><ElevationImage SequencePosition="6" ReferenceType="URL">http://www.calynhomes.com/images/uploaded/thumb_949864996597170_16012_w_172nd_terrace_-_web-122.jpg</ElevationImage><ElevationImage SequencePosition="7" ReferenceType="URL">http://www.calynhomes.com/images/uploaded/thumb_867813721299171_16012_w_172nd_terrace_-_web-117.jpg</ElevationImage><ElevationImage SequencePosition="8" ReferenceType="URL">http://www.calynhomes.com/images/uploaded/thumb_348062058445066_16012_w_172nd_terrace_-_web-120.jpg</ElevationImage><ElevationImage SequencePosition="9" ReferenceType="URL">http://www.calynhomes.com/images/uploaded/thumb_833248202223330_16012_w_172nd_terrace_-_web-116.jpg</ElevationImage><ElevationImage SequencePosition="10" ReferenceType="URL">http://www.calynhomes.com/images/uploaded/thumb_925702705513686_16012_w_172nd_terrace_-_web-110.jpg</ElevationImage><ElevationImage SequencePosition="11" ReferenceType="URL">http://www.calynhomes.com/images/uploaded/thumb_648230836726725_16012_w_172nd_terrace_-_web-103.jpg</ElevationImage><ElevationImage SequencePosition="12" ReferenceType="URL">http://www.calynhomes.com/images/uploaded/thumb_910448933020234_17305-schweiger-forest-hills-web-11.jpg</ElevationImage><ElevationImage SequencePosition="13" ReferenceType="URL">http://www.calynhomes.com/images/uploaded/thumb_697736904025077_17305-schweiger-forest-hills-web-13.jpg</ElevationImage><ElevationImage SequencePosition="14" ReferenceType="URL">http://www.calynhomes.com/images/uploaded/thumb_259248799644410_17305-schweiger-forest-hills-web-8.jpg</ElevationImage><ElevationImage SequencePosition="15" ReferenceType="URL">http://www.calynhomes.com/images/uploaded/thumb_166369069367647_17305-schweiger-forest-hills-web-6.jpg</ElevationImage><ElevationImage SequencePosition="16" ReferenceType="URL">http://www.calynhomes.com/images/uploaded/thumb_905639047734439_16012_w_172nd_terrace_-_web-153.jpg</ElevationImage><ElevationImage SequencePosition="17" ReferenceType="URL">http://www.calynhomes.com/images/uploaded/thumb_419955541379749_tahoe_color_web.jpg</ElevationImage><ElevationImage SequencePosition="18" ReferenceType="URL">http://www.calynhomes.com/images/uploaded/thumb_734651470556855_tahoe_elev_b.jpg</ElevationImage><ElevationImage SequencePosition="19" ReferenceType="URL">http://www.calynhomes.com/images/uploaded/thumb_988537197466939_tahoe_foots_flr01.jpg</ElevationImage><ElevationImage SequencePosition="20" ReferenceType="URL">http://www.calynhomes.com/images/uploaded/thumb_903657354880124_tahoe_foots_flr02.jpg</ElevationImage></PlanImages><PlanWebsite>http://www.calynhomes.com/tahoe</PlanWebsite></Plan><Plan Type="SingleFamily"><PlanNumber>Plan Unknown</PlanNumber><PlanName>Plan Unknown</PlanName><PlanNotAvailable>1</PlanNotAvailable><PlanTypeName>Single Family</PlanTypeName><BasePrice>0.00</BasePrice><BaseSqft>0</BaseSqft><Baths>1</Baths><HalfBaths>0</HalfBaths><Bedrooms MasterBedLocation="Down">1</Bedrooms><Garage>0.0</Garage><PlanImages/><PlanWebsite></PlanWebsite><Spec Type="SingleFamily"><SpecNumber>29534091358756772633313031382</SpecNumber><SpecAddress><SpecStreet1>8952 Greeley</SpecStreet1><SpecCity>Lenexa</SpecCity><SpecState>KS</SpecState><SpecZIP>66227</SpecZIP><SpecCountry>USA</SpecCountry></SpecAddress><SpecPrice>615000.00</SpecPrice><SpecSqft>0</SpecSqft><SpecBaths>3</SpecBaths><SpecHalfBaths>0</SpecHalfBaths><SpecBedrooms MasterBedLocation="Down">4</SpecBedrooms><SpecGarage>3.0</SpecGarage><SpecDescription></SpecDescription><SpecImages><SpecElevationImage SequencePosition="1" Title="" ReferenceType="URL">http://www.calynhomes.com/images/uploaded/thumb_443536683451384_290241_03.jpg</SpecElevationImage><SpecElevationImage SequencePosition="2" Title="" ReferenceType="URL">http://www.calynhomes.com/images/uploaded/thumb_347092483658343_290241_06.jpg</SpecElevationImage><SpecElevationImage SequencePosition="3" Title="" ReferenceType="URL">http://www.calynhomes.com/images/uploaded/thumb_355366402771323_290241_04.jpg</SpecElevationImage><SpecElevationImage SequencePosition="4" Title="" ReferenceType="URL">http://www.calynhomes.com/images/uploaded/thumb_88512252084910_290241_18.jpg</SpecElevationImage><SpecElevationImage SequencePosition="5" Title="" ReferenceType="URL">http://www.calynhomes.com/images/uploaded/thumb_652802152093499_290241_17.jpg</SpecElevationImage><SpecElevationImage SequencePosition="6" Title="" ReferenceType="URL">http://www.calynhomes.com/images/uploaded/thumb_69541581440716_290241_14.jpg</SpecElevationImage><SpecElevationImage SequencePosition="7" Title="" ReferenceType="URL">http://www.calynhomes.com/images/uploaded/thumb_921791433822363_290241_09.jpg</SpecElevationImage><SpecElevationImage SequencePosition="8" Title="" ReferenceType="URL">http://www.calynhomes.com/images/uploaded/thumb_979158718604594_290241_08.jpg</SpecElevationImage><SpecElevationImage SequencePosition="9" Title="" ReferenceType="URL">http://www.calynhomes.com/images/uploaded/thumb_370986640918999_290241_20.jpg</SpecElevationImage><SpecElevationImage SequencePosition="10" Title="" ReferenceType="URL">http://www.calynhomes.com/images/uploaded/thumb_590654103085398_290241_25.jpg</SpecElevationImage><SpecElevationImage SequencePosition="11" Title="" ReferenceType="URL">http://www.calynhomes.com/images/uploaded/thumb_909198540262878_290241_01.jpg</SpecElevationImage><SpecElevationImage SequencePosition="12" Title="" ReferenceType="URL">http://www.calynhomes.com/images/uploaded/thumb_632521041203290_pine_main_floor.jpg</SpecElevationImage><SpecElevationImage SequencePosition="13" Title="" ReferenceType="URL">http://www.calynhomes.com/images/uploaded/thumb_40321075357496_pine_foundation.jpg</SpecElevationImage></SpecImages><SpecWebsite>http://www.calynhomes.com/8952-greeley-in-timbers-at-clear-creek</SpecWebsite></Spec><Spec Type="SingleFamily"><SpecNumber>451723336843050602585076651401</SpecNumber><SpecAddress><SpecStreet1>24789 W 89th Terr</SpecStreet1><SpecCity>Lenexa</SpecCity><SpecState>KS</SpecState><SpecZIP>66227</SpecZIP><SpecCountry>USA</SpecCountry></SpecAddress><SpecPrice>530000.00</SpecPrice><SpecSqft>0</SpecSqft><SpecBaths>3</SpecBaths><SpecHalfBaths>1</SpecHalfBaths><SpecBedrooms MasterBedLocation="Down">4</SpecBedrooms><SpecGarage>3.0</SpecGarage><SpecDescription></SpecDescription><SpecImages><SpecElevationImage SequencePosition="1" Title="" ReferenceType="URL">http://www.calynhomes.com/images/uploaded/thumb_35440997686237_17091schweiger-final-107.jpg</SpecElevationImage><SpecElevationImage SequencePosition="2" Title="" ReferenceType="URL">http://www.calynhomes.com/images/uploaded/thumb_735231194179505_17091schweiger-final-113.jpg</SpecElevationImage><SpecElevationImage SequencePosition="3" Title="" ReferenceType="URL">http://www.calynhomes.com/images/uploaded/thumb_395308373495936_17091schweiger-final-119.jpg</SpecElevationImage><SpecElevationImage SequencePosition="4" Title="" ReferenceType="URL">http://www.calynhomes.com/images/uploaded/thumb_342192922253161_17091schweiger-final-114.jpg</SpecElevationImage><SpecElevationImage SequencePosition="5" Title="" ReferenceType="URL">http://www.calynhomes.com/images/uploaded/thumb_12309392448514_17091schweiger-final-135.jpg</SpecElevationImage><SpecElevationImage SequencePosition="6" Title="" ReferenceType="URL">http://www.calynhomes.com/images/uploaded/thumb_788762969896197_17091schweiger-final-115.jpg</SpecElevationImage><SpecElevationImage SequencePosition="7" Title="" ReferenceType="URL">http://www.calynhomes.com/images/uploaded/thumb_611752797849476_17091schweiger-final-133.jpg</SpecElevationImage><SpecElevationImage SequencePosition="8" Title="" ReferenceType="URL">http://www.calynhomes.com/images/uploaded/thumb_649780451320111_tahoe-color-web.jpg</SpecElevationImage><SpecElevationImage SequencePosition="9" Title="" ReferenceType="URL">http://www.calynhomes.com/images/uploaded/thumb_793519042432308_tahoe-foots-flr01.jpg</SpecElevationImage><SpecElevationImage SequencePosition="10" Title="" ReferenceType="URL">http://www.calynhomes.com/images/uploaded/thumb_566879942081868_tahoe-foots-flr02.jpg</SpecElevationImage></SpecImages><SpecWebsite>http://www.calynhomes.com/24789-w-89th-terr-in-timbers-at-clear-creek</SpecWebsite></Spec></Plan><Plan Type="SingleFamily"><PlanNumber>465279426096363496893097465454</PlanNumber><PlanName>Cypress</PlanName><PlanNotAvailable>0</PlanNotAvailable><PlanTypeName>Single Family</PlanTypeName><BasePrice>0.00</BasePrice><BaseSqft>0</BaseSqft><Baths>2</Baths><HalfBaths>0</HalfBaths><Bedrooms MasterBedLocation="Down">3</Bedrooms><Garage>3.0</Garage><Description>Calyn Homes is Johnson County's premier custom home builder. Founded on the principles of quality craftsmanship, hands-on service, and innovative design, Calyn Homes offers homebuyers a uniquely personal, one-on-one experience as they build their dream home in Olathe or Overland Park.</Description><PlanImages><ElevationImage SequencePosition="1" ReferenceType="URL">http://www.calynhomes.com/images/uploaded/633231859654188_25085w87thterrace-final-102.jpg</ElevationImage><ElevationImage SequencePosition="2" ReferenceType="URL">http://www.calynhomes.com/images/uploaded/thumb_343461844138801_25085w87thterrace-final-104.jpg</ElevationImage><ElevationImage SequencePosition="3" ReferenceType="URL">http://www.calynhomes.com/images/uploaded/thumb_41353875305503_25085w87thterrace-final-105.jpg</ElevationImage><ElevationImage SequencePosition="4" ReferenceType="URL">http://www.calynhomes.com/images/uploaded/thumb_616034247912466_25085w87thterrace-final-110.jpg</ElevationImage><ElevationImage SequencePosition="5" ReferenceType="URL">http://www.calynhomes.com/images/uploaded/thumb_362929602619260_25085w87thterrace-final-113.jpg</ElevationImage><ElevationImage SequencePosition="6" ReferenceType="URL">http://www.calynhomes.com/images/uploaded/thumb_267016934230923_25085w87thterrace-final-116.jpg</ElevationImage><ElevationImage SequencePosition="7" ReferenceType="URL">http://www.calynhomes.com/images/uploaded/thumb_405022553168237_25085w87thterrace-final-119.jpg</ElevationImage><ElevationImage SequencePosition="8" ReferenceType="URL">http://www.calynhomes.com/images/uploaded/thumb_625564030371606_25085w87thterrace-final-127.jpg</ElevationImage><ElevationImage SequencePosition="9" ReferenceType="URL">http://www.calynhomes.com/images/uploaded/thumb_128230142407119_25085w87thterrace-final-132.jpg</ElevationImage><ElevationImage SequencePosition="10" ReferenceType="URL">http://www.calynhomes.com/images/uploaded/thumb_327058091759681_25085w87thterrace-final-134.jpg</ElevationImage><ElevationImage SequencePosition="11" ReferenceType="URL">http://www.calynhomes.com/images/uploaded/thumb_633231859654188_25085w87thterrace-final-102.jpg</ElevationImage><ElevationImage SequencePosition="12" ReferenceType="URL">http://www.calynhomes.com/images/uploaded/thumb_104842456988990_cypress_main_floor.jpg</ElevationImage></PlanImages><PlanWebsite>http://www.calynhomes.com/cypress</PlanWebsite></Plan></Subdivision><Subdivision Status="Active"><SubdivisionNumber>784461268016864028429133342155</SubdivisionNumber><SubdivisionName>Boulder Springs</SubdivisionName><BuildOnYourLot>0</BuildOnYourLot><SalesOffice><Address OutOfCommunity="0"><City>Spring Hill</City><State>KS</State><ZIP>66083</ZIP></Address><Phone><AreaCode>913</AreaCode><Prefix>530</Prefix><Suffix>2553</Suffix></Phone><Email>bigelow@bigelowhomes.net</Email></SalesOffice><SubDescription/><SubWebsite>http://www.calynhomes.com/boulder-springs</SubWebsite><Plan Type="SingleFamily"><PlanNumber>Plan Unknown</PlanNumber><PlanName>Plan Unknown</PlanName><PlanNotAvailable>1</PlanNotAvailable><PlanTypeName>Single Family</PlanTypeName><BasePrice>0.00</BasePrice><BaseSqft>0</BaseSqft><Baths>1</Baths><HalfBaths>0</HalfBaths><Bedrooms MasterBedLocation="Down">1</Bedrooms><Garage>0.0</Garage><PlanImages/><PlanWebsite></PlanWebsite><Spec Type="SingleFamily"><SpecNumber>121211975342211026414574502254</SpecNumber><SpecAddress><SpecStreet1>19615 W 196th Terr</SpecStreet1><SpecCity>Spring Hill</SpecCity><SpecState>KS</SpecState><SpecZIP>66083</SpecZIP><SpecCountry>USA</SpecCountry></SpecAddress><SpecPrice>439950.00</SpecPrice><SpecSqft>0</SpecSqft><SpecBaths>3</SpecBaths><SpecHalfBaths>1</SpecHalfBaths><SpecBedrooms MasterBedLocation="Down">4</SpecBedrooms><SpecGarage>3.0</SpecGarage><SpecDescription></SpecDescription><SpecImages><SpecElevationImage SequencePosition="1" Title="" ReferenceType="URL">http://www.calynhomes.com/images/uploaded/thumb_346814421471208_19607w197thterr-final-105.jpg</SpecElevationImage><SpecElevationImage SequencePosition="2" Title="" ReferenceType="URL">http://www.calynhomes.com/images/uploaded/thumb_260552759282290_19607w197thterr-final-146.jpg</SpecElevationImage><SpecElevationImage SequencePosition="3" Title="" ReferenceType="URL">http://www.calynhomes.com/images/uploaded/thumb_255601020995527_19607w197thterr-final-141.jpg</SpecElevationImage><SpecElevationImage SequencePosition="4" Title="" ReferenceType="URL">http://www.calynhomes.com/images/uploaded/thumb_923457452561706_19607w197thterr-final-138.jpg</SpecElevationImage><SpecElevationImage SequencePosition="5" Title="" ReferenceType="URL">http://www.calynhomes.com/images/uploaded/thumb_503610183950513_19607w197thterr-final-136.jpg</SpecElevationImage><SpecElevationImage SequencePosition="6" Title="" ReferenceType="URL">http://www.calynhomes.com/images/uploaded/thumb_178854219149798_19607w197thterr-final-135.jpg</SpecElevationImage><SpecElevationImage SequencePosition="7" Title="" ReferenceType="URL">http://www.calynhomes.com/images/uploaded/thumb_442695077508688_19607w197thterr-final-134.jpg</SpecElevationImage><SpecElevationImage SequencePosition="8" Title="" ReferenceType="URL">http://www.calynhomes.com/images/uploaded/thumb_645690131932_19607w197thterr-final-127.jpg</SpecElevationImage><SpecElevationImage SequencePosition="9" Title="" ReferenceType="URL">http://www.calynhomes.com/images/uploaded/thumb_436985666397959_19607w197thterr-final-120.jpg</SpecElevationImage><SpecElevationImage SequencePosition="10" Title="" ReferenceType="URL">http://www.calynhomes.com/images/uploaded/thumb_595502212177962_19607w197thterr-final-118.jpg</SpecElevationImage><SpecElevationImage SequencePosition="11" Title="" ReferenceType="URL">http://www.calynhomes.com/images/uploaded/thumb_368255765642970_19607w197thterr-final-115.jpg</SpecElevationImage><SpecElevationImage SequencePosition="12" Title="" ReferenceType="URL">http://www.calynhomes.com/images/uploaded/thumb_792383681982755_19607w197thterr-final-113.jpg</SpecElevationImage><SpecElevationImage SequencePosition="13" Title="" ReferenceType="URL">http://www.calynhomes.com/images/uploaded/thumb_966937536373734_19607w197thterr-final-106.jpg</SpecElevationImage><SpecElevationImage SequencePosition="14" Title="" ReferenceType="URL">http://www.calynhomes.com/images/uploaded/thumb_358911809977144_19607w197thterr-final-108.jpg</SpecElevationImage><SpecElevationImage SequencePosition="15" Title="" ReferenceType="URL">http://www.calynhomes.com/images/uploaded/thumb_175265914294868_19607w197thterr-final-102.jpg</SpecElevationImage><SpecElevationImage SequencePosition="16" Title="" ReferenceType="URL">http://www.calynhomes.com/images/uploaded/thumb_607849276158958_alpine_foots_flr01.jpg</SpecElevationImage><SpecElevationImage SequencePosition="17" Title="" ReferenceType="URL">http://www.calynhomes.com/images/uploaded/thumb_909044122789055_alpine_foots_flr02.jpg</SpecElevationImage></SpecImages><SpecWebsite>http://www.calynhomes.com/19615-w-196th-terr-in-boulder-springs</SpecWebsite></Spec></Plan></Subdivision><Subdivision Status="Active"><SubdivisionNumber>916755704241663384952427547102</SubdivisionNumber><SubdivisionName>Forest Hills</SubdivisionName><BuildOnYourLot>0</BuildOnYourLot><SalesOffice><Address OutOfCommunity="0"><Street1>17251 S Legler Road</Street1><City>Olathe</City><State>KS</State><ZIP>66062</ZIP></Address><Phone><AreaCode>913</AreaCode><Prefix>522</Prefix><Suffix>2122</Suffix></Phone><Email>bigelow@bigelowhomes.net</Email></SalesOffice><SubDescription/><SubImage SequencePosition="1" Title="House1" ReferenceType="URL">http://www.calynhomes.com/images/uploaded/176393787376582_forest_hills_monument.jpg</SubImage><SubWebsite>http://www.calynhomes.com/forest-hills</SubWebsite><Plan Type="SingleFamily"><PlanNumber>900479394782629815125110337123</PlanNumber><PlanName>Sierra</PlanName><PlanNotAvailable>0</PlanNotAvailable><PlanTypeName>Single Family</PlanTypeName><BasePrice>0.00</BasePrice><BaseSqft>0</BaseSqft><Baths>3</Baths><HalfBaths>1</HalfBaths><Bedrooms MasterBedLocation="Down">4</Bedrooms><Garage>3.0</Garage><Description>Calyn Homes is Johnson County's premier custom home builder. Founded on the principles of quality craftsmanship, hands-on service, and innovative design, Calyn Homes offers homebuyers a uniquely personal, one-on-one experience as they build their dream home in Olathe or Overland Park.</Description><PlanImages><ElevationImage SequencePosition="1" ReferenceType="URL">http://www.calynhomes.com/images/uploaded/497981196269392_sierra_front.jpg</ElevationImage><ElevationImage SequencePosition="2" ReferenceType="URL">http://www.calynhomes.com/images/uploaded/thumb_488989341538399_sierra_boot_bench.jpg</ElevationImage><ElevationImage SequencePosition="3" ReferenceType="URL">http://www.calynhomes.com/images/uploaded/thumb_62586928717792_sierra_mba.jpg</ElevationImage><ElevationImage SequencePosition="4" ReferenceType="URL">http://www.calynhomes.com/images/uploaded/thumb_517417666967958_sierra_kit-01.jpg</ElevationImage><ElevationImage SequencePosition="5" ReferenceType="URL">http://www.calynhomes.com/images/uploaded/thumb_145682493690401_sierra_kit_white_02.jpg</ElevationImage><ElevationImage SequencePosition="6" ReferenceType="URL">http://www.calynhomes.com/images/uploaded/thumb_650690883863717_sierra_kit_white_01.jpg</ElevationImage><ElevationImage SequencePosition="7" ReferenceType="URL">http://www.calynhomes.com/images/uploaded/thumb_978250050917267_sierra_kit_03.jpg</ElevationImage><ElevationImage SequencePosition="8" ReferenceType="URL">http://www.calynhomes.com/images/uploaded/thumb_931128462776541_sierra_kit_02.jpg</ElevationImage><ElevationImage SequencePosition="9" ReferenceType="URL">http://www.calynhomes.com/images/uploaded/thumb_141222083941102_sierra_great_rm.jpg</ElevationImage><ElevationImage SequencePosition="10" ReferenceType="URL">http://www.calynhomes.com/images/uploaded/thumb_497981196269392_sierra_front.jpg</ElevationImage><ElevationImage SequencePosition="11" ReferenceType="URL">http://www.calynhomes.com/images/uploaded/thumb_718638198915869_sierra_entry.jpg</ElevationImage><ElevationImage SequencePosition="12" ReferenceType="URL">http://www.calynhomes.com/images/uploaded/thumb_315243737306445_sierra_dining_rm.jpg</ElevationImage><ElevationImage SequencePosition="13" ReferenceType="URL">http://www.calynhomes.com/images/uploaded/thumb_738792283926159_sierra_breakfast-01.jpg</ElevationImage><ElevationImage SequencePosition="14" ReferenceType="URL">http://www.calynhomes.com/images/uploaded/thumb_905028219800442_sierra_breakfast_02.jpg</ElevationImage><ElevationImage SequencePosition="15" ReferenceType="URL">http://www.calynhomes.com/images/uploaded/thumb_222032809164375_sierra_upper_hall.jpg</ElevationImage><ElevationImage SequencePosition="16" ReferenceType="URL">http://www.calynhomes.com/images/uploaded/thumb_715087396558374_sierra_bw__elev_b.jpg</ElevationImage><ElevationImage SequencePosition="17" ReferenceType="URL">http://www.calynhomes.com/images/uploaded/thumb_397825074382126_sierra_bw_elev_c.jpg</ElevationImage><ElevationImage SequencePosition="18" ReferenceType="URL">http://www.calynhomes.com/images/uploaded/thumb_37987891584634_sierra_bw_elev_d.jpg</ElevationImage><ElevationImage SequencePosition="19" ReferenceType="URL">http://www.calynhomes.com/images/uploaded/thumb_829564501997083_sierra_color_web.jpg</ElevationImage><ElevationImage SequencePosition="20" ReferenceType="URL">http://www.calynhomes.com/images/uploaded/thumb_909942131023854_sierra_footprint.jpg</ElevationImage><ElevationImage SequencePosition="21" ReferenceType="URL">http://www.calynhomes.com/images/uploaded/thumb_229059907607734_sierra_foots_flr01.jpg</ElevationImage><ElevationImage SequencePosition="22" ReferenceType="URL">http://www.calynhomes.com/images/uploaded/thumb_813975566066801_sierra_foots_flr02.jpg</ElevationImage></PlanImages><PlanWebsite>http://www.calynhomes.com/sierra</PlanWebsite></Plan><Plan Type="SingleFamily"><PlanNumber>542129291214584684171632576236</PlanNumber><PlanName>Alpine</PlanName><PlanNotAvailable>0</PlanNotAvailable><PlanTypeName>Single Family</PlanTypeName><BasePrice>0.00</BasePrice><BaseSqft>0</BaseSqft><Baths>3</Baths><HalfBaths>1</HalfBaths><Bedrooms MasterBedLocation="Down">4</Bedrooms><Garage>3.0</Garage><Description>Calyn Homes is Johnson County's premier custom home builder. Founded on the principles of quality craftsmanship, hands-on service, and innovative design, Calyn Homes offers homebuyers a uniquely personal, one-on-one experience as they build their dream home in Olathe or Overland Park.</Description><PlanImages><ElevationImage SequencePosition="1" ReferenceType="URL">http://www.calynhomes.com/images/uploaded/932357887737453_alpine_bw_web.jpg</ElevationImage><ElevationImage SequencePosition="2" ReferenceType="URL">http://www.calynhomes.com/images/uploaded/thumb_607849276158958_alpine_foots_flr01.jpg</ElevationImage><ElevationImage SequencePosition="3" ReferenceType="URL">http://www.calynhomes.com/images/uploaded/thumb_909044122789055_alpine_foots_flr02.jpg</ElevationImage></PlanImages><PlanWebsite>http://www.calynhomes.com/alpine</PlanWebsite></Plan><Plan Type="SingleFamily"><PlanNumber>576493356520525031475322313234</PlanNumber><PlanName>Pine Reverse</PlanName><PlanNotAvailable>0</PlanNotAvailable><PlanTypeName>Single Family</PlanTypeName><BasePrice>0.00</BasePrice><BaseSqft>0</BaseSqft><Baths>3</Baths><HalfBaths>0</HalfBaths><Bedrooms MasterBedLocation="Down">4</Bedrooms><Garage>3.0</Garage><Description>Calyn Homes is Johnson County's premier custom home builder. Founded on the principles of quality craftsmanship, hands-on service, and innovative design, Calyn Homes offers homebuyers a uniquely personal, one-on-one experience as they build their dream home in Olathe or Overland Park.</Description><PlanImages><ElevationImage SequencePosition="1" ReferenceType="URL">http://www.calynhomes.com/images/uploaded/863145276904106_290241_01.jpg</ElevationImage><ElevationImage SequencePosition="2" ReferenceType="URL">http://www.calynhomes.com/images/uploaded/thumb_355243425816297_290241_09.jpg</ElevationImage><ElevationImage SequencePosition="3" ReferenceType="URL">http://www.calynhomes.com/images/uploaded/thumb_46946985181421_pine_greatrm_02.jpg</ElevationImage><ElevationImage SequencePosition="4" ReferenceType="URL">http://www.calynhomes.com/images/uploaded/thumb_978281525894999_pine_back_02.jpg</ElevationImage><ElevationImage SequencePosition="5" ReferenceType="URL">http://www.calynhomes.com/images/uploaded/thumb_608204560820013_25049_w_87th_st_-_web-108.jpg</ElevationImage><ElevationImage SequencePosition="6" ReferenceType="URL">http://www.calynhomes.com/images/uploaded/thumb_360941314604133_25049_w_87th_st_-_web-126.jpg</ElevationImage><ElevationImage SequencePosition="7" ReferenceType="URL">http://www.calynhomes.com/images/uploaded/thumb_670833015348762_25049_w_87th_st_-_web-123.jpg</ElevationImage><ElevationImage SequencePosition="8" ReferenceType="URL">http://www.calynhomes.com/images/uploaded/thumb_720924175810068_25049_w_87th_st_-_web-130.jpg</ElevationImage><ElevationImage SequencePosition="9" ReferenceType="URL">http://www.calynhomes.com/images/uploaded/thumb_885300678201019_pine_back_01.jpg</ElevationImage><ElevationImage SequencePosition="10" ReferenceType="URL">http://www.calynhomes.com/images/uploaded/thumb_925271420273929_25049_w_87th_st_-_web-132.jpg</ElevationImage><ElevationImage SequencePosition="11" ReferenceType="URL">http://www.calynhomes.com/images/uploaded/thumb_919685227330774_pine_kit_04.jpg</ElevationImage><ElevationImage SequencePosition="12" ReferenceType="URL">http://www.calynhomes.com/images/uploaded/thumb_909285435918718_pine_front_02.jpg</ElevationImage><ElevationImage SequencePosition="13" ReferenceType="URL">http://www.calynhomes.com/images/uploaded/thumb_911857700906693_25049_w_87th_st_-_web-133.jpg</ElevationImage><ElevationImage SequencePosition="14" ReferenceType="URL">http://www.calynhomes.com/images/uploaded/thumb_432998796924948_pine_greatrm_beams.jpg</ElevationImage><ElevationImage SequencePosition="15" ReferenceType="URL">http://www.calynhomes.com/images/uploaded/thumb_897626094520092_25049_w_87th_st_-_web-141.jpg</ElevationImage><ElevationImage SequencePosition="16" ReferenceType="URL">http://www.calynhomes.com/images/uploaded/thumb_173047180287539_290241_04.jpg</ElevationImage><ElevationImage SequencePosition="17" ReferenceType="URL">http://www.calynhomes.com/images/uploaded/thumb_988701181020587_pine_screened_deck_01.jpg</ElevationImage><ElevationImage SequencePosition="18" ReferenceType="URL">http://www.calynhomes.com/images/uploaded/thumb_413592782802879_25049_w_87th_st_-_web-145.jpg</ElevationImage><ElevationImage SequencePosition="19" ReferenceType="URL">http://www.calynhomes.com/images/uploaded/thumb_474885951727628_290241_17.jpg</ElevationImage><ElevationImage SequencePosition="20" ReferenceType="URL">http://www.calynhomes.com/images/uploaded/thumb_313147054519504_25049_w_87th_st_-_web-114.jpg</ElevationImage><ElevationImage SequencePosition="21" ReferenceType="URL">http://www.calynhomes.com/images/uploaded/thumb_564617743249982_25049_w_87th_st_-_web-146.jpg</ElevationImage><ElevationImage SequencePosition="22" ReferenceType="URL">http://www.calynhomes.com/images/uploaded/thumb_622731020208448_25049_w_87th_st_-_web-117.jpg</ElevationImage><ElevationImage SequencePosition="23" ReferenceType="URL">http://www.calynhomes.com/images/uploaded/thumb_543711781036108_25049_w_87th_st_-_web-147.jpg</ElevationImage><ElevationImage SequencePosition="24" ReferenceType="URL">http://www.calynhomes.com/images/uploaded/thumb_479104888159781_pine_front_01.jpg</ElevationImage><ElevationImage SequencePosition="25" ReferenceType="URL">http://www.calynhomes.com/images/uploaded/thumb_951874349266290_25049_w_87th_st_-_web-150.jpg</ElevationImage><ElevationImage SequencePosition="26" ReferenceType="URL">http://www.calynhomes.com/images/uploaded/thumb_867383747827261_pine_front_03.jpg</ElevationImage><ElevationImage SequencePosition="27" ReferenceType="URL">http://www.calynhomes.com/images/uploaded/thumb_15830126125365_25049_w_87th_st_new_front_shots_-_web-102.jpg</ElevationImage><ElevationImage SequencePosition="28" ReferenceType="URL">http://www.calynhomes.com/images/uploaded/thumb_679433462675660_pine_kit_01.jpg</ElevationImage><ElevationImage SequencePosition="29" ReferenceType="URL">http://www.calynhomes.com/images/uploaded/thumb_28992556501179_290241_03.jpg</ElevationImage><ElevationImage SequencePosition="30" ReferenceType="URL">http://www.calynhomes.com/images/uploaded/thumb_187661275267601_pine_greatrm_03.jpg</ElevationImage><ElevationImage SequencePosition="31" ReferenceType="URL">http://www.calynhomes.com/images/uploaded/thumb_24877424351871_pine_rec_rm_03.jpg</ElevationImage><ElevationImage SequencePosition="32" ReferenceType="URL">http://www.calynhomes.com/images/uploaded/thumb_633849838748574_25049_w_87th_st_-_web-106.jpg</ElevationImage><ElevationImage SequencePosition="33" ReferenceType="URL">http://www.calynhomes.com/images/uploaded/thumb_991754090879112_25049_w_87th_st_-_web-110.jpg</ElevationImage><ElevationImage SequencePosition="34" ReferenceType="URL">http://www.calynhomes.com/images/uploaded/thumb_568947042338550_25049_w_87th_st_-_web-120.jpg</ElevationImage><ElevationImage SequencePosition="35" ReferenceType="URL">http://www.calynhomes.com/images/uploaded/thumb_756887626368552_290241_12.jpg</ElevationImage><ElevationImage SequencePosition="36" ReferenceType="URL">http://www.calynhomes.com/images/uploaded/thumb_625452161300927_pine_bw_elev_b.jpg</ElevationImage><ElevationImage SequencePosition="37" ReferenceType="URL">http://www.calynhomes.com/images/uploaded/thumb_803651358932256_pine_bw_elev_c.jpg</ElevationImage><ElevationImage SequencePosition="38" ReferenceType="URL">http://www.calynhomes.com/images/uploaded/thumb_212009015958756_pine_bw_elev_d.jpg</ElevationImage><ElevationImage SequencePosition="39" ReferenceType="URL">http://www.calynhomes.com/images/uploaded/thumb_835772543679922_pine_color_web.jpg</ElevationImage><ElevationImage SequencePosition="40" ReferenceType="URL">http://www.calynhomes.com/images/uploaded/thumb_357986483257263_pine-color-web_1.jpg</ElevationImage><ElevationImage SequencePosition="41" ReferenceType="URL">http://www.calynhomes.com/images/uploaded/thumb_24455059785395_pine-foots-flr01-web.jpg</ElevationImage><ElevationImage SequencePosition="42" ReferenceType="URL">http://www.calynhomes.com/images/uploaded/thumb_821777557022869_pine-foots-basement-web.jpg</ElevationImage></PlanImages><PlanWebsite>http://www.calynhomes.com/pine-reverse</PlanWebsite></Plan><Plan Type="SingleFamily"><PlanNumber>Plan Unknown</PlanNumber><PlanName>Plan Unknown</PlanName><PlanNotAvailable>1</PlanNotAvailable><PlanTypeName>Single Family</PlanTypeName><BasePrice>0.00</BasePrice><BaseSqft>0</BaseSqft><Baths>1</Baths><HalfBaths>0</HalfBaths><Bedrooms MasterBedLocation="Down">1</Bedrooms><Garage>0.0</Garage><PlanImages/><PlanWebsite></PlanWebsite></Plan><Plan Type="SingleFamily"><PlanNumber>683124177774491945010578936525</PlanNumber><PlanName>Tahoe</PlanName><PlanNotAvailable>0</PlanNotAvailable><PlanTypeName>Single Family</PlanTypeName><BasePrice>0.00</BasePrice><BaseSqft>0</BaseSqft><Baths>3</Baths><HalfBaths>1</HalfBaths><Bedrooms MasterBedLocation="Down">4</Bedrooms><Garage>3.0</Garage><Description>Calyn Homes is Johnson County's premier custom home builder. Founded on the principles of quality craftsmanship, hands-on service, and innovative design, Calyn Homes offers homebuyers a uniquely personal, one-on-one experience as they build their dream home in Olathe or Overland Park.</Description><PlanImages><ElevationImage SequencePosition="1" ReferenceType="URL">http://www.calynhomes.com/images/uploaded/444972666911780_17091schweiger-final-101.jpg</ElevationImage><ElevationImage SequencePosition="2" ReferenceType="URL">http://www.calynhomes.com/images/uploaded/thumb_73698643594980_17305-schweiger-forest-hills-web-5.jpg</ElevationImage><ElevationImage SequencePosition="3" ReferenceType="URL">http://www.calynhomes.com/images/uploaded/thumb_42088227346539_16012_w_172nd_terrace_-_web-114.jpg</ElevationImage><ElevationImage SequencePosition="4" ReferenceType="URL">http://www.calynhomes.com/images/uploaded/thumb_264267314225435_16012_w_172nd_terrace_-_web-145.jpg</ElevationImage><ElevationImage SequencePosition="5" ReferenceType="URL">http://www.calynhomes.com/images/uploaded/thumb_343835713341832_16012_w_172nd_terrace_-_web-138.jpg</ElevationImage><ElevationImage SequencePosition="6" ReferenceType="URL">http://www.calynhomes.com/images/uploaded/thumb_949864996597170_16012_w_172nd_terrace_-_web-122.jpg</ElevationImage><ElevationImage SequencePosition="7" ReferenceType="URL">http://www.calynhomes.com/images/uploaded/thumb_867813721299171_16012_w_172nd_terrace_-_web-117.jpg</ElevationImage><ElevationImage SequencePosition="8" ReferenceType="URL">http://www.calynhomes.com/images/uploaded/thumb_348062058445066_16012_w_172nd_terrace_-_web-120.jpg</ElevationImage><ElevationImage SequencePosition="9" ReferenceType="URL">http://www.calynhomes.com/images/uploaded/thumb_833248202223330_16012_w_172nd_terrace_-_web-116.jpg</ElevationImage><ElevationImage SequencePosition="10" ReferenceType="URL">http://www.calynhomes.com/images/uploaded/thumb_925702705513686_16012_w_172nd_terrace_-_web-110.jpg</ElevationImage><ElevationImage SequencePosition="11" ReferenceType="URL">http://www.calynhomes.com/images/uploaded/thumb_648230836726725_16012_w_172nd_terrace_-_web-103.jpg</ElevationImage><ElevationImage SequencePosition="12" ReferenceType="URL">http://www.calynhomes.com/images/uploaded/thumb_910448933020234_17305-schweiger-forest-hills-web-11.jpg</ElevationImage><ElevationImage SequencePosition="13" ReferenceType="URL">http://www.calynhomes.com/images/uploaded/thumb_697736904025077_17305-schweiger-forest-hills-web-13.jpg</ElevationImage><ElevationImage SequencePosition="14" ReferenceType="URL">http://www.calynhomes.com/images/uploaded/thumb_259248799644410_17305-schweiger-forest-hills-web-8.jpg</ElevationImage><ElevationImage SequencePosition="15" ReferenceType="URL">http://www.calynhomes.com/images/uploaded/thumb_166369069367647_17305-schweiger-forest-hills-web-6.jpg</ElevationImage><ElevationImage SequencePosition="16" ReferenceType="URL">http://www.calynhomes.com/images/uploaded/thumb_905639047734439_16012_w_172nd_terrace_-_web-153.jpg</ElevationImage><ElevationImage SequencePosition="17" ReferenceType="URL">http://www.calynhomes.com/images/uploaded/thumb_419955541379749_tahoe_color_web.jpg</ElevationImage><ElevationImage SequencePosition="18" ReferenceType="URL">http://www.calynhomes.com/images/uploaded/thumb_734651470556855_tahoe_elev_b.jpg</ElevationImage><ElevationImage SequencePosition="19" ReferenceType="URL">http://www.calynhomes.com/images/uploaded/thumb_988537197466939_tahoe_foots_flr01.jpg</ElevationImage><ElevationImage SequencePosition="20" ReferenceType="URL">http://www.calynhomes.com/images/uploaded/thumb_903657354880124_tahoe_foots_flr02.jpg</ElevationImage></PlanImages><PlanWebsite>http://www.calynhomes.com/tahoe</PlanWebsite></Plan></Subdivision><Subdivision Status="Active"><SubdivisionNumber>917065346820029951661921670096</SubdivisionNumber><SubdivisionName>Boulder Creek</SubdivisionName><BuildOnYourLot>0</BuildOnYourLot><SalesOffice><Address OutOfCommunity="0"><City>Olathe</City><State>KS</State><ZIP>66062</ZIP></Address><Phone><AreaCode>913</AreaCode><Prefix>522</Prefix><Suffix>2122</Suffix></Phone><Email>bigelow@bigelowhomes.net</Email></SalesOffice><SubDescription/><SubWebsite>http://www.calynhomes.com/boulder-creek</SubWebsite><Plan Type="SingleFamily"><PlanNumber>Plan Unknown</PlanNumber><PlanName>Plan Unknown</PlanName><PlanNotAvailable>1</PlanNotAvailable><PlanTypeName>Single Family</PlanTypeName><BasePrice>0.00</BasePrice><BaseSqft>0</BaseSqft><Baths>1</Baths><HalfBaths>0</HalfBaths><Bedrooms MasterBedLocation="Down">1</Bedrooms><Garage>0.0</Garage><PlanImages/><PlanWebsite></PlanWebsite><Spec Type="SingleFamily"><SpecNumber>166087805788631260921906451229</SpecNumber><SpecAddress><SpecStreet1>16974 Penrose</SpecStreet1><SpecCity>Lenexa</SpecCity><SpecState>KS</SpecState><SpecZIP>66227</SpecZIP><SpecCountry>USA</SpecCountry></SpecAddress><SpecPrice>545000.00</SpecPrice><SpecSqft>0</SpecSqft><SpecBaths>3</SpecBaths><SpecHalfBaths>0</SpecHalfBaths><SpecBedrooms MasterBedLocation="Down">4</SpecBedrooms><SpecGarage>3.0</SpecGarage><SpecDescription></SpecDescription><SpecImages><SpecElevationImage SequencePosition="1" Title="" ReferenceType="URL">http://www.calynhomes.com/images/uploaded/thumb_402250971179455_calyn_model-1019.jpg</SpecElevationImage><SpecElevationImage SequencePosition="2" Title="" ReferenceType="URL">http://www.calynhomes.com/images/uploaded/thumb_476742440834641_calyn_model-1024.jpg</SpecElevationImage><SpecElevationImage SequencePosition="3" Title="" ReferenceType="URL">http://www.calynhomes.com/images/uploaded/thumb_272661072202026_calyn_model-1039.jpg</SpecElevationImage><SpecElevationImage SequencePosition="4" Title="" ReferenceType="URL">http://www.calynhomes.com/images/uploaded/thumb_584461461752653_calyn_model-1003.jpg</SpecElevationImage><SpecElevationImage SequencePosition="5" Title="" ReferenceType="URL">http://www.calynhomes.com/images/uploaded/thumb_235669762361794_calyn_model-1002.jpg</SpecElevationImage><SpecElevationImage SequencePosition="6" Title="" ReferenceType="URL">http://www.calynhomes.com/images/uploaded/thumb_288021572865545_calyn_model-1017.jpg</SpecElevationImage><SpecElevationImage SequencePosition="7" Title="" ReferenceType="URL">http://www.calynhomes.com/images/uploaded/thumb_354889245238155_timberline-elev_c.jpg</SpecElevationImage><SpecElevationImage SequencePosition="8" Title="" ReferenceType="URL">http://www.calynhomes.com/images/uploaded/thumb_89573900215327_timberline-level01.jpg</SpecElevationImage><SpecElevationImage SequencePosition="9" Title="" ReferenceType="URL">http://www.calynhomes.com/images/uploaded/thumb_735105073079466_timberline_level02_.jpg</SpecElevationImage></SpecImages><SpecWebsite>http://www.calynhomes.com/16974-penrose-in-boulder-creek</SpecWebsite></Spec><Spec Type="SingleFamily"><SpecNumber>895871248401265926352957074461</SpecNumber><SpecAddress><SpecStreet1>17177 W 170th St</SpecStreet1><SpecCity>Olathe</SpecCity><SpecState>KS</SpecState><SpecZIP>66062</SpecZIP><SpecCountry>USA</SpecCountry></SpecAddress><SpecPrice>615000.00</SpecPrice><SpecSqft>0</SpecSqft><SpecBaths>3</SpecBaths><SpecHalfBaths>1</SpecHalfBaths><SpecBedrooms MasterBedLocation="Down">4</SpecBedrooms><SpecGarage>3.0</SpecGarage><SpecDescription></SpecDescription><SpecImages><SpecElevationImage SequencePosition="1" Title="" ReferenceType="URL">http://www.calynhomes.com/images/uploaded/thumb_550687738694250_294034_08.jpg</SpecElevationImage><SpecElevationImage SequencePosition="2" Title="" ReferenceType="URL">http://www.calynhomes.com/images/uploaded/thumb_931306516751647_294034_07.jpg</SpecElevationImage><SpecElevationImage SequencePosition="3" Title="" ReferenceType="URL">http://www.calynhomes.com/images/uploaded/thumb_807435071561485_294034_19.jpg</SpecElevationImage><SpecElevationImage SequencePosition="4" Title="" ReferenceType="URL">http://www.calynhomes.com/images/uploaded/thumb_624589152634143_294034_04.jpg</SpecElevationImage><SpecElevationImage SequencePosition="5" Title="" ReferenceType="URL">http://www.calynhomes.com/images/uploaded/thumb_671920721419155_294034_25.jpg</SpecElevationImage><SpecElevationImage SequencePosition="6" Title="" ReferenceType="URL">http://www.calynhomes.com/images/uploaded/thumb_447652185335755_212009015958756_pine_bw_elev_d.jpg</SpecElevationImage><SpecElevationImage SequencePosition="7" Title="" ReferenceType="URL">http://www.calynhomes.com/images/uploaded/thumb_798492450732737_pine-foots-basement.jpg</SpecElevationImage><SpecElevationImage SequencePosition="8" Title="" ReferenceType="URL">http://www.calynhomes.com/images/uploaded/thumb_177896139677613_pine-foots-flr01-web.jpg</SpecElevationImage></SpecImages><SpecWebsite>http://www.calynhomes.com/17177-w-170th-st-in-boulder-creek</SpecWebsite></Spec></Plan></Subdivision></Builder></Corporation></Builders>