<Builders DateGenerated="2021-10-22T10:54:55"><Corporation><CorporateBuilderNumber>48373</CorporateBuilderNumber><CorporateState>AL</CorporateState><CorporateName>Gemstone Homes</CorporateName><Builder><BuilderNumber>26156</BuilderNumber><BrandName>Compass Homes (AL)</BrandName><BrandLogo_Med ReferenceType="URL">https://compassal.com/wp-content/uploads/2020/05/compass-homes-logo-white-resized.png</BrandLogo_Med><ReportingName>Compass Homes (AL)</ReportingName><DefaultLeadsEmail LeadsPerMessage="All">leads@thebdx.com</DefaultLeadsEmail><BuilderWebsite>gemstoneproperties.com</BuilderWebsite><Subdivision Status="Active"><SubdivisionNumber>26156</SubdivisionNumber><SubdivisionName>Compass Homes (AL)</SubdivisionName><BuildOnYourLot>0</BuildOnYourLot><SalesOffice><Address OutOfCommunity="0"><Street1>2608 W 510 N Hurricane</Street1><City>Hurricane</City><State>UT</State><ZIP>84737</ZIP></Address><Phone><AreaCode>435</AreaCode><Prefix>862</Prefix><Suffix>6202</Suffix></Phone><Email> stacie@gemstoneproperties.com</Email></SalesOffice><SubDescription>Come in and choose your own home selections today! You are involved throughout the whole home building process. Including you in the construction process helps us better serve your needs and wants, giving you the home you've always dreamed and making your next house a place you love to call home. Surrounded by mountain views of Pine Valley, Snow Canyon, and Zion National Park that you don't want to miss. Call us today to schedule an appointment or stop by our office.</SubDescription><SubImage SequencePosition="1" Title="House1" ReferenceType="URL">https://www.gemstoneproperties.com/images/banner.jpg</SubImage><SubWebsite>gemstoneproperties.com</SubWebsite></Subdivision></Builder></Corporation></Builders>