<Builders DateGenerated="2021-10-22T10:51:45"><Corporation><CorporateBuilderNumber>14468</CorporateBuilderNumber><CorporateState>CO</CorporateState><CorporateName>Vts Homes</CorporateName><Builder><BuilderNumber>21070</BuilderNumber><BrandName>Cornerstone Contracting, LLC</BrandName><BrandLogo_Med ReferenceType="URL">https://buildcornerstone.com/wp-content/uploads/2017/06/cornerstone-homes-logo.png</BrandLogo_Med><ReportingName>Cornerstone Contracting, LLC</ReportingName><DefaultLeadsEmail LeadsPerMessage="All">leads@thebdx.com</DefaultLeadsEmail><BuilderWebsite>http://www.vtshomes.com/</BuilderWebsite><Subdivision Status="Active"><SubdivisionNumber>21070</SubdivisionNumber><SubdivisionName>Cornerstone Contracting, LLC</SubdivisionName><BuildOnYourLot>0</BuildOnYourLot><SalesOffice><Address OutOfCommunity="0"><Street1>7 Town Center Dr, Suite 102</Street1><City>Huntsville</City><State>AL</State><ZIP>35806</ZIP></Address><Phone><AreaCode>256</AreaCode><Prefix>704</Prefix><Suffix>3333</Suffix></Phone><Email>info@vtshomes.com</Email></SalesOffice><SubDescription>VTS builds homes where Value meets Tradition and Stability. We know today's homebuyers are seeking value and quality craftsmanship to provide both daily joy and long-term stable investment. Value, tradition and stability are the underpinnings of every home we design. At VTS Homes, we maintain the traditions of quality and character that are typically only seen in established, traditional neighborhoods.VTS Homes can build your next home in one of our communities or on your lot.</SubDescription><SubImage SequencePosition="1" Title="House1" ReferenceType="URL">http://www.vtshomes.com/images/slideshow/home-7.jpg</SubImage><SubImage SequencePosition="2" Title="House1" ReferenceType="URL">http://www.vtshomes.com/images/slideshow/home-2.jpg</SubImage><SubImage SequencePosition="3" Title="House1" ReferenceType="URL">http://www.vtshomes.com/images/slideshow/home-21.png</SubImage><SubImage SequencePosition="4" Title="House1" ReferenceType="URL">http://www.vtshomes.com/images/slideshow/home-3.jpg</SubImage><SubImage SequencePosition="5" Title="House1" ReferenceType="URL">http://www.vtshomes.com/images/slideshow/home-10.jpg</SubImage><SubImage SequencePosition="6" Title="House1" ReferenceType="URL">http://www.vtshomes.com/images/slideshow/home-4.jpg</SubImage><SubImage SequencePosition="7" Title="House1" ReferenceType="URL">http://www.vtshomes.com/images/slideshow/home-8.jpg</SubImage><SubImage SequencePosition="8" Title="House1" ReferenceType="URL">http://www.vtshomes.com/images/slideshow/home-12.jpg</SubImage><SubImage SequencePosition="9" Title="House1" ReferenceType="URL">http://www.vtshomes.com/images/slideshow/home-9.jpg</SubImage><SubImage SequencePosition="10" Title="House1" ReferenceType="URL">http://www.vtshomes.com/images/slideshow/home-13.jpg</SubImage><SubImage SequencePosition="11" Title="House1" ReferenceType="URL">http://www.vtshomes.com/images/slideshow/home-20.png</SubImage><SubImage SequencePosition="12" Title="House1" ReferenceType="URL">http://www.vtshomes.com/images/slideshow/home-1.png</SubImage><SubWebsite>http://www.vtshomes.com/</SubWebsite><Plan Type="SingleFamily"><PlanNumber>939176143793797873032487214055</PlanNumber><PlanName>Longfellow House</PlanName><PlanNotAvailable>0</PlanNotAvailable><PlanTypeName>Single Family</PlanTypeName><BasePrice>0.00</BasePrice><BaseSqft>3588</BaseSqft><Baths>3</Baths><HalfBaths>1</HalfBaths><Bedrooms MasterBedLocation="Down">4</Bedrooms><Garage>0.0</Garage><Description>Longfellow House, 3588 SF, 4 BR, 3.5 BA, 2 Floors, Master Main</Description><PlanImages><ElevationImage SequencePosition="1" ReferenceType="URL">http://www.vtshomes.com/images/portfolio/longfellow-house.jpg</ElevationImage></PlanImages><PlanWebsite>plans/Longfellow-House.pdf</PlanWebsite></Plan><Plan Type="SingleFamily"><PlanNumber>939176143793797873032487214055</PlanNumber><PlanName>Stockton</PlanName><PlanNotAvailable>0</PlanNotAvailable><PlanTypeName>Single Family</PlanTypeName><BasePrice>0.00</BasePrice><BaseSqft>1700</BaseSqft><Baths>2</Baths><HalfBaths>1</HalfBaths><Bedrooms MasterBedLocation="Down">3</Bedrooms><Garage>0.0</Garage><Description>Stockton, 1700 SF, 3 BR, 2.5 BA, 2 Floors</Description><PlanImages><ElevationImage SequencePosition="1" ReferenceType="URL">http://www.vtshomes.com/images/portfolio/stockton.jpg</ElevationImage></PlanImages><PlanWebsite>plans/Stockton.pdf</PlanWebsite></Plan><Plan Type="SingleFamily"><PlanNumber>939176143793797873032487214055</PlanNumber><PlanName>Bradford Bungalow</PlanName><PlanNotAvailable>0</PlanNotAvailable><PlanTypeName>Single Family</PlanTypeName><BasePrice>0.00</BasePrice><BaseSqft>1793</BaseSqft><Baths>2</Baths><HalfBaths>0</HalfBaths><Bedrooms MasterBedLocation="Down">3</Bedrooms><Garage>0.0</Garage><Description>Bradford Bungalow, 1793 SP, 3 BR, 2 BA, Single Level</Description><PlanImages><ElevationImage SequencePosition="1" ReferenceType="URL">http://www.vtshomes.com/images/portfolio/bradford-bungalow.jpg</ElevationImage></PlanImages><PlanWebsite>plans/Bradford-Bungalow.pdf</PlanWebsite></Plan><Plan Type="SingleFamily"><PlanNumber>939176143793797873032487214055</PlanNumber><PlanName>Bradley Hills</PlanName><PlanNotAvailable>0</PlanNotAvailable><PlanTypeName>Single Family</PlanTypeName><BasePrice>0.00</BasePrice><BaseSqft>2421</BaseSqft><Baths>3</Baths><HalfBaths>1</HalfBaths><Bedrooms MasterBedLocation="Down">4</Bedrooms><Garage>0.0</Garage><Description>Bradley Hills, 2421 SF, 4 BR, 3.5 BA, 2 Floors, Master Main</Description><PlanImages><ElevationImage SequencePosition="1" ReferenceType="URL">http://www.vtshomes.com/images/portfolio/bradley-hills.jpg</ElevationImage></PlanImages><PlanWebsite>plans/Bradley-Hills.pdf</PlanWebsite></Plan><Plan Type="SingleFamily"><PlanNumber>939176143793797873032487214055</PlanNumber><PlanName>Chapman Cottage</PlanName><PlanNotAvailable>0</PlanNotAvailable><PlanTypeName>Single Family</PlanTypeName><BasePrice>0.00</BasePrice><BaseSqft>1522</BaseSqft><Baths>2</Baths><HalfBaths>0</HalfBaths><Bedrooms MasterBedLocation="Down">3</Bedrooms><Garage>0.0</Garage><Description>Chapman Cottage, 1522 SF, 3 BR, 2 BA, Single Level</Description><PlanImages><ElevationImage SequencePosition="1" ReferenceType="URL">http://www.vtshomes.com/images/portfolio/chapman-cottage.jpg</ElevationImage></PlanImages><PlanWebsite>plans/Chapman-Cottage.pdf</PlanWebsite><Spec Type="SingleFamily"><SpecNumber>706502812821743973248395352891</SpecNumber><SpecAddress><SpecStreet1>75 Town Center Drive</SpecStreet1><SpecCity> Huntsville</SpecCity><SpecState>AL</SpecState><SpecZIP>35806</SpecZIP><SpecCountry>USA</SpecCountry></SpecAddress><SpecPrice>683000.00</SpecPrice><SpecSqft>4053</SpecSqft><SpecBaths>5</SpecBaths><SpecHalfBaths>0</SpecHalfBaths><SpecBedrooms MasterBedLocation="Down">5</SpecBedrooms><SpecGarage>3.0</SpecGarage><SpecDescription>Next to Greenway &amp; Meeting House/Gym/Pool!</SpecDescription><SpecImages><SpecElevationImage SequencePosition="1" Title="" ReferenceType="URL">http://www.vtshomes.com/images/move-in-ready-homes/Longfellow-75-Town-Center.png</SpecElevationImage></SpecImages><SpecWebsite>http://www.vtshomes.com/move-in-ready/75_town_center_flyer.pdf</SpecWebsite></Spec></Plan><Plan Type="SingleFamily"><PlanNumber>939176143793797873032487214055</PlanNumber><PlanName>Hamilton House</PlanName><PlanNotAvailable>0</PlanNotAvailable><PlanTypeName>Single Family</PlanTypeName><BasePrice>0.00</BasePrice><BaseSqft>2014</BaseSqft><Baths>2</Baths><HalfBaths>1</HalfBaths><Bedrooms MasterBedLocation="Down">3</Bedrooms><Garage>0.0</Garage><Description>Hamilton House, 2014 SF, 3 BR, 2.5 BA, 2 Floors, Master Main</Description><PlanImages><ElevationImage SequencePosition="1" ReferenceType="URL">http://www.vtshomes.com/images/portfolio/hamilton-house.jpg</ElevationImage></PlanImages><PlanWebsite>plans/Hamilton-House.pdf</PlanWebsite></Plan><Plan Type="SingleFamily"><PlanNumber>939176143793797873032487214055</PlanNumber><PlanName>Hinsley Park</PlanName><PlanNotAvailable>0</PlanNotAvailable><PlanTypeName>Single Family</PlanTypeName><BasePrice>0.00</BasePrice><BaseSqft>2855</BaseSqft><Baths>3</Baths><HalfBaths>1</HalfBaths><Bedrooms MasterBedLocation="Down">4</Bedrooms><Garage>0.0</Garage><Description>Hinsley Park, 2855 SF, 4 BR, 3.5 BA, 2 Floors, Master Main</Description><PlanImages><ElevationImage SequencePosition="1" ReferenceType="URL">http://www.vtshomes.com/images/portfolio/hinsley-park.jpg</ElevationImage></PlanImages><PlanWebsite>plans/Hinsley-Park.pdf</PlanWebsite></Plan><Plan Type="SingleFamily"><PlanNumber>939176143793797873032487214055</PlanNumber><PlanName>Stockton with Basement</PlanName><PlanNotAvailable>0</PlanNotAvailable><PlanTypeName>Single Family</PlanTypeName><BasePrice>0.00</BasePrice><BaseSqft>2096</BaseSqft><Baths>2</Baths><HalfBaths>1</HalfBaths><Bedrooms MasterBedLocation="Down">3</Bedrooms><Garage>0.0</Garage><Description>Stockton with Basement, 2096 SF, 3 BR, 2.5 BA, 2 Floors w/ Basement</Description><PlanImages><ElevationImage SequencePosition="1" ReferenceType="URL">http://www.vtshomes.com/images/portfolio/stockton-basement.jpg</ElevationImage></PlanImages><PlanWebsite>plans/Stockton-Basement.pdf</PlanWebsite></Plan><Plan Type="SingleFamily"><PlanNumber>939176143793797873032487214055</PlanNumber><PlanName>Hillsdale House</PlanName><PlanNotAvailable>0</PlanNotAvailable><PlanTypeName>Single Family</PlanTypeName><BasePrice>0.00</BasePrice><BaseSqft>2509</BaseSqft><Baths>3</Baths><HalfBaths>0</HalfBaths><Bedrooms MasterBedLocation="Down">4</Bedrooms><Garage>0.0</Garage><Description>Hillsdale House, 2509 SF, 4 BR, 3 BA, 2 Floors, Guest Main</Description><PlanImages><ElevationImage SequencePosition="1" ReferenceType="URL">http://www.vtshomes.com/images/portfolio/hillsdale-house.jpg</ElevationImage></PlanImages><PlanWebsite>plans/Hillsdale-House.pdf</PlanWebsite></Plan><Plan Type="SingleFamily"><PlanNumber>939176143793797873032487214055</PlanNumber><PlanName>Erskine Row</PlanName><PlanNotAvailable>0</PlanNotAvailable><PlanTypeName>Single Family</PlanTypeName><BasePrice>0.00</BasePrice><BaseSqft>3123</BaseSqft><Baths>3</Baths><HalfBaths>1</HalfBaths><Bedrooms MasterBedLocation="Down">4</Bedrooms><Garage>0.0</Garage><Description>Erskine Row, 3123 SF, 4 BR, 3.5 BA, 2 Floors, Master Main</Description><PlanImages><ElevationImage SequencePosition="1" ReferenceType="URL">http://www.vtshomes.com/images/portfolio/erskine-row.jpg</ElevationImage></PlanImages><PlanWebsite>plans/Erskine-Row.pdf</PlanWebsite></Plan><Plan Type="SingleFamily"><PlanNumber>939176143793797873032487214055</PlanNumber><PlanName>Franklin House</PlanName><PlanNotAvailable>0</PlanNotAvailable><PlanTypeName>Single Family</PlanTypeName><BasePrice>0.00</BasePrice><BaseSqft>2286</BaseSqft><Baths>2</Baths><HalfBaths>1</HalfBaths><Bedrooms MasterBedLocation="Down">3</Bedrooms><Garage>0.0</Garage><Description>Franklin House, 2286 SF, 3 BR, 2.5 BA, Single Level</Description><PlanImages><ElevationImage SequencePosition="1" ReferenceType="URL">http://www.vtshomes.com/images/portfolio/franklin-house.jpg</ElevationImage></PlanImages><PlanWebsite>plans/Franklin-House.pdf</PlanWebsite></Plan><Plan Type="SingleFamily"><PlanNumber>939176143793797873032487214055</PlanNumber><PlanName>Anson Park</PlanName><PlanNotAvailable>0</PlanNotAvailable><PlanTypeName>Single Family</PlanTypeName><BasePrice>0.00</BasePrice><BaseSqft>2243</BaseSqft><Baths>2</Baths><HalfBaths>1</HalfBaths><Bedrooms MasterBedLocation="Down">3</Bedrooms><Garage>0.0</Garage><Description>Anson Park, 2243 SF, 3 BR, 2.5 BA, 2 Floors, Master Main</Description><PlanImages><ElevationImage SequencePosition="1" ReferenceType="URL">http://www.vtshomes.com/images/portfolio/anson-park.jpg</ElevationImage></PlanImages><PlanWebsite>plans/Anson-Park.pdf</PlanWebsite></Plan><Plan Type="SingleFamily"><PlanNumber>939176143793797873032487214055</PlanNumber><PlanName>Lowry Place</PlanName><PlanNotAvailable>0</PlanNotAvailable><PlanTypeName>Single Family</PlanTypeName><BasePrice>0.00</BasePrice><BaseSqft>1890</BaseSqft><Baths>2</Baths><HalfBaths>1</HalfBaths><Bedrooms MasterBedLocation="Down">3</Bedrooms><Garage>0.0</Garage><Description>Lowry Place, 1890 SF, 3 BR, 2.5 BA, Single Level</Description><PlanImages><ElevationImage SequencePosition="1" ReferenceType="URL">http://www.vtshomes.com/images/portfolio/lowry-place.jpg</ElevationImage></PlanImages><PlanWebsite>plans/Lowry-Place.pdf</PlanWebsite></Plan><Plan Type="SingleFamily"><PlanNumber>939176143793797873032487214055</PlanNumber><PlanName>Villa Sorrento</PlanName><PlanNotAvailable>0</PlanNotAvailable><PlanTypeName>Single Family</PlanTypeName><BasePrice>0.00</BasePrice><BaseSqft>3277</BaseSqft><Baths>3</Baths><HalfBaths>1</HalfBaths><Bedrooms MasterBedLocation="Down">4</Bedrooms><Garage>0.0</Garage><Description>Villa Sorrento, 3277 SF, 4 BR, 3.5 BA, 2 Floors, Master Main</Description><PlanImages><ElevationImage SequencePosition="1" ReferenceType="URL">http://www.vtshomes.com/images/portfolio/villa-sorrento.jpg</ElevationImage></PlanImages><PlanWebsite>plans/Villa-Sorrento.pdf</PlanWebsite></Plan></Subdivision></Builder></Corporation></Builders>