<Builders DateGenerated="2021-10-22T10:54:09"><Corporation><CorporateBuilderNumber>49005</CorporateBuilderNumber><CorporateState>MO</CorporateState><CorporateName>Cramer Custom Homes</CorporateName><Builder><BuilderNumber>51983</BuilderNumber><BrandName>Country Hills Custom Homes</BrandName><BrandLogo_Med ReferenceType="URL">http://chillsco.com/images/logo.png</BrandLogo_Med><ReportingName>Country Hills Custom Homes</ReportingName><DefaultLeadsEmail LeadsPerMessage="All">leads@thebdx.com</DefaultLeadsEmail><BuilderWebsite>http://cramercustomhomes.com/</BuilderWebsite><Subdivision Status="Active"><SubdivisionNumber>51983</SubdivisionNumber><SubdivisionName>Country Hills Custom Homes</SubdivisionName><BuildOnYourLot>0</BuildOnYourLot><SalesOffice><Address OutOfCommunity="0"><Street1>PO BOX 1181</Street1><City>Mahomet</City><State>IL</State><ZIP>61853</ZIP></Address><Phone><AreaCode>217</AreaCode><Prefix>840</Prefix><Suffix>9178</Suffix></Phone></SalesOffice><SubDescription>Put aside the notion that building a home is an &#8220;overwhelming&#8221; experience.Our goal is to make sure that building your home with Cramer Homes is exciting and memorable. Our design and supply partners make the selection process easy and fun! You may only build one home in a lifetime; our objective as your home builder is to be sure you enjoy the whole process and the finished product!</SubDescription><SubImage SequencePosition="1" Title="House1" ReferenceType="URL">http://cramercustomhomes.net/wp-content/uploads/2013/10/Home_Page_Pix_1_1900x1100.jpg</SubImage><SubImage SequencePosition="2" Title="House1" ReferenceType="URL">http://cramercustomhomes.net/wp-content/uploads/2013/10/Home_Page_Pix_5_1900x1100.jpg</SubImage><SubImage SequencePosition="3" Title="House1" ReferenceType="URL">http://cramercustomhomes.net/wp-content/uploads/2013/10/Home_Page_Pix_2_1900x1100.jpg</SubImage><SubImage SequencePosition="4" Title="House1" ReferenceType="URL">http://cramercustomhomes.net/wp-content/uploads/2013/10/Home_page_Pix_4_1900x1100.jpg</SubImage><SubImage SequencePosition="5" Title="House1" ReferenceType="URL">http://cramercustomhomes.net/wp-content/uploads/2013/10/Home_Page_Pix_6_1900x1100.jpg</SubImage><SubImage SequencePosition="6" Title="House1" ReferenceType="URL">http://cramercustomhomes.net/wp-content/uploads/2013/10/Home_Page_Pix_2_1900x1100.jpg</SubImage><SubWebsite>http://cramercustomhomes.com/</SubWebsite></Subdivision></Builder></Corporation></Builders>