<Builders DateGenerated="2021-10-22T10:58:24"><Corporation><CorporateBuilderNumber>51860</CorporateBuilderNumber><CorporateState>IL</CorporateState><CorporateName>Tranquility Homes</CorporateName><Builder><BuilderNumber>19814</BuilderNumber><BrandName>Cramer Homes</BrandName><BrandLogo_Med ReferenceType="URL">http://cramercustomhomes.net/wp-content/uploads/2013/10/CCHlogo_263x172.png</BrandLogo_Med><ReportingName>Cramer Homes</ReportingName><DefaultLeadsEmail LeadsPerMessage="All">leads@thebdx.com</DefaultLeadsEmail><BuilderWebsite>tranquilityokc.com</BuilderWebsite><Subdivision Status="Active"><SubdivisionNumber>19814</SubdivisionNumber><SubdivisionName>Cramer Homes</SubdivisionName><BuildOnYourLot>0</BuildOnYourLot><SalesOffice><Address OutOfCommunity="0"><Street1>19533 Rambling Creek Drive</Street1><City>Edmond</City><State>OK</State><ZIP>73012</ZIP></Address><Phone><AreaCode>405</AreaCode><Prefix>252</Prefix><Suffix>1152</Suffix></Phone><Email>sales@tranquilitycustomhomes.com</Email></SalesOffice><SubDescription>Tranquility Custom Homes builds in the Oklahoma City Metro Area in these communities or on your own land.  We can also purchase lots in other communities...just ask us if there is a specific area you are interested in building in!</SubDescription><SubWebsite>tranquilityokc.com</SubWebsite><Plan Type="SingleFamily"><PlanNumber>748418308079437854677409356827</PlanNumber><PlanName>The Kilton</PlanName><PlanNotAvailable>0</PlanNotAvailable><PlanTypeName>Single Family</PlanTypeName><BasePrice>0.00</BasePrice><BaseSqft>1999</BaseSqft><Baths>2</Baths><HalfBaths>0</HalfBaths><Bedrooms MasterBedLocation="Down">3</Bedrooms><Garage>2.0</Garage><Description>One of our most popular plans for homes under 2000 sf! It's easy to customize it just the way you want it, but as-is, it's pretty perfect! With tall ceilings throughout, and vaulted ones in the Living and Master, it feels BIG! The flow of the layout just makes sense and doesn't scrimp on space anywhere. &#160;With the heart of the home (the kitchen!) open to the living and dining, it's great for entertaining or just being able to watch the game while you're making the 5-layer dip! You'll love the large center island with bar seating and storage, large closet pantry, tons of cabinet space, and room to move/work with plenty of counter space. &#160;Whether you love or hate laundry, you'll appreciate how it's conveniently located between the Master closet and the Mud Room, along with all the counter space and handy utility sink! &#160;Spread out in the Master Suite with large bedroom, tray ceiling, exterior door to private patio (perfect for a hot tub or just letting the pets out at night!), which opens to a beautiful bathroom complete with double vanity, water closet, jetted tub, and walk-in shower. &#160;Everyone loves the Mud Room complete with bench storage, overhead cabinets and hanging hooks that opens to the garage entry. &#160;And, if you need a home office, this has a large room off the entry...could even be a formal dining or second living area. &#160;And if universal design is important to you, this plan is easy to accommodate with no stairs, no thresholds, wide openings, etc.</Description><PlanImages><ElevationImage SequencePosition="1" ReferenceType="URL">http://www.tranquilitycustomhomes.com/plugins/responsive_gallery/images/604 Martina - Wrights - 5 of 527.jpg</ElevationImage><ElevationImage SequencePosition="2" ReferenceType="URL">http://www.tranquilitycustomhomes.com/plugins/responsive_gallery/images/TV630 Ext landscaped 4:3.jpg</ElevationImage><ElevationImage SequencePosition="3" ReferenceType="URL">http://www.tranquilitycustomhomes.com/plugins/responsive_gallery/images/Kilton elevation only.jpg</ElevationImage><ElevationImage SequencePosition="4" ReferenceType="URL">http://www.tranquilitycustomhomes.com/plugins/responsive_gallery/images/12712 NW 138th St - 30 of 31.jpg</ElevationImage></PlanImages><PlanWebsite>http://www.tranquilitycustomhomes.com/the-kilton</PlanWebsite></Plan><Plan Type="SingleFamily"><PlanNumber>166524207078745516304999831735</PlanNumber><PlanName>The Wickham</PlanName><PlanNotAvailable>0</PlanNotAvailable><PlanTypeName>Single Family</PlanTypeName><BasePrice>0.00</BasePrice><BaseSqft>2604</BaseSqft><Baths>3</Baths><HalfBaths>1</HalfBaths><Bedrooms MasterBedLocation="Down">3</Bedrooms><Garage>3.0</Garage><Description>Gorgeous curb appeal with cedar timber columns &amp; side entry double garage connected to a single car garage. It is all the space you need while preserving the beauty of front elevation. Beautiful interior with vaulted cathedral ceiling in living room with decorative beams. Dream kitchen with huge center island, slide-in range, closet pantry and loads of cabinet space. Master Suite has vaulted tray ceiling in bedroom, spa bath with whirlpool and walk-in shower, and large closet which connects to utility room. Guest suite on lower level boasts 2 bedrooms and a true Jack-n-Jill bath with separate vanities and tons of storage. Off the entry is a spacious study or if you prefer, a small formal dining room. Also, a lovely Powder Bath is just off entry. Upstairs you'll find a large bedroom, closet, and full bath; or this makes for a spacious 2nd living area. You'll love the extra space in the garages for storage; there is considerable space between the single and double garages that could easily fit a wood bench, additional refrigerator or freezer! Storm shelter can be installed in garage floor. Enjoy the outdoors year round with covered back porch and built-in fireplace that overlooks backyard. </Description><PlanImages><ElevationImage SequencePosition="1" ReferenceType="URL">http://www.tranquilitycustomhomes.com/plugins/responsive_gallery/images/SB 19544 RC - 1.jpg</ElevationImage><ElevationImage SequencePosition="2" ReferenceType="URL">http://www.tranquilitycustomhomes.com/plugins/responsive_gallery/images/SB 19544 RC - 2.jpg</ElevationImage><ElevationImage SequencePosition="3" ReferenceType="URL">http://www.tranquilitycustomhomes.com/plugins/responsive_gallery/images/SB 19544 RC - 3.jpg</ElevationImage></PlanImages><PlanWebsite>http://www.tranquilitycustomhomes.com/wickham</PlanWebsite></Plan><Plan Type="SingleFamily"><PlanNumber>205848752712704528089762126227</PlanNumber><PlanName>The Cameron</PlanName><PlanNotAvailable>0</PlanNotAvailable><PlanTypeName>Single Family</PlanTypeName><BasePrice>0.00</BasePrice><BaseSqft>2850</BaseSqft><Baths>3</Baths><HalfBaths>1</HalfBaths><Bedrooms MasterBedLocation="Down">4</Bedrooms><Garage>3.0</Garage><Description>This gorgeous Transitional home is designed to meet the needs of today&#8217;s busy lifestyle! Specialty kitchen has loads of cabinets, spacious island with breakfast bar, and even a spice rack in the walk-in pantry. The computer niche is great for homework or a &#8220;control center&#8221; to manage home, meals, and schedules. Relax, entertain, &amp; cozy up by the fire in the Living Room or the spacious back patio. And when it&#8217;s time for some alone time, there&#8217;s space for that, too. Whether for kids or guests, the upstairs expanded bonus room is a perfect hangout with bedroom, full bath, and an additional living room. Need a large office space? The 4th bedroom downstairs can be a study too! This home has it ALL!</Description><PlanImages><ElevationImage SequencePosition="1" ReferenceType="URL">http://www.tranquilitycustomhomes.com/plugins/responsive_gallery/images/Cameron - 1.jpg</ElevationImage><ElevationImage SequencePosition="2" ReferenceType="URL">http://www.tranquilitycustomhomes.com/plugins/responsive_gallery/images/Untitled-648x350.jpg</ElevationImage><ElevationImage SequencePosition="3" ReferenceType="URL">http://www.tranquilitycustomhomes.com/plugins/responsive_gallery/images/Cameron - 1 (1).jpg</ElevationImage></PlanImages><PlanWebsite>http://www.tranquilitycustomhomes.com/cameron</PlanWebsite></Plan><Plan Type="SingleFamily"><PlanNumber>228052545162515464915912093466</PlanNumber><PlanName>The Griffith</PlanName><PlanNotAvailable>0</PlanNotAvailable><PlanTypeName>Single Family</PlanTypeName><BasePrice>0.00</BasePrice><BaseSqft>1908</BaseSqft><Baths>2</Baths><HalfBaths>0</HalfBaths><Bedrooms MasterBedLocation="Down">3</Bedrooms><Garage>0.0</Garage><Description>n/a</Description><PlanImages><ElevationImage SequencePosition="1" ReferenceType="URL">https://my.matterport.com/api/v1/player/models/P7Tt5nCcHPn/thumb?width=400&amp;dpr=1.25&amp;disable=upscale</ElevationImage></PlanImages><PlanWebsite>http://www.tranquilitycustomhomes.com/griffith</PlanWebsite></Plan><Plan Type="SingleFamily"><PlanNumber>300321423231471866672302623192</PlanNumber><PlanName>The Somerset Plan</PlanName><PlanNotAvailable>0</PlanNotAvailable><PlanTypeName>Single Family</PlanTypeName><BasePrice>0.00</BasePrice><BaseSqft>2979</BaseSqft><Baths>3</Baths><HalfBaths>1</HalfBaths><Bedrooms MasterBedLocation="Down">3</Bedrooms><Garage>3.0</Garage><Description>Tranquil curb appeal with Craftsman details and large covered porch. From the street it looks much smaller than it is! &#160;Beautiful interior with huge open concept Living-Kitchen-Dining areas. Dream kitchen with huge center island, slide-in range, closet pantry and loads of cabinet space. Master Suite has vaulted tray ceiling in bedroom, spa bath with whirlpool and walk-in shower, and large closet which connects to utility room. This is no normal laundry room...it is BIG and features built-in desk, loads of storage, and utility sink. This connects to a large mud bench room right off the garage entry. &#160;Guest suite boasts 2 bedrooms with built-in student desks and a true Jack-n-Jill bath with separate vanities and tons of storage. Off the entry is a spacious study or if you prefer, a formal dining room. Also, a lovely Powder Bath is just off kitchen/dining area. Upstairs you'll find a large bonus room and full bath. Storm shelter can be installed in garage floor. Enjoy the outdoors year round with covered back porch accessed from Living Room and Master Bedroom.</Description><PlanImages><ElevationImage SequencePosition="1" ReferenceType="URL">http://www.tranquilitycustomhomes.com/plugins/responsive_gallery/images/SB608 NW 196th Ct - 1.jpg</ElevationImage><ElevationImage SequencePosition="2" ReferenceType="URL">http://www.tranquilitycustomhomes.com/plugins/responsive_gallery/images/SB608 NW 196th Ct - 2.jpg</ElevationImage><ElevationImage SequencePosition="3" ReferenceType="URL">http://www.tranquilitycustomhomes.com/plugins/responsive_gallery/images/DH2630 elevation.jpg</ElevationImage></PlanImages><PlanWebsite>http://www.tranquilitycustomhomes.com/somerset</PlanWebsite></Plan><Plan Type="SingleFamily"><PlanNumber>645086411615139309308295965520</PlanNumber><PlanName>The Brock</PlanName><PlanNotAvailable>0</PlanNotAvailable><PlanTypeName>Single Family</PlanTypeName><BasePrice>0.00</BasePrice><BaseSqft>2850</BaseSqft><Baths>2</Baths><HalfBaths>1</HalfBaths><Bedrooms MasterBedLocation="Down">3</Bedrooms><Garage>3.0</Garage><Description>Bedrooms: 3</Description><PlanImages><ElevationImage SequencePosition="1" ReferenceType="URL">http://www.tranquilitycustomhomes.com/plugins/responsive_gallery/images/The Brock Plan elevation rendering.jpg</ElevationImage><ElevationImage SequencePosition="2" ReferenceType="URL">http://www.tranquilitycustomhomes.com/plugins/responsive_gallery/images/The Brock Plan - 19605 exterior front 2.jpg</ElevationImage><ElevationImage SequencePosition="3" ReferenceType="URL">http://www.tranquilitycustomhomes.com/plugins/responsive_gallery/images/The Brock - 19533 Front exterior.jpg</ElevationImage></PlanImages><PlanWebsite>http://www.tranquilitycustomhomes.com/the-brock</PlanWebsite></Plan></Subdivision></Builder></Corporation></Builders>