<Builders DateGenerated="2021-10-22T10:54:09"><Corporation><CorporateBuilderNumber>53036</CorporateBuilderNumber><CorporateState>WI</CorporateState><CorporateName>D'Anna Construction Company</CorporateName><Builder><BuilderNumber>52920</BuilderNumber><BrandName>Custom Construction Builders</BrandName><BrandLogo_Med ReferenceType="URL">https://www.customconstructionbuilders.com/images/logo/cropped-27388/h215.gif</BrandLogo_Med><ReportingName>Custom Construction Builders</ReportingName><DefaultLeadsEmail LeadsPerMessage="All">leads@thebdx.com</DefaultLeadsEmail><BuilderWebsite>https://www.dannaconstruction.com/</BuilderWebsite><Subdivision Status="Active"><SubdivisionNumber>52920</SubdivisionNumber><SubdivisionName>Custom Construction Builders</SubdivisionName><BuildOnYourLot>0</BuildOnYourLot><SalesOffice><Address OutOfCommunity="0"><Street1>51246 Woodside Drive</Street1><City>Washington</City><State>MI</State><ZIP>48042</ZIP></Address><Phone><AreaCode>586</AreaCode><Prefix>685</Prefix><Suffix>1335</Suffix></Phone><Email>DannaConstruction@gmail.com</Email></SalesOffice><SubWebsite>https://www.dannaconstruction.com/</SubWebsite><Plan Type="SingleFamily"><PlanNumber>Plan Unknown</PlanNumber><PlanName>Plan Unknown</PlanName><PlanNotAvailable>1</PlanNotAvailable><PlanTypeName>Single Family</PlanTypeName><BasePrice>0.00</BasePrice><BaseSqft>0</BaseSqft><Baths>1</Baths><HalfBaths>0</HalfBaths><Bedrooms MasterBedLocation="Down">1</Bedrooms><Garage>0.0</Garage><PlanImages/><PlanWebsite></PlanWebsite></Plan></Subdivision></Builder></Corporation></Builders>