<Builders DateGenerated="2021-10-22T10:56:04"><Corporation><CorporateBuilderNumber>52849</CorporateBuilderNumber><CorporateState>MI</CorporateState><CorporateName>Homes By Guardian</CorporateName><Builder><BuilderNumber>51052</BuilderNumber><BrandName>Danna Companies</BrandName><BrandLogo_Med ReferenceType="URL">https://static.wixstatic.com/media/cee51c_5a3866f594d14c27b8ab0f9f9bdc31b0~mv1.png/v1/fill/w_254,h_129,al_c,q_85,usm_0.66_1.00_0.01/cee51c_5a3866f594d14c27b8ab0f9f9bdc31b0~mv1.webp</BrandLogo_Med><ReportingName>Danna Companies</ReportingName><DefaultLeadsEmail LeadsPerMessage="All">leads@thebdx.com</DefaultLeadsEmail><BuilderWebsite>https://homesbyguardian.com</BuilderWebsite><Subdivision Status="Active"><SubdivisionNumber>51052</SubdivisionNumber><SubdivisionName>Danna Companies</SubdivisionName><BuildOnYourLot>0</BuildOnYourLot><SalesOffice><Address OutOfCommunity="0"><Street1>1103 Old Town Ln, Suite 200, Office #20</Street1><City>Cheyenne</City><State>WY</State><ZIP>82009</ZIP></Address><Phone><AreaCode>307</AreaCode><Prefix>201</Prefix><Suffix>3876</Suffix></Phone><Email>contact@guardiancompanies.com</Email></SalesOffice><SubDescription>Homesteaded in 1929 by Robert W. Whitney, this land holds a rich collection of family memories; of time spent taking in beautiful views, exploring wide-open spaces, and enjoying the company of family and friends. Today&#8217;s Whitney Ranch honors the legacy of the land, thoughtfully designed to maintain the beautiful, wide-open spaces, sense of community, and opportunities to create memories that last a lifetime.This is a place where neighbors make it a point to know each other; where everyone&#8217;s kids grow up riding bikes and going sledding together; where walking paths and community parks are just steps outside your front door. Welcome to Whitney Ranch!</SubDescription><SubImage SequencePosition="1" Title="House1" ReferenceType="URL">https://www.homesbyguardian.com/wp-content/uploads/2021/06/Video-capture1.jpg</SubImage><SubImage SequencePosition="2" Title="House1" ReferenceType="URL">https://www.homesbyguardian.com/wp-content/uploads/2020/05/Westedt-Meadows-graphicsml.jpg</SubImage><SubWebsite>https://homesbyguardian.com</SubWebsite><Plan Type="SingleFamily"><PlanNumber>207472448737251840392065020554</PlanNumber><PlanName>The Palomino</PlanName><PlanNotAvailable>0</PlanNotAvailable><PlanTypeName>Single Family</PlanTypeName><BasePrice>0.00</BasePrice><BaseSqft>1616</BaseSqft><Baths>2</Baths><HalfBaths>0</HalfBaths><Bedrooms MasterBedLocation="Down">3</Bedrooms><Garage>3.0</Garage><Description>This spacious ranch-style home offers three bedrooms, two baths, and a three-car garage. Beautiful finishes throughout including white cabinets, quartz counters, fireplace, central air, hardwood floors in the kitchen, dining and great room, as well as front and back yard landscaping and fence. Garden view basement, ready for your finish. Come live the legend in Whitney Ranch, close to everything and ready now!</Description><PlanImages><ElevationImage SequencePosition="1" ReferenceType="URL">https://www.homesbyguardian.com/wp-content/uploads/2020/06/5304Opal-01.jpg</ElevationImage><ElevationImage SequencePosition="2" ReferenceType="URL">https://www.homesbyguardian.com/wp-content/uploads/2020/06/5304Opal-05.jpg</ElevationImage><ElevationImage SequencePosition="3" ReferenceType="URL">https://www.homesbyguardian.com/wp-content/uploads/2020/06/5304Opal-06.jpg</ElevationImage><ElevationImage SequencePosition="4" ReferenceType="URL">https://www.homesbyguardian.com/wp-content/uploads/2020/06/5304Opal-08.jpg</ElevationImage><ElevationImage SequencePosition="5" ReferenceType="URL">https://www.homesbyguardian.com/wp-content/uploads/2020/06/5304Opal-09.jpg</ElevationImage><ElevationImage SequencePosition="6" ReferenceType="URL">https://www.homesbyguardian.com/wp-content/uploads/2020/06/5304Opal-04.jpg</ElevationImage><ElevationImage SequencePosition="7" ReferenceType="URL">https://www.homesbyguardian.com/wp-content/uploads/2020/06/5304Opal-10.jpg</ElevationImage><ElevationImage SequencePosition="8" ReferenceType="URL">https://www.homesbyguardian.com/wp-content/uploads/2020/06/5304Opal-11.jpg</ElevationImage><ElevationImage SequencePosition="9" ReferenceType="URL">https://www.homesbyguardian.com/wp-content/uploads/2020/06/5304Opal-12.jpg</ElevationImage><ElevationImage SequencePosition="10" ReferenceType="URL">https://www.homesbyguardian.com/wp-content/uploads/2020/06/5304Opal-13.jpg</ElevationImage><ElevationImage SequencePosition="11" ReferenceType="URL">https://www.homesbyguardian.com/wp-content/uploads/2020/06/5304Opal-16.jpg</ElevationImage><ElevationImage SequencePosition="12" ReferenceType="URL">https://www.homesbyguardian.com/wp-content/uploads/2020/06/5304Opal-17.jpg</ElevationImage><ElevationImage SequencePosition="13" ReferenceType="URL">https://www.homesbyguardian.com/wp-content/uploads/2020/06/5304Opal-21.jpg</ElevationImage><ElevationImage SequencePosition="14" ReferenceType="URL">https://www.homesbyguardian.com/wp-content/uploads/2020/06/5304Opal-22.jpg</ElevationImage><ElevationImage SequencePosition="15" ReferenceType="URL">https://www.homesbyguardian.com/wp-content/uploads/2020/06/5304Opal-19.jpg</ElevationImage><ElevationImage SequencePosition="16" ReferenceType="URL">https://www.homesbyguardian.com/wp-content/uploads/2020/06/5304Opal-20.jpg</ElevationImage><ElevationImage SequencePosition="17" ReferenceType="URL">https://www.homesbyguardian.com/wp-content/uploads/2020/06/PalominoMain.jpg</ElevationImage><ElevationImage SequencePosition="18" ReferenceType="URL">https://www.homesbyguardian.com/wp-content/uploads/2020/06/PalominoBasement.jpg</ElevationImage><ElevationImage SequencePosition="19" ReferenceType="URL">https://www.homesbyguardian.com/wp-content/uploads/2020/06/PalominoFront.jpg</ElevationImage><ElevationImage SequencePosition="20" ReferenceType="URL">https://www.homesbyguardian.com/wp-content/uploads/2020/06/PalominoPerspective.jpg</ElevationImage></PlanImages><PlanWebsite>https://www.homesbyguardian.com/floorplan/palomino/</PlanWebsite></Plan><Plan Type="SingleFamily"><PlanNumber>390521460701237261626084847699</PlanNumber><PlanName>The Shire</PlanName><PlanNotAvailable>0</PlanNotAvailable><PlanTypeName>Single Family</PlanTypeName><BasePrice>0.00</BasePrice><BaseSqft>1913</BaseSqft><Baths>2</Baths><HalfBaths>0</HalfBaths><Bedrooms MasterBedLocation="Down">3</Bedrooms><Garage>3.0</Garage><Description>The Shire is a brand-new floor plan that Homes by Guardian will unveil for the Parade of Homes 2020. This spacious floor plan, coming in at just under 2,000 square feet on the main level, showcases a modernized ranch-style home with dazzling finishes. These finishes range from rich hardwood flooring and elegant quartz counter tops all the way to the entertainment center featuring a stunning linear Cosmo fireplace with a booming Sonos and Samsung Sound System. The luxury does not stop there. Going down the hallway you will find remarkable glass inlaid French doors that lead into a roomy master bedroom with a walk-in closet and deluxe five-piece bathroom. The commitment to quality and attention to detail is what makes Homes by Guardian one of the leading residential builders in Cheyenne.</Description><PlanImages><ElevationImage SequencePosition="1" ReferenceType="URL">https://www.homesbyguardian.com/wp-content/uploads/2020/08/5332Opal-T02.jpg</ElevationImage><ElevationImage SequencePosition="2" ReferenceType="URL">https://www.homesbyguardian.com/wp-content/uploads/2020/08/Shire-3D-floor-plan-scaled.jpg</ElevationImage><ElevationImage SequencePosition="3" ReferenceType="URL">https://www.homesbyguardian.com/wp-content/uploads/2020/09/KT10878.jpg</ElevationImage><ElevationImage SequencePosition="4" ReferenceType="URL">https://www.homesbyguardian.com/wp-content/uploads/2020/09/KT10886.jpg</ElevationImage><ElevationImage SequencePosition="5" ReferenceType="URL">https://www.homesbyguardian.com/wp-content/uploads/2020/09/KT10906.jpg</ElevationImage><ElevationImage SequencePosition="6" ReferenceType="URL">https://www.homesbyguardian.com/wp-content/uploads/2020/09/KT10918.jpg</ElevationImage><ElevationImage SequencePosition="7" ReferenceType="URL">https://www.homesbyguardian.com/wp-content/uploads/2020/09/KT10958.jpg</ElevationImage><ElevationImage SequencePosition="8" ReferenceType="URL">https://www.homesbyguardian.com/wp-content/uploads/2020/09/KT10973.jpg</ElevationImage><ElevationImage SequencePosition="9" ReferenceType="URL">https://www.homesbyguardian.com/wp-content/uploads/2020/09/KT11115.jpg</ElevationImage><ElevationImage SequencePosition="10" ReferenceType="URL">https://www.homesbyguardian.com/wp-content/uploads/2020/09/KT11073.jpg</ElevationImage><ElevationImage SequencePosition="11" ReferenceType="URL">https://www.homesbyguardian.com/wp-content/uploads/2020/09/KT11000.jpg</ElevationImage><ElevationImage SequencePosition="12" ReferenceType="URL">https://www.homesbyguardian.com/wp-content/uploads/2020/09/KT11008.jpg</ElevationImage><ElevationImage SequencePosition="13" ReferenceType="URL">https://www.homesbyguardian.com/wp-content/uploads/2020/09/KT11014.jpg</ElevationImage><ElevationImage SequencePosition="14" ReferenceType="URL">https://www.homesbyguardian.com/wp-content/uploads/2020/09/KT11032.jpg</ElevationImage><ElevationImage SequencePosition="15" ReferenceType="URL">https://www.homesbyguardian.com/wp-content/uploads/2020/06/ShireMain.jpg</ElevationImage><ElevationImage SequencePosition="16" ReferenceType="URL">https://www.homesbyguardian.com/wp-content/uploads/2020/06/ShireBasement.jpg</ElevationImage><ElevationImage SequencePosition="17" ReferenceType="URL">https://www.homesbyguardian.com/wp-content/uploads/2020/06/ShireElevation.jpg</ElevationImage></PlanImages><PlanWebsite>https://www.homesbyguardian.com/floorplan/shire/</PlanWebsite></Plan><Plan Type="SingleFamily"><PlanNumber>384037627854711392643267144815</PlanNumber><PlanName>The Mustang</PlanName><PlanNotAvailable>0</PlanNotAvailable><PlanTypeName>Single Family</PlanTypeName><BasePrice>0.00</BasePrice><BaseSqft>1757</BaseSqft><Baths>2</Baths><HalfBaths>0</HalfBaths><Bedrooms MasterBedLocation="Down">3</Bedrooms><Garage>3.0</Garage><PlanImages><ElevationImage SequencePosition="1" ReferenceType="URL">https://www.homesbyguardian.com/wp-content/uploads/2021/02/5312Carmel-001-scaled.jpg</ElevationImage><ElevationImage SequencePosition="2" ReferenceType="URL">https://www.homesbyguardian.com/wp-content/uploads/2021/06/5146-5312Carmel-006-scaled.jpg</ElevationImage><ElevationImage SequencePosition="3" ReferenceType="URL">https://www.homesbyguardian.com/wp-content/uploads/2021/06/3442-5312Carmel-007-scaled.jpg</ElevationImage><ElevationImage SequencePosition="4" ReferenceType="URL">https://www.homesbyguardian.com/wp-content/uploads/2021/06/8127-5312Carmel-009-scaled.jpg</ElevationImage><ElevationImage SequencePosition="5" ReferenceType="URL">https://www.homesbyguardian.com/wp-content/uploads/2021/06/6477-5312Carmel-011-scaled.jpg</ElevationImage><ElevationImage SequencePosition="6" ReferenceType="URL">https://www.homesbyguardian.com/wp-content/uploads/2021/06/5787-5312Carmel-032-scaled.jpg</ElevationImage><ElevationImage SequencePosition="7" ReferenceType="URL">https://www.homesbyguardian.com/wp-content/uploads/2021/06/4129-5312Carmel-017-scaled.jpg</ElevationImage><ElevationImage SequencePosition="8" ReferenceType="URL">https://www.homesbyguardian.com/wp-content/uploads/2021/06/7040-5312Carmel-018-scaled.jpg</ElevationImage><ElevationImage SequencePosition="9" ReferenceType="URL">https://www.homesbyguardian.com/wp-content/uploads/2021/06/5312Carmel-020-scaled.jpg</ElevationImage><ElevationImage SequencePosition="10" ReferenceType="URL">https://www.homesbyguardian.com/wp-content/uploads/2021/06/5312Carmel-023-scaled.jpg</ElevationImage><ElevationImage SequencePosition="11" ReferenceType="URL">https://www.homesbyguardian.com/wp-content/uploads/2021/06/Mustang_Main.png</ElevationImage><ElevationImage SequencePosition="12" ReferenceType="URL">https://www.homesbyguardian.com/wp-content/uploads/2021/06/Mustang-scaled.jpg</ElevationImage></PlanImages><PlanWebsite>https://www.homesbyguardian.com/floorplan/the-mustang/</PlanWebsite></Plan><Plan Type="SingleFamily"><PlanNumber>502411754439632672706190432452</PlanNumber><PlanName>The Foxtrot</PlanName><PlanNotAvailable>0</PlanNotAvailable><PlanTypeName>Single Family</PlanTypeName><BasePrice>0.00</BasePrice><BaseSqft>1544</BaseSqft><Baths>2</Baths><HalfBaths>0</HalfBaths><Bedrooms MasterBedLocation="Down">3</Bedrooms><Garage>3.0</Garage><Description>Wonderful ranch-style home in Whitney Ranch with a large, open floor plan. Vaulted ceilings and beautiful finishes: maple cabinets, wood floors, quartz, and tile. There's a gas fireplace and central air. Landscaping and fence included. So much quality and style!</Description><PlanImages><ElevationImage SequencePosition="1" ReferenceType="URL">https://www.homesbyguardian.com/wp-content/uploads/2020/05/5308Opal-01.jpg</ElevationImage><ElevationImage SequencePosition="2" ReferenceType="URL">https://www.homesbyguardian.com/wp-content/uploads/2020/05/5308Opal-07.jpg</ElevationImage><ElevationImage SequencePosition="3" ReferenceType="URL">https://www.homesbyguardian.com/wp-content/uploads/2020/05/5308Opal-08.jpg</ElevationImage><ElevationImage SequencePosition="4" ReferenceType="URL">https://www.homesbyguardian.com/wp-content/uploads/2020/05/5308Opal-09.jpg</ElevationImage><ElevationImage SequencePosition="5" ReferenceType="URL">https://www.homesbyguardian.com/wp-content/uploads/2020/05/5308Opal-11.jpg</ElevationImage><ElevationImage SequencePosition="6" ReferenceType="URL">https://www.homesbyguardian.com/wp-content/uploads/2020/05/5308Opal-12.jpg</ElevationImage><ElevationImage SequencePosition="7" ReferenceType="URL">https://www.homesbyguardian.com/wp-content/uploads/2020/05/5308Opal-13.jpg</ElevationImage><ElevationImage SequencePosition="8" ReferenceType="URL">https://www.homesbyguardian.com/wp-content/uploads/2020/05/5308Opal-14.jpg</ElevationImage><ElevationImage SequencePosition="9" ReferenceType="URL">https://www.homesbyguardian.com/wp-content/uploads/2020/05/5308Opal-15.jpg</ElevationImage><ElevationImage SequencePosition="10" ReferenceType="URL">https://www.homesbyguardian.com/wp-content/uploads/2020/05/5308Opal-17.jpg</ElevationImage><ElevationImage SequencePosition="11" ReferenceType="URL">https://www.homesbyguardian.com/wp-content/uploads/2020/05/5308Opal-20.jpg</ElevationImage><ElevationImage SequencePosition="12" ReferenceType="URL">https://www.homesbyguardian.com/wp-content/uploads/2020/05/5308Opal-23.jpg</ElevationImage><ElevationImage SequencePosition="13" ReferenceType="URL">https://www.homesbyguardian.com/wp-content/uploads/2020/05/5308Opal-04.jpg</ElevationImage><ElevationImage SequencePosition="14" ReferenceType="URL">https://www.homesbyguardian.com/wp-content/uploads/2020/05/5308Opal-05.jpg</ElevationImage><ElevationImage SequencePosition="15" ReferenceType="URL">https://www.homesbyguardian.com/wp-content/uploads/2020/06/FoxtrotMain.jpg</ElevationImage><ElevationImage SequencePosition="16" ReferenceType="URL">https://www.homesbyguardian.com/wp-content/uploads/2020/06/FoxtronBasement.jpg</ElevationImage><ElevationImage SequencePosition="17" ReferenceType="URL">https://www.homesbyguardian.com/wp-content/uploads/2020/06/FoxtrotFront.jpg</ElevationImage></PlanImages><PlanWebsite>https://www.homesbyguardian.com/floorplan/foxtrot/</PlanWebsite></Plan><Plan Type="SingleFamily"><PlanNumber>642100490341611315266111552711</PlanNumber><PlanName>The Thoroughbred</PlanName><PlanNotAvailable>0</PlanNotAvailable><PlanTypeName>Single Family</PlanTypeName><BasePrice>0.00</BasePrice><BaseSqft>1264</BaseSqft><Baths>2</Baths><HalfBaths>0</HalfBaths><Bedrooms MasterBedLocation="Down">3</Bedrooms><Garage>3.0</Garage><Description>Beautiful three-bedroom, two-bath, ranch-style home! The Thoroughbred features an open floor plan with everything you need. Great kitchen with beautiful quartz counter tops, hardwood floors, and stainless steel appliances. Vaulted ceiling, gas fireplace, pantry, main-floor laundry, and a huge basement ready for your custom finish, plus a three-car tandem garage. Front and back yard landscaping with white vinyl fence is included.</Description><PlanImages><ElevationImage SequencePosition="1" ReferenceType="URL">https://www.homesbyguardian.com/wp-content/uploads/2020/06/ThoroughbredMain.jpg</ElevationImage><ElevationImage SequencePosition="2" ReferenceType="URL">https://www.homesbyguardian.com/wp-content/uploads/2020/06/ThoroughbredBasement.jpg</ElevationImage><ElevationImage SequencePosition="3" ReferenceType="URL">https://www.homesbyguardian.com/wp-content/uploads/2020/06/ThoroughbredElevation.jpg</ElevationImage></PlanImages><PlanWebsite>https://www.homesbyguardian.com/floorplan/thoroughbred/</PlanWebsite></Plan><Plan Type="SingleFamily"><PlanNumber>591114272236557010495703930828</PlanNumber><PlanName>The Belgian</PlanName><PlanNotAvailable>0</PlanNotAvailable><PlanTypeName>Single Family</PlanTypeName><BasePrice>0.00</BasePrice><BaseSqft>1970</BaseSqft><Baths>2</Baths><HalfBaths>0</HalfBaths><Bedrooms MasterBedLocation="Down">3</Bedrooms><Garage>3.0</Garage><PlanImages><ElevationImage SequencePosition="1" ReferenceType="URL">https://www.homesbyguardian.com/wp-content/uploads/2021/06/04.20.21-Belgian-Garage-Left-Brochure-scaled.jpg</ElevationImage><ElevationImage SequencePosition="2" ReferenceType="URL">https://www.homesbyguardian.com/wp-content/uploads/2021/06/Belgian_Front-1024x492.png</ElevationImage><ElevationImage SequencePosition="3" ReferenceType="URL">https://www.homesbyguardian.com/wp-content/uploads/2021/06/Belgian_Main-779x1024.png</ElevationImage><ElevationImage SequencePosition="4" ReferenceType="URL">https://www.homesbyguardian.com/wp-content/uploads/2021/06/04.20.21-Belgian-Garage-Left-Brochure-scaled.jpg</ElevationImage></PlanImages><PlanWebsite>https://www.homesbyguardian.com/floorplan/the-belgian/</PlanWebsite></Plan><Plan Type="SingleFamily"><PlanNumber>343466850289452591019018438171</PlanNumber><PlanName>The Appaloosa</PlanName><PlanNotAvailable>0</PlanNotAvailable><PlanTypeName>Single Family</PlanTypeName><BasePrice>0.00</BasePrice><BaseSqft>2065</BaseSqft><Baths>2</Baths><HalfBaths>0</HalfBaths><Bedrooms MasterBedLocation="Down">3</Bedrooms><Garage>3.0</Garage><Description>This spacious ranch-style home offers three bedrooms, two baths, and a three-car garage. Beautiful finishes throughout, including white cabinets, quartz counters, fireplace, central air, hardwood floors in the kitchen, dining and great room, as well as front and back yard landscaping and fence. Come live the legend in Whitney Ranch!</Description><PlanImages><ElevationImage SequencePosition="1" ReferenceType="URL">https://www.homesbyguardian.com/wp-content/uploads/2020/05/5300Opal-01.jpg</ElevationImage><ElevationImage SequencePosition="2" ReferenceType="URL">https://www.homesbyguardian.com/wp-content/uploads/2020/05/5300Opal-03.jpg</ElevationImage><ElevationImage SequencePosition="3" ReferenceType="URL">https://www.homesbyguardian.com/wp-content/uploads/2020/05/5300Opal-04.jpg</ElevationImage><ElevationImage SequencePosition="4" ReferenceType="URL">https://www.homesbyguardian.com/wp-content/uploads/2020/05/5300Opal-07.jpg</ElevationImage><ElevationImage SequencePosition="5" ReferenceType="URL">https://www.homesbyguardian.com/wp-content/uploads/2020/05/5300Opal-10.jpg</ElevationImage><ElevationImage SequencePosition="6" ReferenceType="URL">https://www.homesbyguardian.com/wp-content/uploads/2020/05/5300Opal-12.jpg</ElevationImage><ElevationImage SequencePosition="7" ReferenceType="URL">https://www.homesbyguardian.com/wp-content/uploads/2020/05/5300Opal-13.jpg</ElevationImage><ElevationImage SequencePosition="8" ReferenceType="URL">https://www.homesbyguardian.com/wp-content/uploads/2020/05/5300Opal-14.jpg</ElevationImage><ElevationImage SequencePosition="9" ReferenceType="URL">https://www.homesbyguardian.com/wp-content/uploads/2020/05/5300Opal-16.jpg</ElevationImage><ElevationImage SequencePosition="10" ReferenceType="URL">https://www.homesbyguardian.com/wp-content/uploads/2020/05/5300Opal-19.jpg</ElevationImage><ElevationImage SequencePosition="11" ReferenceType="URL">https://www.homesbyguardian.com/wp-content/uploads/2020/05/5300Opal-20.jpg</ElevationImage><ElevationImage SequencePosition="12" ReferenceType="URL">https://www.homesbyguardian.com/wp-content/uploads/2020/05/5300Opal-21.jpg</ElevationImage><ElevationImage SequencePosition="13" ReferenceType="URL">https://www.homesbyguardian.com/wp-content/uploads/2020/05/5300Opal-22.jpg</ElevationImage><ElevationImage SequencePosition="14" ReferenceType="URL">https://www.homesbyguardian.com/wp-content/uploads/2020/05/5300Opal-27.jpg</ElevationImage><ElevationImage SequencePosition="15" ReferenceType="URL">https://www.homesbyguardian.com/wp-content/uploads/2020/05/5300Opal-24.jpg</ElevationImage><ElevationImage SequencePosition="16" ReferenceType="URL">https://www.homesbyguardian.com/wp-content/uploads/2020/05/5300Opal-26.jpg</ElevationImage><ElevationImage SequencePosition="17" ReferenceType="URL">https://www.homesbyguardian.com/wp-content/uploads/2020/06/AppaloosaGround.jpg</ElevationImage><ElevationImage SequencePosition="18" ReferenceType="URL">https://www.homesbyguardian.com/wp-content/uploads/2020/06/AppaloosaBasement.jpg</ElevationImage><ElevationImage SequencePosition="19" ReferenceType="URL">https://www.homesbyguardian.com/wp-content/uploads/2020/06/AppaloosaElevation.jpg</ElevationImage></PlanImages><PlanWebsite>https://www.homesbyguardian.com/floorplan/the-appaloosa/</PlanWebsite></Plan></Subdivision></Builder></Corporation></Builders>