<Builders DateGenerated="2021-10-22T10:54:07"><Corporation><CorporateBuilderNumber>56779</CorporateBuilderNumber><CorporateState>UT</CorporateState><CorporateName>Dave Largent Homes</CorporateName><Builder><BuilderNumber>37684</BuilderNumber><BrandName>DaVinci Homes</BrandName><BrandLogo_Med ReferenceType="URL">https://static.wixstatic.com/media/d24577_26869d3a23b5434798020dbdc3c672e4~mv2.png/v1/fill/w_300,h_86,al_c,lg_1,q_85/Davinci%20Homes%20WHITE.webp</BrandLogo_Med><ReportingName>DaVinci Homes</ReportingName><DefaultLeadsEmail LeadsPerMessage="All">leads@thebdx.com</DefaultLeadsEmail><BuilderWebsite>http://www.davelargenthomes.com/</BuilderWebsite><Subdivision Status="Active"><SubdivisionNumber>37684</SubdivisionNumber><SubdivisionName>DaVinci Homes</SubdivisionName><BuildOnYourLot>0</BuildOnYourLot><SalesOffice><Address OutOfCommunity="0"><Street1>1402 N. River Vista Street</Street1><City>Spokane</City><State>WA</State><ZIP>99224</ZIP></Address><Phone><AreaCode>509</AreaCode><Prefix>999</Prefix><Suffix>9794</Suffix></Phone><Email>dlhomes@comcast.net</Email></SalesOffice><SubDescription>Dave and his crews made the experience very enjoyable and we would highly recommend him to anyone!</SubDescription><SubImage SequencePosition="1" Title="House1" ReferenceType="URL">https://static.wixstatic.com/media/e05021_d83b8e9eeffa46ffabbdc2c697379168.png/v1/fill/w_945,h_500,al_c,q_90/e05021_d83b8e9eeffa46ffabbdc2c697379168.webp</SubImage><SubImage SequencePosition="2" Title="House1" ReferenceType="URL">https://static.wixstatic.com/media/e05021_e9dafefe7bcb4d87b4f810bc3e1a3228.png/v1/fill/w_945,h_500,al_c,q_90/e05021_e9dafefe7bcb4d87b4f810bc3e1a3228.webp</SubImage><SubImage SequencePosition="3" Title="House1" ReferenceType="URL">https://static.wixstatic.com/media/e05021_a4f21e135ae1bae7eb8066222906d3a3.png/v1/fill/w_945,h_500,al_c,q_90/e05021_a4f21e135ae1bae7eb8066222906d3a3.webp</SubImage><SubImage SequencePosition="4" Title="House1" ReferenceType="URL">https://static.wixstatic.com/media/e05021_9856bace3b0c72d3ff34d2db76ab6334.png/v1/fill/w_945,h_500,al_c,q_90/e05021_9856bace3b0c72d3ff34d2db76ab6334.webp</SubImage><SubWebsite>http://www.davelargenthomes.com/</SubWebsite><Plan Type="SingleFamily"><PlanNumber>899546410548440578757511379187</PlanNumber><PlanName>dresden</PlanName><PlanNotAvailable>0</PlanNotAvailable><PlanTypeName>Single Family</PlanTypeName><BasePrice>0.00</BasePrice><BaseSqft>3212</BaseSqft><Baths>3</Baths><HalfBaths>0</HalfBaths><Bedrooms MasterBedLocation="Down">4</Bedrooms><Garage>4.0</Garage><Description>We have access to building sites, in nearly every development in the area! Bring us your custom home plans or choose from one of the many popular plans in our library. Click one of the thumbnails below for a PDF sheet with full details.</Description><PlanImages/><PlanWebsite>https://www.davelargenthomes.com/dresden</PlanWebsite></Plan></Subdivision></Builder></Corporation></Builders>