<Builders DateGenerated="2021-10-22T10:58:35"><Corporation><CorporateBuilderNumber>51277</CorporateBuilderNumber><CorporateState>OH</CorporateState><CorporateName>Weston Homes</CorporateName><Builder><BuilderNumber>21780</BuilderNumber><BrandName>Denlinger Sons Builders</BrandName><BrandLogo_Med ReferenceType="URL">https://www.denlingerandsons.com/assets/css/img/logo.png</BrandLogo_Med><ReportingName>Denlinger Sons Builders</ReportingName><DefaultLeadsEmail LeadsPerMessage="All">leads@thebdx.com</DefaultLeadsEmail><BuilderWebsite>http://westonhomesinc.com/</BuilderWebsite><Subdivision Status="Active"><SubdivisionNumber>21780</SubdivisionNumber><SubdivisionName>Denlinger Sons Builders</SubdivisionName><BuildOnYourLot>0</BuildOnYourLot><SalesOffice><Address OutOfCommunity="0"><Street1>Weston Homes, Inc. 17407 Wild Cherry Lane</Street1><City>King George</City><State>VA</State><ZIP>22485</ZIP></Address></SalesOffice><SubDescription>Weston Homes, Inc. of King George, Virginia has a proven track record of satisfied homeowners! Something needs changing in this next sentence&#8230;We&#8217;re one of the home builders in the King George, Spotsylvania and Fredericksburg area that you need to talk to, with a demonstrated reputation for quality and performance, we take pride in being competitive without sacrificing quality or workmanship. Weston Homes, Inc. is the professional and trusted local home builder in King George, Virginia that you can rely on and trust.</SubDescription><SubImage SequencePosition="1" Title="House1" ReferenceType="URL">https://westonhomesinc.com/wp-content/uploads/2015/02/slide11-1000x478.jpg</SubImage><SubImage SequencePosition="2" Title="House1" ReferenceType="URL">https://westonhomesinc.com/wp-content/uploads/2015/02/slide61-1000x478.jpg</SubImage><SubImage SequencePosition="3" Title="House1" ReferenceType="URL">https://westonhomesinc.com/wp-content/uploads/2015/02/slide71-1000x478.jpg</SubImage><SubImage SequencePosition="4" Title="House1" ReferenceType="URL">https://westonhomesinc.com/wp-content/uploads/2015/02/slide31-1000x478.jpg</SubImage><SubWebsite>http://westonhomesinc.com/</SubWebsite><Plan Type="SingleFamily"><PlanNumber>548166866356315355539387354188</PlanNumber><PlanName>Bentwood</PlanName><PlanNotAvailable>0</PlanNotAvailable><PlanTypeName>Single Family</PlanTypeName><BasePrice>0.00</BasePrice><BaseSqft>1928</BaseSqft><Baths>2</Baths><HalfBaths>1</HalfBaths><Bedrooms MasterBedLocation="Down">4</Bedrooms><Garage>1.0</Garage><Description>Weston Homes, Inc. of King George, Virginia has a proven track record of satisfied homeowners! Something needs changing in this next sentence&#8230;We&#8217;re one of the home builders in the King George, Spotsylvania and Fredericksburg area that you need to talk to, with a demonstrated reputation for quality and performance, we take pride in being competitive without sacrificing quality or workmanship. Weston Homes, Inc. is the professional and trusted local home builder in King George, Virginia that you can rely on and trust.</Description><PlanImages><ElevationImage SequencePosition="1" ReferenceType="URL">https://westonhomesinc.com/homes/bentwood/bentridge_secondfloor/</ElevationImage><ElevationImage SequencePosition="2" ReferenceType="URL">https://westonhomesinc.com/homes/bentwood/bentridge_firstfloor/</ElevationImage><ElevationImage SequencePosition="3" ReferenceType="URL">https://westonhomesinc.com/homes/bentwood/bentridge-2/</ElevationImage><ElevationImage SequencePosition="4" ReferenceType="URL">https://westonhomesinc.com/homes/bentwood/bentridge_rear/</ElevationImage></PlanImages><PlanWebsite>https://westonhomesinc.com/homes/bentwood/</PlanWebsite></Plan><Plan Type="SingleFamily"><PlanNumber>120742533511784225999654679039</PlanNumber><PlanName>Lakeshore</PlanName><PlanNotAvailable>0</PlanNotAvailable><PlanTypeName>Single Family</PlanTypeName><BasePrice>0.00</BasePrice><BaseSqft>2507</BaseSqft><Baths>3</Baths><HalfBaths>0</HalfBaths><Bedrooms MasterBedLocation="Down">4</Bedrooms><Garage>0.0</Garage><Description>Weston Homes, Inc. of King George, Virginia has a proven track record of satisfied homeowners! Something needs changing in this next sentence&#8230;We&#8217;re one of the home builders in the King George, Spotsylvania and Fredericksburg area that you need to talk to, with a demonstrated reputation for quality and performance, we take pride in being competitive without sacrificing quality or workmanship. Weston Homes, Inc. is the professional and trusted local home builder in King George, Virginia that you can rely on and trust.</Description><PlanImages><ElevationImage SequencePosition="1" ReferenceType="URL">https://westonhomesinc.com/homes/lakeshore/lakeshore_firstfloor/</ElevationImage><ElevationImage SequencePosition="2" ReferenceType="URL">https://westonhomesinc.com/homes/lakeshore/lakeshore_secondfloor/</ElevationImage><ElevationImage SequencePosition="3" ReferenceType="URL">https://westonhomesinc.com/homes/lakeshore/lakeshore-3/</ElevationImage><ElevationImage SequencePosition="4" ReferenceType="URL">https://westonhomesinc.com/homes/lakeshore/lakeshore_rear/</ElevationImage></PlanImages><PlanWebsite>https://westonhomesinc.com/homes/lakeshore/</PlanWebsite></Plan><Plan Type="SingleFamily"><PlanNumber>228840530056004227811365535378</PlanNumber><PlanName>Magnolia Springs</PlanName><PlanNotAvailable>0</PlanNotAvailable><PlanTypeName>Single Family</PlanTypeName><BasePrice>0.00</BasePrice><BaseSqft>2811</BaseSqft><Baths>3</Baths><HalfBaths>1</HalfBaths><Bedrooms MasterBedLocation="Down">4</Bedrooms><Garage>3.0</Garage><Description>Weston Homes, Inc. of King George, Virginia has a proven track record of satisfied homeowners! Something needs changing in this next sentence&#8230;We&#8217;re one of the home builders in the King George, Spotsylvania and Fredericksburg area that you need to talk to, with a demonstrated reputation for quality and performance, we take pride in being competitive without sacrificing quality or workmanship. Weston Homes, Inc. is the professional and trusted local home builder in King George, Virginia that you can rely on and trust.</Description><PlanImages><ElevationImage SequencePosition="1" ReferenceType="URL">https://westonhomesinc.com/homes/magnolia-springs/magnoliasprings_firstfloor/</ElevationImage><ElevationImage SequencePosition="2" ReferenceType="URL">https://westonhomesinc.com/homes/magnolia-springs/magnoliasprings_secondfloor/</ElevationImage><ElevationImage SequencePosition="3" ReferenceType="URL">https://westonhomesinc.com/homes/magnolia-springs/magnoliasprings-2/</ElevationImage><ElevationImage SequencePosition="4" ReferenceType="URL">https://westonhomesinc.com/homes/magnolia-springs/magnoliasprings_rear/</ElevationImage></PlanImages><PlanWebsite>https://westonhomesinc.com/homes/magnolia-springs/</PlanWebsite></Plan><Plan Type="SingleFamily"><PlanNumber>335799071839082499820578172313</PlanNumber><PlanName>Clarksville</PlanName><PlanNotAvailable>0</PlanNotAvailable><PlanTypeName>Single Family</PlanTypeName><BasePrice>0.00</BasePrice><BaseSqft>2328</BaseSqft><Baths>2</Baths><HalfBaths>1</HalfBaths><Bedrooms MasterBedLocation="Down">4</Bedrooms><Garage>1.0</Garage><Description>Weston Homes, Inc. of King George, Virginia has a proven track record of satisfied homeowners! Something needs changing in this next sentence&#8230;We&#8217;re one of the home builders in the King George, Spotsylvania and Fredericksburg area that you need to talk to, with a demonstrated reputation for quality and performance, we take pride in being competitive without sacrificing quality or workmanship. Weston Homes, Inc. is the professional and trusted local home builder in King George, Virginia that you can rely on and trust.</Description><PlanImages><ElevationImage SequencePosition="1" ReferenceType="URL">https://westonhomesinc.com/homes/clarksville/clarkesville_firstfloor/</ElevationImage><ElevationImage SequencePosition="2" ReferenceType="URL">https://westonhomesinc.com/homes/clarksville/clarkesville_secondfloor/</ElevationImage><ElevationImage SequencePosition="3" ReferenceType="URL">https://westonhomesinc.com/homes/clarksville/clarkesville-2/</ElevationImage></PlanImages><PlanWebsite>https://westonhomesinc.com/homes/clarksville/</PlanWebsite></Plan><Plan Type="SingleFamily"><PlanNumber>162921129929475774980071832320</PlanNumber><PlanName>Brookhaven</PlanName><PlanNotAvailable>0</PlanNotAvailable><PlanTypeName>Single Family</PlanTypeName><BasePrice>0.00</BasePrice><BaseSqft>2126</BaseSqft><Baths>3</Baths><HalfBaths>0</HalfBaths><Bedrooms MasterBedLocation="Down">4</Bedrooms><Garage>1.0</Garage><Description>Weston Homes, Inc. of King George, Virginia has a proven track record of satisfied homeowners! Something needs changing in this next sentence&#8230;We&#8217;re one of the home builders in the King George, Spotsylvania and Fredericksburg area that you need to talk to, with a demonstrated reputation for quality and performance, we take pride in being competitive without sacrificing quality or workmanship. Weston Homes, Inc. is the professional and trusted local home builder in King George, Virginia that you can rely on and trust.</Description><PlanImages><ElevationImage SequencePosition="1" ReferenceType="URL">https://westonhomesinc.com/homes/brookhaven/brookhaven_firstfloor/</ElevationImage><ElevationImage SequencePosition="2" ReferenceType="URL">https://westonhomesinc.com/homes/brookhaven/brookhaven_secondfloor/</ElevationImage><ElevationImage SequencePosition="3" ReferenceType="URL">https://westonhomesinc.com/homes/brookhaven/brookhaven-3/</ElevationImage><ElevationImage SequencePosition="4" ReferenceType="URL">https://westonhomesinc.com/homes/brookhaven/brookhaven_rear/</ElevationImage></PlanImages><PlanWebsite>https://westonhomesinc.com/homes/brookhaven/</PlanWebsite></Plan><Plan Type="SingleFamily"><PlanNumber>105204264145002840192110441614</PlanNumber><PlanName>Bellwoode</PlanName><PlanNotAvailable>0</PlanNotAvailable><PlanTypeName>Single Family</PlanTypeName><BasePrice>0.00</BasePrice><BaseSqft>1675</BaseSqft><Baths>2</Baths><HalfBaths>1</HalfBaths><Bedrooms MasterBedLocation="Down">3</Bedrooms><Garage>1.0</Garage><Description>Weston Homes, Inc. of King George, Virginia has a proven track record of satisfied homeowners! Something needs changing in this next sentence&#8230;We&#8217;re one of the home builders in the King George, Spotsylvania and Fredericksburg area that you need to talk to, with a demonstrated reputation for quality and performance, we take pride in being competitive without sacrificing quality or workmanship. Weston Homes, Inc. is the professional and trusted local home builder in King George, Virginia that you can rely on and trust.</Description><PlanImages><ElevationImage SequencePosition="1" ReferenceType="URL">https://westonhomesinc.com/homes/bellwoode/bellwood_firstfloor/</ElevationImage><ElevationImage SequencePosition="2" ReferenceType="URL">https://westonhomesinc.com/homes/bellwoode/bellwood_secondfloor/</ElevationImage><ElevationImage SequencePosition="3" ReferenceType="URL">https://westonhomesinc.com/homes/bellwoode/bellwood-2/</ElevationImage><ElevationImage SequencePosition="4" ReferenceType="URL">https://westonhomesinc.com/homes/bellwoode/bellwood_rear/</ElevationImage></PlanImages><PlanWebsite>https://westonhomesinc.com/homes/bellwoode/</PlanWebsite></Plan><Plan Type="SingleFamily"><PlanNumber>389008023543594660112025135748</PlanNumber><PlanName>River Gate</PlanName><PlanNotAvailable>0</PlanNotAvailable><PlanTypeName>Single Family</PlanTypeName><BasePrice>0.00</BasePrice><BaseSqft>3207</BaseSqft><Baths>4</Baths><HalfBaths>1</HalfBaths><Bedrooms MasterBedLocation="Down">5</Bedrooms><Garage>3.0</Garage><Description>Weston Homes, Inc. of King George, Virginia has a proven track record of satisfied homeowners! Something needs changing in this next sentence&#8230;We&#8217;re one of the home builders in the King George, Spotsylvania and Fredericksburg area that you need to talk to, with a demonstrated reputation for quality and performance, we take pride in being competitive without sacrificing quality or workmanship. Weston Homes, Inc. is the professional and trusted local home builder in King George, Virginia that you can rely on and trust.</Description><PlanImages><ElevationImage SequencePosition="1" ReferenceType="URL">https://westonhomesinc.com/homes/river-gate/rivergate_floorplan/</ElevationImage><ElevationImage SequencePosition="2" ReferenceType="URL">https://westonhomesinc.com/homes/river-gate/rivergate_optional_secondfloor/</ElevationImage><ElevationImage SequencePosition="3" ReferenceType="URL">https://westonhomesinc.com/homes/river-gate/rivergate-2/</ElevationImage><ElevationImage SequencePosition="4" ReferenceType="URL">https://westonhomesinc.com/homes/river-gate/rivergate_rear/</ElevationImage></PlanImages><PlanWebsite>https://westonhomesinc.com/homes/river-gate/</PlanWebsite></Plan><Plan Type="SingleFamily"><PlanNumber>894714830715521858571945004999</PlanNumber><PlanName>Catawba Ridge</PlanName><PlanNotAvailable>0</PlanNotAvailable><PlanTypeName>Single Family</PlanTypeName><BasePrice>0.00</BasePrice><BaseSqft>2389</BaseSqft><Baths>3</Baths><HalfBaths>1</HalfBaths><Bedrooms MasterBedLocation="Down">3</Bedrooms><Garage>1.0</Garage><Description>Weston Homes, Inc. of King George, Virginia has a proven track record of satisfied homeowners! Something needs changing in this next sentence&#8230;We&#8217;re one of the home builders in the King George, Spotsylvania and Fredericksburg area that you need to talk to, with a demonstrated reputation for quality and performance, we take pride in being competitive without sacrificing quality or workmanship. Weston Homes, Inc. is the professional and trusted local home builder in King George, Virginia that you can rely on and trust.</Description><PlanImages><ElevationImage SequencePosition="1" ReferenceType="URL">https://westonhomesinc.com/homes/catawba-ridge/catawba_firstfloor/</ElevationImage><ElevationImage SequencePosition="2" ReferenceType="URL">https://westonhomesinc.com/homes/catawba-ridge/catawba_secondfloor/</ElevationImage><ElevationImage SequencePosition="3" ReferenceType="URL">https://westonhomesinc.com/homes/catawba-ridge/catawba-2/</ElevationImage><ElevationImage SequencePosition="4" ReferenceType="URL">https://westonhomesinc.com/homes/catawba-ridge/catawbarear/</ElevationImage></PlanImages><PlanWebsite>https://westonhomesinc.com/homes/catawba-ridge/</PlanWebsite></Plan><Plan Type="SingleFamily"><PlanNumber>908394373333370180316493836638</PlanNumber><PlanName>Blackstone</PlanName><PlanNotAvailable>0</PlanNotAvailable><PlanTypeName>Single Family</PlanTypeName><BasePrice>0.00</BasePrice><BaseSqft>2434</BaseSqft><Baths>3</Baths><HalfBaths>0</HalfBaths><Bedrooms MasterBedLocation="Down">5</Bedrooms><Garage>1.0</Garage><Description>Weston Homes, Inc. of King George, Virginia has a proven track record of satisfied homeowners! Something needs changing in this next sentence&#8230;We&#8217;re one of the home builders in the King George, Spotsylvania and Fredericksburg area that you need to talk to, with a demonstrated reputation for quality and performance, we take pride in being competitive without sacrificing quality or workmanship. Weston Homes, Inc. is the professional and trusted local home builder in King George, Virginia that you can rely on and trust.</Description><PlanImages><ElevationImage SequencePosition="1" ReferenceType="URL">https://westonhomesinc.com/homes/blackstone/blackstone_firstfloor/</ElevationImage><ElevationImage SequencePosition="2" ReferenceType="URL">https://westonhomesinc.com/homes/blackstone/blackstone_secondfloor/</ElevationImage><ElevationImage SequencePosition="3" ReferenceType="URL">https://westonhomesinc.com/homes/blackstone/blackstone-3/</ElevationImage><ElevationImage SequencePosition="4" ReferenceType="URL">https://westonhomesinc.com/homes/blackstone/blackstone_rear/</ElevationImage></PlanImages><PlanWebsite>https://westonhomesinc.com/homes/blackstone/</PlanWebsite></Plan><Plan Type="SingleFamily"><PlanNumber>958202996768769036089372419141</PlanNumber><PlanName>Gershwin</PlanName><PlanNotAvailable>0</PlanNotAvailable><PlanTypeName>Single Family</PlanTypeName><BasePrice>0.00</BasePrice><BaseSqft>1811</BaseSqft><Baths>2</Baths><HalfBaths>1</HalfBaths><Bedrooms MasterBedLocation="Down">3</Bedrooms><Garage>1.0</Garage><Description>Weston Homes, Inc. of King George, Virginia has a proven track record of satisfied homeowners! Something needs changing in this next sentence&#8230;We&#8217;re one of the home builders in the King George, Spotsylvania and Fredericksburg area that you need to talk to, with a demonstrated reputation for quality and performance, we take pride in being competitive without sacrificing quality or workmanship. Weston Homes, Inc. is the professional and trusted local home builder in King George, Virginia that you can rely on and trust.</Description><PlanImages><ElevationImage SequencePosition="1" ReferenceType="URL">https://westonhomesinc.com/homes/gershwin/gershwin_firstfloor/</ElevationImage><ElevationImage SequencePosition="2" ReferenceType="URL">https://westonhomesinc.com/homes/gershwin/gershwin_secondfloor/</ElevationImage><ElevationImage SequencePosition="3" ReferenceType="URL">https://westonhomesinc.com/homes/gershwin/gershwin-3/</ElevationImage><ElevationImage SequencePosition="4" ReferenceType="URL">https://westonhomesinc.com/homes/gershwin/gershwin_rear/</ElevationImage></PlanImages><PlanWebsite>https://westonhomesinc.com/homes/gershwin/</PlanWebsite></Plan><Plan Type="SingleFamily"><PlanNumber>659606323555485100523221936747</PlanNumber><PlanName>Candler Park</PlanName><PlanNotAvailable>0</PlanNotAvailable><PlanTypeName>Single Family</PlanTypeName><BasePrice>0.00</BasePrice><BaseSqft>2957</BaseSqft><Baths>4</Baths><HalfBaths>0</HalfBaths><Bedrooms MasterBedLocation="Down">4</Bedrooms><Garage>1.0</Garage><Description>Weston Homes, Inc. of King George, Virginia has a proven track record of satisfied homeowners! Something needs changing in this next sentence&#8230;We&#8217;re one of the home builders in the King George, Spotsylvania and Fredericksburg area that you need to talk to, with a demonstrated reputation for quality and performance, we take pride in being competitive without sacrificing quality or workmanship. Weston Homes, Inc. is the professional and trusted local home builder in King George, Virginia that you can rely on and trust.</Description><PlanImages><ElevationImage SequencePosition="1" ReferenceType="URL">https://westonhomesinc.com/homes/candler-park/chandlerpark_firstfloor/</ElevationImage><ElevationImage SequencePosition="2" ReferenceType="URL">https://westonhomesinc.com/homes/candler-park/chandlerpark_secondfloor/</ElevationImage><ElevationImage SequencePosition="3" ReferenceType="URL">https://westonhomesinc.com/homes/candler-park/chandlerpark-2/</ElevationImage><ElevationImage SequencePosition="4" ReferenceType="URL">https://westonhomesinc.com/homes/candler-park/chandlerpark_rear/</ElevationImage></PlanImages><PlanWebsite>https://westonhomesinc.com/homes/candler-park/</PlanWebsite></Plan></Subdivision></Builder></Corporation></Builders>