<Builders DateGenerated="2021-10-22T10:53:23"><Corporation><CorporateBuilderNumber>49889</CorporateBuilderNumber><CorporateState>NE</CorporateState><CorporateName>Buffum Homes</CorporateName><Builder><BuilderNumber>49502</BuilderNumber><BrandName>Ddr Builders</BrandName><BrandLogo_Med ReferenceType="URL">https://www.designbasics.com/wp-content/uploads/2019/01/DB_Logo_RGB%C2%AE.png</BrandLogo_Med><ReportingName>Ddr Builders</ReportingName><DefaultLeadsEmail LeadsPerMessage="All">leads@thebdx.com</DefaultLeadsEmail><BuilderWebsite>http://buffumhomes.com/</BuilderWebsite><Subdivision Status="Active"><SubdivisionNumber>49502</SubdivisionNumber><SubdivisionName>Ddr Builders</SubdivisionName><BuildOnYourLot>0</BuildOnYourLot><SalesOffice><Address OutOfCommunity="0"><Street1>144 44th St SW</Street1><City>Grand Rapids</City><State>MI</State><ZIP>49548</ZIP></Address><Phone><AreaCode>616</AreaCode><Prefix>538</Prefix><Suffix>4663</Suffix></Phone><Email>josh@buffumhomes.com</Email></SalesOffice><SubDescription>With over 25 years of experience in new home construction, Buffum Homes has become one of the best value and quality driven builders in Grand Rapids. Our customers may choose from a variety of our award-winning floor plans, or a new plan can be drawn to be completely customized to meet your needs. Homes can be built on our lots, in one of our communities, or on one you choose or own. We offer a no-hassle construction financing option as well, so that you don&#8217;t have to worry about a construction loan.</SubDescription><SubImage SequencePosition="1" Title="House1" ReferenceType="URL">https://buffumhomes.com/wp-content/uploads/2016/09/Buffum-Homes-Logo.png</SubImage><SubWebsite>http://buffumhomes.com/</SubWebsite><Plan Type="SingleFamily"><PlanNumber>Plan Unknown</PlanNumber><PlanName>Plan Unknown</PlanName><PlanNotAvailable>1</PlanNotAvailable><PlanTypeName>Single Family</PlanTypeName><BasePrice>0.00</BasePrice><BaseSqft>0</BaseSqft><Baths>1</Baths><HalfBaths>0</HalfBaths><Bedrooms MasterBedLocation="Down">1</Bedrooms><Garage>0.0</Garage><Description>With over 25 years of experience in new home construction, Buffum Homes has become one of the best value and quality driven builders in Grand Rapids. Our customers may choose from a variety of our award-winning floor plans, or a new plan can be drawn to be completely customized to meet your needs. Homes can be built on our lots, in one of our communities, or on one you choose or own. We offer a no-hassle construction financing option as well, so that you don&#8217;t have to worry about a construction loan.</Description><PlanImages/><PlanWebsite></PlanWebsite><Spec Type="SingleFamily"><SpecNumber>242269776587823700310163474276</SpecNumber><SpecAddress><SpecStreet1>5578 Stonebridge Drive SW</SpecStreet1><SpecCity>Grandville</SpecCity><SpecState>MI</SpecState><SpecZIP>49418</SpecZIP><SpecCountry>USA</SpecCountry></SpecAddress><SpecPrice>522900.00</SpecPrice><SpecSqft>2556</SpecSqft><SpecBaths>3</SpecBaths><SpecHalfBaths>0</SpecHalfBaths><SpecBedrooms MasterBedLocation="Down">4</SpecBedrooms><SpecGarage>0.0</SpecGarage><SpecDescription>With over 25 years of experience in new home construction, Buffum Homes has become one of the best value and quality driven builders in Grand Rapids. Our customers may choose from a variety of our award-winning floor plans, or a new plan can be drawn to be completely customized to meet your needs. Homes can be built on our lots, in one of our communities, or on one you choose or own. We offer a no-hassle construction financing option as well, so that you don&#8217;t have to worry about a construction loan.</SpecDescription><SpecImages><SpecElevationImage SequencePosition="1" Title="" ReferenceType="URL">https://cdn1.photos.sparkplatform.com/ric/20200716000003638849000000.jpg</SpecElevationImage></SpecImages><SpecWebsite>https://buffumhomes.com/availablehomes/</SpecWebsite></Spec><Spec Type="SingleFamily"><SpecNumber>337507787026202405832321901658</SpecNumber><SpecAddress><SpecStreet1>5668 Stonebridge Drive</SpecStreet1><SpecCity>Grandville</SpecCity><SpecState>MI</SpecState><SpecZIP>49418</SpecZIP><SpecCountry>USA</SpecCountry></SpecAddress><SpecPrice>537900.00</SpecPrice><SpecSqft>2407</SpecSqft><SpecBaths>3</SpecBaths><SpecHalfBaths>0</SpecHalfBaths><SpecBedrooms MasterBedLocation="Down">4</SpecBedrooms><SpecGarage>0.0</SpecGarage><SpecDescription>With over 25 years of experience in new home construction, Buffum Homes has become one of the best value and quality driven builders in Grand Rapids. Our customers may choose from a variety of our award-winning floor plans, or a new plan can be drawn to be completely customized to meet your needs. Homes can be built on our lots, in one of our communities, or on one you choose or own. We offer a no-hassle construction financing option as well, so that you don&#8217;t have to worry about a construction loan.</SpecDescription><SpecImages><SpecElevationImage SequencePosition="1" Title="" ReferenceType="URL">https://cdn1.photos.sparkplatform.com/ric/20200716164533261893000000.jpg</SpecElevationImage></SpecImages><SpecWebsite>https://buffumhomes.com/availablehomes/</SpecWebsite></Spec><Spec Type="SingleFamily"><SpecNumber>713013574943045203593550320347</SpecNumber><SpecAddress><SpecStreet1>1700 Gloryfield Drive SW</SpecStreet1><SpecCity>Byron Center</SpecCity><SpecState>MI</SpecState><SpecZIP>49315</SpecZIP><SpecCountry>USA</SpecCountry></SpecAddress><SpecPrice>464900.00</SpecPrice><SpecSqft>2225</SpecSqft><SpecBaths>3</SpecBaths><SpecHalfBaths>0</SpecHalfBaths><SpecBedrooms MasterBedLocation="Down">3</SpecBedrooms><SpecGarage>0.0</SpecGarage><SpecDescription>With over 25 years of experience in new home construction, Buffum Homes has become one of the best value and quality driven builders in Grand Rapids. Our customers may choose from a variety of our award-winning floor plans, or a new plan can be drawn to be completely customized to meet your needs. Homes can be built on our lots, in one of our communities, or on one you choose or own. We offer a no-hassle construction financing option as well, so that you don&#8217;t have to worry about a construction loan.</SpecDescription><SpecImages><SpecElevationImage SequencePosition="1" Title="" ReferenceType="URL">https://cdn1.photos.sparkplatform.com/ric/20200916202859919400000000.jpg</SpecElevationImage></SpecImages><SpecWebsite>https://buffumhomes.com/availablehomes/</SpecWebsite></Spec></Plan></Subdivision></Builder></Corporation></Builders>