<Builders DateGenerated="2021-10-22T10:53:24"><Corporation><CorporateBuilderNumber>52400</CorporateBuilderNumber><CorporateState>AK</CorporateState><CorporateName>BRUCE WIECHERT CUSTOM HOMES, INC</CorporateName><Builder><BuilderNumber>51333</BuilderNumber><BrandName>Destiny Homes Construction</BrandName><BrandLogo_Med ReferenceType="URL">https://www.destinyhomesak.com/sitebuilder/images/Web_Destiny_Logo-311x112.jpg</BrandLogo_Med><ReportingName>Destiny Homes Construction</ReportingName><DefaultLeadsEmail LeadsPerMessage="All">leads@thebdx.com</DefaultLeadsEmail><BuilderWebsite>https://www.wiecherthomes.com/</BuilderWebsite><Subdivision Status="Active"><SubdivisionNumber>51333</SubdivisionNumber><SubdivisionName>Destiny Homes Construction</SubdivisionName><BuildOnYourLot>0</BuildOnYourLot><SalesOffice><Address OutOfCommunity="0"><Street1>3073 SKYVIEW LANE</Street1><City>EUGENE</City><State>OR</State><ZIP>97405</ZIP></Address><Phone><AreaCode>541</AreaCode><Prefix>686</Prefix><Suffix>9458</Suffix></Phone><Email>wiecherthomes@comcast.net</Email></SalesOffice><SubDescription>Gorgeous Wiechert built home in NEW North Gilham - The Nines Subdivision! 4 Bedrooms PLUS Bonus room AND office, Upscale Finishes, Bright &amp; Spacious. Hardwood Floors, Quartz Counters, Custom Cabinets w/Soft Close Doors &amp; Drawers, Stainless Appliances, 2 walk-in tile showers, Front &amp; Back Landscaping w/Sprinklers, Covered Patio. Taxes not yet assessed. Home is Complete and Ready to View! CHECK OUT THE VIRTUAL TOUR!</SubDescription><SubWebsite>https://www.wiecherthomes.com/</SubWebsite><Plan Type="SingleFamily"><PlanNumber>671632379198661433751850586450</PlanNumber><PlanName>The Cambridge &#8212; Bruce Wiechert Custom Homes</PlanName><PlanNotAvailable>0</PlanNotAvailable><PlanTypeName>Single Family</PlanTypeName><BasePrice>0.00</BasePrice><BaseSqft>0</BaseSqft><Baths>2</Baths><HalfBaths>0</HalfBaths><Bedrooms MasterBedLocation="Down">3</Bedrooms><Garage>0.0</Garage><Description>Wiechert Custom Homes blends creativity with materials to design a truly unique living environment for you and your family. Every home built is crafted to include those special custom features that make your house a home. Explore the various Models/Floorplans below! Please be advised that the same floor plans are regularly built at varying sizes both larger and smaller and with different specifications.  The floor plans shown here are simply representative of ideas of the general floor plan layout.</Description><PlanImages/><PlanWebsite>https://www.wiecherthomes.com/thecambridge</PlanWebsite></Plan><Plan Type="SingleFamily"><PlanNumber>482723804761506605668575478343</PlanNumber><PlanName>The Riverstone &#8212; Bruce Wiechert Custom Homes</PlanName><PlanNotAvailable>0</PlanNotAvailable><PlanTypeName>Single Family</PlanTypeName><BasePrice>0.00</BasePrice><BaseSqft>1817</BaseSqft><Baths>2</Baths><HalfBaths>0</HalfBaths><Bedrooms MasterBedLocation="Down">3</Bedrooms><Garage>3.0</Garage><Description>Wiechert Custom Homes blends creativity with materials to design a truly unique living environment for you and your family. Every home built is crafted to include those special custom features that make your house a home. Explore the various Models/Floorplans below! Please be advised that the same floor plans are regularly built at varying sizes both larger and smaller and with different specifications.  The floor plans shown here are simply representative of ideas of the general floor plan layout.</Description><PlanImages/><PlanWebsite>https://www.wiecherthomes.com/theriverstone</PlanWebsite></Plan><Plan Type="SingleFamily"><PlanNumber>67442495654350949475778162323</PlanNumber><PlanName>The Essex &#8212; Bruce Wiechert Custom Homes</PlanName><PlanNotAvailable>0</PlanNotAvailable><PlanTypeName>Single Family</PlanTypeName><BasePrice>0.00</BasePrice><BaseSqft>2000</BaseSqft><Baths>2</Baths><HalfBaths>0</HalfBaths><Bedrooms MasterBedLocation="Down">3</Bedrooms><Garage>0.0</Garage><Description>Wiechert Custom Homes blends creativity with materials to design a truly unique living environment for you and your family. Every home built is crafted to include those special custom features that make your house a home. Explore the various Models/Floorplans below! Please be advised that the same floor plans are regularly built at varying sizes both larger and smaller and with different specifications.  The floor plans shown here are simply representative of ideas of the general floor plan layout.</Description><PlanImages/><PlanWebsite>https://www.wiecherthomes.com/theessex</PlanWebsite></Plan><Plan Type="SingleFamily"><PlanNumber>449105608374308442164211158218</PlanNumber><PlanName>The Meadowview &#8212; Bruce Wiechert Custom Homes</PlanName><PlanNotAvailable>0</PlanNotAvailable><PlanTypeName>Single Family</PlanTypeName><BasePrice>0.00</BasePrice><BaseSqft>0</BaseSqft><Baths>2</Baths><HalfBaths>0</HalfBaths><Bedrooms MasterBedLocation="Down">3</Bedrooms><Garage>0.0</Garage><Description>Wiechert Custom Homes blends creativity with materials to design a truly unique living environment for you and your family. Every home built is crafted to include those special custom features that make your house a home. Explore the various Models/Floorplans below! Please be advised that the same floor plans are regularly built at varying sizes both larger and smaller and with different specifications.  The floor plans shown here are simply representative of ideas of the general floor plan layout.</Description><PlanImages/><PlanWebsite>https://www.wiecherthomes.com/the-meadowview</PlanWebsite></Plan><Plan Type="SingleFamily"><PlanNumber>891407508745348667440927690153</PlanNumber><PlanName>The Lakewood &#8212; Bruce Wiechert Custom Homes</PlanName><PlanNotAvailable>0</PlanNotAvailable><PlanTypeName>Single Family</PlanTypeName><BasePrice>0.00</BasePrice><BaseSqft>2001</BaseSqft><Baths>2</Baths><HalfBaths>0</HalfBaths><Bedrooms MasterBedLocation="Down">3</Bedrooms><Garage>3.0</Garage><Description>Wiechert Custom Homes blends creativity with materials to design a truly unique living environment for you and your family. Every home built is crafted to include those special custom features that make your house a home. Explore the various Models/Floorplans below! Please be advised that the same floor plans are regularly built at varying sizes both larger and smaller and with different specifications.  The floor plans shown here are simply representative of ideas of the general floor plan layout.</Description><PlanImages/><PlanWebsite>https://www.wiecherthomes.com/the-lakewood</PlanWebsite></Plan><Plan Type="SingleFamily"><PlanNumber>193538577523036397878433762619</PlanNumber><PlanName>The Breckenridge &#8212; Bruce Wiechert Custom Homes</PlanName><PlanNotAvailable>0</PlanNotAvailable><PlanTypeName>Single Family</PlanTypeName><BasePrice>0.00</BasePrice><BaseSqft>1975</BaseSqft><Baths>2</Baths><HalfBaths>0</HalfBaths><Bedrooms MasterBedLocation="Down">3</Bedrooms><Garage>3.0</Garage><Description>Wiechert Custom Homes blends creativity with materials to design a truly unique living environment for you and your family. Every home built is crafted to include those special custom features that make your house a home. Explore the various Models/Floorplans below! Please be advised that the same floor plans are regularly built at varying sizes both larger and smaller and with different specifications.  The floor plans shown here are simply representative of ideas of the general floor plan layout.</Description><PlanImages/><PlanWebsite>https://www.wiecherthomes.com/the-breckenridge</PlanWebsite></Plan><Plan Type="SingleFamily"><PlanNumber>503543573866082123158735034083</PlanNumber><PlanName>The Oakland &#8212; Bruce Wiechert Custom Homes</PlanName><PlanNotAvailable>0</PlanNotAvailable><PlanTypeName>Single Family</PlanTypeName><BasePrice>0.00</BasePrice><BaseSqft>0</BaseSqft><Baths>2</Baths><HalfBaths>0</HalfBaths><Bedrooms MasterBedLocation="Down">3</Bedrooms><Garage>0.0</Garage><Description>Wiechert Custom Homes blends creativity with materials to design a truly unique living environment for you and your family. Every home built is crafted to include those special custom features that make your house a home. Explore the various Models/Floorplans below! Please be advised that the same floor plans are regularly built at varying sizes both larger and smaller and with different specifications.  The floor plans shown here are simply representative of ideas of the general floor plan layout.</Description><PlanImages/><PlanWebsite>https://www.wiecherthomes.com/theoakland</PlanWebsite></Plan><Plan Type="SingleFamily"><PlanNumber>936154401601254484675757617697</PlanNumber><PlanName>The Woodview &#8212; Bruce Wiechert Custom Homes</PlanName><PlanNotAvailable>0</PlanNotAvailable><PlanTypeName>Single Family</PlanTypeName><BasePrice>0.00</BasePrice><BaseSqft>2420</BaseSqft><Baths>3</Baths><HalfBaths>0</HalfBaths><Bedrooms MasterBedLocation="Down">3</Bedrooms><Garage>0.0</Garage><Description>Wiechert Custom Homes blends creativity with materials to design a truly unique living environment for you and your family. Every home built is crafted to include those special custom features that make your house a home. Explore the various Models/Floorplans below! Please be advised that the same floor plans are regularly built at varying sizes both larger and smaller and with different specifications.  The floor plans shown here are simply representative of ideas of the general floor plan layout.</Description><PlanImages/><PlanWebsite>https://www.wiecherthomes.com/the-saddle-ridge-1</PlanWebsite></Plan><Plan Type="SingleFamily"><PlanNumber>429152903545063149392898686983</PlanNumber><PlanName>The River Ridge &#8212; Bruce Wiechert Custom Homes</PlanName><PlanNotAvailable>0</PlanNotAvailable><PlanTypeName>Single Family</PlanTypeName><BasePrice>0.00</BasePrice><BaseSqft>1605</BaseSqft><Baths>2</Baths><HalfBaths>0</HalfBaths><Bedrooms MasterBedLocation="Down">3</Bedrooms><Garage>0.0</Garage><Description>Wiechert Custom Homes blends creativity with materials to design a truly unique living environment for you and your family. Every home built is crafted to include those special custom features that make your house a home. Explore the various Models/Floorplans below! Please be advised that the same floor plans are regularly built at varying sizes both larger and smaller and with different specifications.  The floor plans shown here are simply representative of ideas of the general floor plan layout.</Description><PlanImages><ElevationImage SequencePosition="2" ReferenceType="URL">https://images.squarespace-cdn.com/content/v1/5845e37c03596e15cdfc795f/1483748659562-CAOJ7O60QX0280FO9CDN/955+Riverstone_large-002.jpg</ElevationImage><ElevationImage SequencePosition="3" ReferenceType="URL">https://images.squarespace-cdn.com/content/v1/5845e37c03596e15cdfc795f/1483748681383-5QR5MY03VZEY1IBS3WXT/955+Riverstone_large-007.jpg</ElevationImage><ElevationImage SequencePosition="4" ReferenceType="URL">https://images.squarespace-cdn.com/content/v1/5845e37c03596e15cdfc795f/1483748712401-QQXDL4HFNCO11LTFB4MM/955+Riverstone_large-011.jpg</ElevationImage></PlanImages><PlanWebsite>https://www.wiecherthomes.com/the-river-ridge</PlanWebsite></Plan><Plan Type="SingleFamily"><PlanNumber>272045912394970324948910908159</PlanNumber><PlanName>The Ridgecrest &#8212; Bruce Wiechert Custom Homes</PlanName><PlanNotAvailable>0</PlanNotAvailable><PlanTypeName>Single Family</PlanTypeName><BasePrice>0.00</BasePrice><BaseSqft>2141</BaseSqft><Baths>2</Baths><HalfBaths>0</HalfBaths><Bedrooms MasterBedLocation="Down">3</Bedrooms><Garage>3.0</Garage><Description>Wiechert Custom Homes blends creativity with materials to design a truly unique living environment for you and your family. Every home built is crafted to include those special custom features that make your house a home. Explore the various Models/Floorplans below! Please be advised that the same floor plans are regularly built at varying sizes both larger and smaller and with different specifications.  The floor plans shown here are simply representative of ideas of the general floor plan layout.</Description><PlanImages><ElevationImage SequencePosition="2" ReferenceType="URL">https://images.squarespace-cdn.com/content/v1/5845e37c03596e15cdfc795f/1483752442193-VRAK1457OJH5SD2N9ICT/515+Wedgewood+Dr_large-008.jpg</ElevationImage><ElevationImage SequencePosition="3" ReferenceType="URL">https://images.squarespace-cdn.com/content/v1/5845e37c03596e15cdfc795f/1483752443588-3ANQB3V89F6VXSZ6EIHD/515+Wedgewood+Dr_large-009.jpg</ElevationImage><ElevationImage SequencePosition="4" ReferenceType="URL">https://images.squarespace-cdn.com/content/v1/5845e37c03596e15cdfc795f/1483752381999-Y4UZMWJ2F949U722V9QK/515+Wedgewood+Dr_large-003.jpg</ElevationImage><ElevationImage SequencePosition="5" ReferenceType="URL">https://images.squarespace-cdn.com/content/v1/5845e37c03596e15cdfc795f/1483752382244-RY3NW3N2NK52G0DALELP/515+Wedgewood+Dr_large-002.jpg</ElevationImage><ElevationImage SequencePosition="6" ReferenceType="URL">https://images.squarespace-cdn.com/content/v1/5845e37c03596e15cdfc795f/1483752397747-BFXRFKOFT3CVSWXO48TO/515+Wedgewood+Dr_large-004.jpg</ElevationImage><ElevationImage SequencePosition="7" ReferenceType="URL">https://images.squarespace-cdn.com/content/v1/5845e37c03596e15cdfc795f/1483752416044-7VT9SYUJE5DMF42C5AO1/515+Wedgewood+Dr_large-006.jpg</ElevationImage><ElevationImage SequencePosition="8" ReferenceType="URL">https://images.squarespace-cdn.com/content/v1/5845e37c03596e15cdfc795f/1483752456742-ZNECRHQFHAW0PARTS03R/515+Wedgewood+Dr_large-010.jpg</ElevationImage><ElevationImage SequencePosition="9" ReferenceType="URL">https://images.squarespace-cdn.com/content/v1/5845e37c03596e15cdfc795f/1483752414928-ITH0O6Z2DK5IKZFJ7JXH/515+Wedgewood+Dr_large-007.jpg</ElevationImage><ElevationImage SequencePosition="10" ReferenceType="URL">https://images.squarespace-cdn.com/content/v1/5845e37c03596e15cdfc795f/1483752456864-YBVT3Y1S94AQ4HRKWF2O/515+Wedgewood+Dr_large-011.jpg</ElevationImage><ElevationImage SequencePosition="11" ReferenceType="URL">https://images.squarespace-cdn.com/content/v1/5845e37c03596e15cdfc795f/1483752471792-SW17SNGMBFM6MMHQ6554/515+Wedgewood+Dr_large-012.jpg</ElevationImage><ElevationImage SequencePosition="12" ReferenceType="URL">https://images.squarespace-cdn.com/content/v1/5845e37c03596e15cdfc795f/1483752468779-NTH3EP5ZW0R0523LM6CO/515+Wedgewood+Dr_large-013.jpg</ElevationImage><ElevationImage SequencePosition="13" ReferenceType="URL">https://images.squarespace-cdn.com/content/v1/5845e37c03596e15cdfc795f/1483752487755-9AKYXU4HCHFS7MXO52KJ/515+Wedgewood+Dr_large-014.jpg</ElevationImage><ElevationImage SequencePosition="14" ReferenceType="URL">https://images.squarespace-cdn.com/content/v1/5845e37c03596e15cdfc795f/1483752487602-WEKHT2DFG8BNWZ79ZSY1/515+Wedgewood+Dr_large-015.jpg</ElevationImage><ElevationImage SequencePosition="15" ReferenceType="URL">https://images.squarespace-cdn.com/content/v1/5845e37c03596e15cdfc795f/1483752505338-1W14ELNPK0LYVD2TQTI3/515+Wedgewood+Dr_large-016.jpg</ElevationImage><ElevationImage SequencePosition="16" ReferenceType="URL">https://images.squarespace-cdn.com/content/v1/5845e37c03596e15cdfc795f/1483752497211-DG0UEX9L7QAW0HFI420J/515+Wedgewood+Dr_large-017.jpg</ElevationImage><ElevationImage SequencePosition="17" ReferenceType="URL">https://images.squarespace-cdn.com/content/v1/5845e37c03596e15cdfc795f/1483752535544-KEWD09HKF7P3V65NK98I/515+Wedgewood+Dr_large-022.jpg</ElevationImage><ElevationImage SequencePosition="18" ReferenceType="URL">https://images.squarespace-cdn.com/content/v1/5845e37c03596e15cdfc795f/1483752510178-WBIRLQ3WVN65SFEDMK1I/515+Wedgewood+Dr_large-018.jpg</ElevationImage><ElevationImage SequencePosition="19" ReferenceType="URL">https://images.squarespace-cdn.com/content/v1/5845e37c03596e15cdfc795f/1483752542199-FFTH8K35CAFA2F3HCE01/515+Wedgewood+Dr_large-023.jpg</ElevationImage><ElevationImage SequencePosition="20" ReferenceType="URL">https://images.squarespace-cdn.com/content/v1/5845e37c03596e15cdfc795f/1483752519466-JHU7JYDFHUNTQ2X7S21C/515+Wedgewood+Dr_large-019.jpg</ElevationImage><ElevationImage SequencePosition="21" ReferenceType="URL">https://images.squarespace-cdn.com/content/v1/5845e37c03596e15cdfc795f/1483752551848-Q4CBNCMX0X7V0I4RC09Q/515+Wedgewood+Dr_large-024.jpg</ElevationImage><ElevationImage SequencePosition="22" ReferenceType="URL">https://images.squarespace-cdn.com/content/v1/5845e37c03596e15cdfc795f/1483752522439-0AX0S9FHF8QGDOBQG3JA/515+Wedgewood+Dr_large-020.jpg</ElevationImage><ElevationImage SequencePosition="23" ReferenceType="URL">https://images.squarespace-cdn.com/content/v1/5845e37c03596e15cdfc795f/1483752559817-S61SJSHPP048G7OWRWJP/515+Wedgewood+Dr_large-025.jpg</ElevationImage><ElevationImage SequencePosition="24" ReferenceType="URL">https://images.squarespace-cdn.com/content/v1/5845e37c03596e15cdfc795f/1483752529958-09OCVOADDVKPI0LLBUT2/515+Wedgewood+Dr_large-021.jpg</ElevationImage><ElevationImage SequencePosition="25" ReferenceType="URL">https://images.squarespace-cdn.com/content/v1/5845e37c03596e15cdfc795f/1483752583802-O0VFT1ZMXY581SZLZWPB/515+Wedgewood+Dr_large-026.jpg</ElevationImage></PlanImages><PlanWebsite>https://www.wiecherthomes.com/the-ridgecrest</PlanWebsite></Plan><Plan Type="SingleFamily"><PlanNumber>272631658098353855814081609677</PlanNumber><PlanName>The Jasper &#8212; Bruce Wiechert Custom Homes</PlanName><PlanNotAvailable>0</PlanNotAvailable><PlanTypeName>Single Family</PlanTypeName><BasePrice>0.00</BasePrice><BaseSqft>0</BaseSqft><Baths>2</Baths><HalfBaths>0</HalfBaths><Bedrooms MasterBedLocation="Down">3</Bedrooms><Garage>0.0</Garage><Description>Wiechert Custom Homes blends creativity with materials to design a truly unique living environment for you and your family. Every home built is crafted to include those special custom features that make your house a home. Explore the various Models/Floorplans below! Please be advised that the same floor plans are regularly built at varying sizes both larger and smaller and with different specifications.  The floor plans shown here are simply representative of ideas of the general floor plan layout.</Description><PlanImages/><PlanWebsite>https://www.wiecherthomes.com/the-jasper</PlanWebsite></Plan><Plan Type="SingleFamily"><PlanNumber>533906667467247807387851280582</PlanNumber><PlanName>The Mountainview &#8212; Bruce Wiechert Custom Homes</PlanName><PlanNotAvailable>0</PlanNotAvailable><PlanTypeName>Single Family</PlanTypeName><BasePrice>0.00</BasePrice><BaseSqft>0</BaseSqft><Baths>2</Baths><HalfBaths>1</HalfBaths><Bedrooms MasterBedLocation="Down">3</Bedrooms><Garage>0.0</Garage><Description>Wiechert Custom Homes blends creativity with materials to design a truly unique living environment for you and your family. Every home built is crafted to include those special custom features that make your house a home. Explore the various Models/Floorplans below! Please be advised that the same floor plans are regularly built at varying sizes both larger and smaller and with different specifications.  The floor plans shown here are simply representative of ideas of the general floor plan layout.</Description><PlanImages/><PlanWebsite>https://www.wiecherthomes.com/the-mountainview</PlanWebsite></Plan><Plan Type="SingleFamily"><PlanNumber>921226968865776349870644611740</PlanNumber><PlanName>The Saddle Ridge &#8212; Bruce Wiechert Custom Homes</PlanName><PlanNotAvailable>0</PlanNotAvailable><PlanTypeName>Single Family</PlanTypeName><BasePrice>0.00</BasePrice><BaseSqft>2270</BaseSqft><Baths>2</Baths><HalfBaths>0</HalfBaths><Bedrooms MasterBedLocation="Down">3</Bedrooms><Garage>3.0</Garage><Description>Wiechert Custom Homes blends creativity with materials to design a truly unique living environment for you and your family. Every home built is crafted to include those special custom features that make your house a home. Explore the various Models/Floorplans below! Please be advised that the same floor plans are regularly built at varying sizes both larger and smaller and with different specifications.  The floor plans shown here are simply representative of ideas of the general floor plan layout.</Description><PlanImages/><PlanWebsite>https://www.wiecherthomes.com/the-saddle-ridge</PlanWebsite></Plan><Plan Type="SingleFamily"><PlanNumber>328004979037198050722199187720</PlanNumber><PlanName>The Sequoia &#8212; Bruce Wiechert Custom Homes</PlanName><PlanNotAvailable>0</PlanNotAvailable><PlanTypeName>Single Family</PlanTypeName><BasePrice>0.00</BasePrice><BaseSqft>1800</BaseSqft><Baths>2</Baths><HalfBaths>0</HalfBaths><Bedrooms MasterBedLocation="Down">3</Bedrooms><Garage>0.0</Garage><Description>Wiechert Custom Homes blends creativity with materials to design a truly unique living environment for you and your family. Every home built is crafted to include those special custom features that make your house a home. Explore the various Models/Floorplans below! Please be advised that the same floor plans are regularly built at varying sizes both larger and smaller and with different specifications.  The floor plans shown here are simply representative of ideas of the general floor plan layout.</Description><PlanImages/><PlanWebsite>https://www.wiecherthomes.com/thesequoia</PlanWebsite></Plan><Plan Type="SingleFamily"><PlanNumber>912223488608885389918484463162</PlanNumber><PlanName>The Brentwood &#8212; Bruce Wiechert Custom Homes</PlanName><PlanNotAvailable>0</PlanNotAvailable><PlanTypeName>Single Family</PlanTypeName><BasePrice>0.00</BasePrice><BaseSqft>0</BaseSqft><Baths>2</Baths><HalfBaths>0</HalfBaths><Bedrooms MasterBedLocation="Down">3</Bedrooms><Garage>0.0</Garage><Description>Wiechert Custom Homes blends creativity with materials to design a truly unique living environment for you and your family. Every home built is crafted to include those special custom features that make your house a home. Explore the various Models/Floorplans below! Please be advised that the same floor plans are regularly built at varying sizes both larger and smaller and with different specifications.  The floor plans shown here are simply representative of ideas of the general floor plan layout.</Description><PlanImages/><PlanWebsite>https://www.wiecherthomes.com/thebrentwood</PlanWebsite></Plan><Plan Type="SingleFamily"><PlanNumber>715787804168440586546256648900</PlanNumber><PlanName>The Waterstone &#8212; Bruce Wiechert Custom Homes</PlanName><PlanNotAvailable>0</PlanNotAvailable><PlanTypeName>Single Family</PlanTypeName><BasePrice>0.00</BasePrice><BaseSqft>1600</BaseSqft><Baths>2</Baths><HalfBaths>0</HalfBaths><Bedrooms MasterBedLocation="Down">3</Bedrooms><Garage>2.0</Garage><Description>Wiechert Custom Homes blends creativity with materials to design a truly unique living environment for you and your family. Every home built is crafted to include those special custom features that make your house a home. Explore the various Models/Floorplans below! Please be advised that the same floor plans are regularly built at varying sizes both larger and smaller and with different specifications.  The floor plans shown here are simply representative of ideas of the general floor plan layout.</Description><PlanImages/><PlanWebsite>https://www.wiecherthomes.com/the</PlanWebsite></Plan><Plan Type="SingleFamily"><PlanNumber>835624470568301536538120032180</PlanNumber><PlanName>The Franklin &#8212; Bruce Wiechert Custom Homes</PlanName><PlanNotAvailable>0</PlanNotAvailable><PlanTypeName>Single Family</PlanTypeName><BasePrice>0.00</BasePrice><BaseSqft>1717</BaseSqft><Baths>2</Baths><HalfBaths>0</HalfBaths><Bedrooms MasterBedLocation="Down">3</Bedrooms><Garage>0.0</Garage><Description>Wiechert Custom Homes blends creativity with materials to design a truly unique living environment for you and your family. Every home built is crafted to include those special custom features that make your house a home. Explore the various Models/Floorplans below! Please be advised that the same floor plans are regularly built at varying sizes both larger and smaller and with different specifications.  The floor plans shown here are simply representative of ideas of the general floor plan layout.</Description><PlanImages/><PlanWebsite>https://www.wiecherthomes.com/the-franklin</PlanWebsite></Plan><Plan Type="SingleFamily"><PlanNumber>918592033555880160496267707576</PlanNumber><PlanName>The Eagle Creek &#8212; Bruce Wiechert Custom Homes</PlanName><PlanNotAvailable>0</PlanNotAvailable><PlanTypeName>Single Family</PlanTypeName><BasePrice>0.00</BasePrice><BaseSqft>0</BaseSqft><Baths>2</Baths><HalfBaths>1</HalfBaths><Bedrooms MasterBedLocation="Down">3</Bedrooms><Garage>3.0</Garage><Description>Wiechert Custom Homes blends creativity with materials to design a truly unique living environment for you and your family. Every home built is crafted to include those special custom features that make your house a home. Explore the various Models/Floorplans below! Please be advised that the same floor plans are regularly built at varying sizes both larger and smaller and with different specifications.  The floor plans shown here are simply representative of ideas of the general floor plan layout.</Description><PlanImages/><PlanWebsite>https://www.wiecherthomes.com/the-eagle-creek</PlanWebsite></Plan><Plan Type="SingleFamily"><PlanNumber>855731341805490623543871157043</PlanNumber><PlanName>The Ashland &#8212; Bruce Wiechert Custom Homes</PlanName><PlanNotAvailable>0</PlanNotAvailable><PlanTypeName>Single Family</PlanTypeName><BasePrice>0.00</BasePrice><BaseSqft>2100</BaseSqft><Baths>2</Baths><HalfBaths>0</HalfBaths><Bedrooms MasterBedLocation="Down">3</Bedrooms><Garage>2.0</Garage><Description>Wiechert Custom Homes blends creativity with materials to design a truly unique living environment for you and your family. Every home built is crafted to include those special custom features that make your house a home. Explore the various Models/Floorplans below! Please be advised that the same floor plans are regularly built at varying sizes both larger and smaller and with different specifications.  The floor plans shown here are simply representative of ideas of the general floor plan layout.</Description><PlanImages/><PlanWebsite>https://www.wiecherthomes.com/the-ashland</PlanWebsite></Plan><Plan Type="SingleFamily"><PlanNumber>805425951308188314139438144835</PlanNumber><PlanName>The Creekside &#8212; Bruce Wiechert Custom Homes</PlanName><PlanNotAvailable>0</PlanNotAvailable><PlanTypeName>Single Family</PlanTypeName><BasePrice>0.00</BasePrice><BaseSqft>0</BaseSqft><Baths>2</Baths><HalfBaths>1</HalfBaths><Bedrooms MasterBedLocation="Down">3</Bedrooms><Garage>3.0</Garage><Description>Wiechert Custom Homes blends creativity with materials to design a truly unique living environment for you and your family. Every home built is crafted to include those special custom features that make your house a home. Explore the various Models/Floorplans below! Please be advised that the same floor plans are regularly built at varying sizes both larger and smaller and with different specifications.  The floor plans shown here are simply representative of ideas of the general floor plan layout.</Description><PlanImages><ElevationImage SequencePosition="2" ReferenceType="URL">https://images.squarespace-cdn.com/content/v1/5845e37c03596e15cdfc795f/1486001438969-YMYGIG94CL2543XMFTVB/6145+Greystone_large-25.jpg</ElevationImage><ElevationImage SequencePosition="3" ReferenceType="URL">https://images.squarespace-cdn.com/content/v1/5845e37c03596e15cdfc795f/1486001555933-NLZZ1HA40QR8AX2WA11D/6145+Greystone_large-11.jpg</ElevationImage><ElevationImage SequencePosition="4" ReferenceType="URL">https://images.squarespace-cdn.com/content/v1/5845e37c03596e15cdfc795f/1486001231070-B7KSX2NIM0ZLJNUDMK9Q/6145+Greystone_large-7.jpg</ElevationImage><ElevationImage SequencePosition="5" ReferenceType="URL">https://images.squarespace-cdn.com/content/v1/5845e37c03596e15cdfc795f/1486001305688-NPFWAFHOHSVK5WJSLA7I/6145+Greystone_large-14.jpg</ElevationImage><ElevationImage SequencePosition="6" ReferenceType="URL">https://images.squarespace-cdn.com/content/v1/5845e37c03596e15cdfc795f/1486001338231-EWOQ008HG3GQ7Y5S05QU/6145+Greystone_large-10.jpg</ElevationImage><ElevationImage SequencePosition="7" ReferenceType="URL">https://images.squarespace-cdn.com/content/v1/5845e37c03596e15cdfc795f/1486001541162-HO27XV9BQKEK9DC7KVU5/6145+Greystone_large-6.jpg</ElevationImage><ElevationImage SequencePosition="8" ReferenceType="URL">https://images.squarespace-cdn.com/content/v1/5845e37c03596e15cdfc795f/1486001355252-2IDWO7G4T5117S4VTWUG/6145+Greystone_large-18.jpg</ElevationImage><ElevationImage SequencePosition="9" ReferenceType="URL">https://images.squarespace-cdn.com/content/v1/5845e37c03596e15cdfc795f/1486001364714-HDJR11J3E0Q3IV1DET77/6145+Greystone_large-21.jpg</ElevationImage></PlanImages><PlanWebsite>https://www.wiecherthomes.com/the-creekside</PlanWebsite></Plan><Plan Type="SingleFamily"><PlanNumber>547784786951030658084015192637</PlanNumber><PlanName>The Stonecreek &#8212; Bruce Wiechert Custom Homes</PlanName><PlanNotAvailable>0</PlanNotAvailable><PlanTypeName>Single Family</PlanTypeName><BasePrice>0.00</BasePrice><BaseSqft>1520</BaseSqft><Baths>2</Baths><HalfBaths>0</HalfBaths><Bedrooms MasterBedLocation="Down">3</Bedrooms><Garage>2.0</Garage><Description>Wiechert Custom Homes blends creativity with materials to design a truly unique living environment for you and your family. Every home built is crafted to include those special custom features that make your house a home. Explore the various Models/Floorplans below! Please be advised that the same floor plans are regularly built at varying sizes both larger and smaller and with different specifications.  The floor plans shown here are simply representative of ideas of the general floor plan layout.</Description><PlanImages/><PlanWebsite>https://www.wiecherthomes.com/thestonerock</PlanWebsite></Plan><Plan Type="SingleFamily"><PlanNumber>916744095592617225852461786770</PlanNumber><PlanName>The Shaniko &#8212; Bruce Wiechert Custom Homes</PlanName><PlanNotAvailable>0</PlanNotAvailable><PlanTypeName>Single Family</PlanTypeName><BasePrice>0.00</BasePrice><BaseSqft>0</BaseSqft><Baths>2</Baths><HalfBaths>1</HalfBaths><Bedrooms MasterBedLocation="Down">3</Bedrooms><Garage>0.0</Garage><Description>Wiechert Custom Homes blends creativity with materials to design a truly unique living environment for you and your family. Every home built is crafted to include those special custom features that make your house a home. Explore the various Models/Floorplans below! Please be advised that the same floor plans are regularly built at varying sizes both larger and smaller and with different specifications.  The floor plans shown here are simply representative of ideas of the general floor plan layout.</Description><PlanImages><ElevationImage SequencePosition="2" ReferenceType="URL">https://images.squarespace-cdn.com/content/v1/5845e37c03596e15cdfc795f/1483745817327-UENA50ARKU6OWF9KRGXG/1171+Cal+Young_large-6.jpg</ElevationImage><ElevationImage SequencePosition="3" ReferenceType="URL">https://images.squarespace-cdn.com/content/v1/5845e37c03596e15cdfc795f/1483745851698-SSL7P01LZQN8JS1I9JQU/1171+Cal+Young_large-10.jpg</ElevationImage><ElevationImage SequencePosition="4" ReferenceType="URL">https://images.squarespace-cdn.com/content/v1/5845e37c03596e15cdfc795f/1483745861796-CWDH3SFRJSP3YAS9ZCMF/1171+Cal+Young_large-13.jpg</ElevationImage><ElevationImage SequencePosition="5" ReferenceType="URL">https://images.squarespace-cdn.com/content/v1/5845e37c03596e15cdfc795f/1483745890000-7W7Q4OLSP1QYSDFEDLFT/1171+Cal+Young_large-103.jpg</ElevationImage><ElevationImage SequencePosition="6" ReferenceType="URL">https://images.squarespace-cdn.com/content/v1/5845e37c03596e15cdfc795f/1483745911793-4NO8XZI5IZ7RUKLKKOHI/1171+Cal+Young_large-19.jpg</ElevationImage><ElevationImage SequencePosition="7" ReferenceType="URL">https://images.squarespace-cdn.com/content/v1/5845e37c03596e15cdfc795f/1483746154874-Q1GEQVQ1CKPM6D4XO9YF/1171+Cal+Young_large-14.jpg</ElevationImage></PlanImages><PlanWebsite>https://www.wiecherthomes.com/the-shaniko</PlanWebsite></Plan><Plan Type="SingleFamily"><PlanNumber>234396248981305150153733503359</PlanNumber><PlanName>The Brookview &#8212; Bruce Wiechert Custom Homes</PlanName><PlanNotAvailable>0</PlanNotAvailable><PlanTypeName>Single Family</PlanTypeName><BasePrice>0.00</BasePrice><BaseSqft>1910</BaseSqft><Baths>2</Baths><HalfBaths>0</HalfBaths><Bedrooms MasterBedLocation="Down">3</Bedrooms><Garage>2.0</Garage><Description>Wiechert Custom Homes blends creativity with materials to design a truly unique living environment for you and your family. Every home built is crafted to include those special custom features that make your house a home. Explore the various Models/Floorplans below! Please be advised that the same floor plans are regularly built at varying sizes both larger and smaller and with different specifications.  The floor plans shown here are simply representative of ideas of the general floor plan layout.</Description><PlanImages/><PlanWebsite>https://www.wiecherthomes.com/the-brookview</PlanWebsite></Plan><Plan Type="SingleFamily"><PlanNumber>424361575760459908435491603161</PlanNumber><PlanName>The Red Rock &#8212; Bruce Wiechert Custom Homes</PlanName><PlanNotAvailable>0</PlanNotAvailable><PlanTypeName>Single Family</PlanTypeName><BasePrice>0.00</BasePrice><BaseSqft>1520</BaseSqft><Baths>2</Baths><HalfBaths>0</HalfBaths><Bedrooms MasterBedLocation="Down">3</Bedrooms><Garage>2.0</Garage><Description>Wiechert Custom Homes blends creativity with materials to design a truly unique living environment for you and your family. Every home built is crafted to include those special custom features that make your house a home. Explore the various Models/Floorplans below! Please be advised that the same floor plans are regularly built at varying sizes both larger and smaller and with different specifications.  The floor plans shown here are simply representative of ideas of the general floor plan layout.</Description><PlanImages/><PlanWebsite>https://www.wiecherthomes.com/the-red-rock</PlanWebsite></Plan><Plan Type="SingleFamily"><PlanNumber>747837955469522391469224322948</PlanNumber><PlanName>The Tahoe &#8212; Bruce Wiechert Custom Homes</PlanName><PlanNotAvailable>0</PlanNotAvailable><PlanTypeName>Single Family</PlanTypeName><BasePrice>0.00</BasePrice><BaseSqft>0</BaseSqft><Baths>4</Baths><HalfBaths>0</HalfBaths><Bedrooms MasterBedLocation="Down">4</Bedrooms><Garage>0.0</Garage><Description>Wiechert Custom Homes blends creativity with materials to design a truly unique living environment for you and your family. Every home built is crafted to include those special custom features that make your house a home. Explore the various Models/Floorplans below! Please be advised that the same floor plans are regularly built at varying sizes both larger and smaller and with different specifications.  The floor plans shown here are simply representative of ideas of the general floor plan layout.</Description><PlanImages/><PlanWebsite>https://www.wiecherthomes.com/thetahoe</PlanWebsite></Plan><Plan Type="SingleFamily"><PlanNumber>572656303549314894840879550433</PlanNumber><PlanName>The Tamarack &#8212; Bruce Wiechert Custom Homes</PlanName><PlanNotAvailable>0</PlanNotAvailable><PlanTypeName>Single Family</PlanTypeName><BasePrice>0.00</BasePrice><BaseSqft>1500</BaseSqft><Baths>2</Baths><HalfBaths>0</HalfBaths><Bedrooms MasterBedLocation="Down">3</Bedrooms><Garage>0.0</Garage><Description>Wiechert Custom Homes blends creativity with materials to design a truly unique living environment for you and your family. Every home built is crafted to include those special custom features that make your house a home. Explore the various Models/Floorplans below! Please be advised that the same floor plans are regularly built at varying sizes both larger and smaller and with different specifications.  The floor plans shown here are simply representative of ideas of the general floor plan layout.</Description><PlanImages/><PlanWebsite>https://www.wiecherthomes.com/the-tamarack</PlanWebsite></Plan><Plan Type="SingleFamily"><PlanNumber>640107257620427231185506789057</PlanNumber><PlanName>The Evergreen &#8212; Bruce Wiechert Custom Homes</PlanName><PlanNotAvailable>0</PlanNotAvailable><PlanTypeName>Single Family</PlanTypeName><BasePrice>0.00</BasePrice><BaseSqft>1620</BaseSqft><Baths>2</Baths><HalfBaths>0</HalfBaths><Bedrooms MasterBedLocation="Down">3</Bedrooms><Garage>2.0</Garage><Description>Wiechert Custom Homes blends creativity with materials to design a truly unique living environment for you and your family. Every home built is crafted to include those special custom features that make your house a home. Explore the various Models/Floorplans below! Please be advised that the same floor plans are regularly built at varying sizes both larger and smaller and with different specifications.  The floor plans shown here are simply representative of ideas of the general floor plan layout.</Description><PlanImages><ElevationImage SequencePosition="2" ReferenceType="URL">https://images.squarespace-cdn.com/content/v1/5845e37c03596e15cdfc795f/1486009314721-UT7W7IAWUQ355U0GXZCM/801+SW+Quince_large-18.jpg</ElevationImage><ElevationImage SequencePosition="3" ReferenceType="URL">https://images.squarespace-cdn.com/content/v1/5845e37c03596e15cdfc795f/1486009088061-QSCSA2WDU61NFNQ9X5EM/801+SW+Quince_large-12.jpg</ElevationImage><ElevationImage SequencePosition="4" ReferenceType="URL">https://images.squarespace-cdn.com/content/v1/5845e37c03596e15cdfc795f/1486009134820-YJLNU59IH528XR5VYXDP/801+SW+Quince_large-16.jpg</ElevationImage><ElevationImage SequencePosition="5" ReferenceType="URL">https://images.squarespace-cdn.com/content/v1/5845e37c03596e15cdfc795f/1486009111246-MRO44XBOYXVUV0H6A7VD/801+SW+Quince_large-14.jpg</ElevationImage><ElevationImage SequencePosition="6" ReferenceType="URL">https://images.squarespace-cdn.com/content/v1/5845e37c03596e15cdfc795f/1486009157074-ADIA0Y4NLWMVM2OQUIAD/801+SW+Quince_large-12.jpg</ElevationImage><ElevationImage SequencePosition="7" ReferenceType="URL">https://images.squarespace-cdn.com/content/v1/5845e37c03596e15cdfc795f/1486008976799-IRTCGVTQTL0YTO3UBU6G/801+SW+Quince_large-2.jpg</ElevationImage><ElevationImage SequencePosition="8" ReferenceType="URL">https://images.squarespace-cdn.com/content/v1/5845e37c03596e15cdfc795f/1486009036714-UCGKURDNAWUPXW0SRMKA/801+SW+Quince_large-7.jpg</ElevationImage><ElevationImage SequencePosition="9" ReferenceType="URL">https://images.squarespace-cdn.com/content/v1/5845e37c03596e15cdfc795f/1486009332516-DAP3CIEONF6RLP4JK5KN/801+SW+Quince_large-17.jpg</ElevationImage></PlanImages><PlanWebsite>https://www.wiecherthomes.com/the-evergreen</PlanWebsite></Plan></Subdivision></Builder></Corporation></Builders>