<Builders DateGenerated="2021-10-22T10:53:21"><Corporation><CorporateBuilderNumber>49458</CorporateBuilderNumber><CorporateState>MI</CorporateState><CorporateName>Homestead Custom Builders, LLC</CorporateName><Builder><BuilderNumber>28474</BuilderNumber><BrandName>Eagle Creek Homes</BrandName><BrandLogo_Med ReferenceType="URL">None</BrandLogo_Med><ReportingName>Eagle Creek Homes</ReportingName><DefaultLeadsEmail LeadsPerMessage="All">leads@thebdx.com</DefaultLeadsEmail><BuilderWebsite>http://www.buildhomestead.com/</BuilderWebsite><Subdivision Status="Active"><SubdivisionNumber>28474</SubdivisionNumber><SubdivisionName>Eagle Creek Homes</SubdivisionName><BuildOnYourLot>0</BuildOnYourLot><SalesOffice><Address OutOfCommunity="0"><Street1>12339 Wake Union Church Rd</Street1><City>Wake Forest</City><State>NC</State><ZIP>27587</ZIP></Address><Phone><AreaCode>402</AreaCode><Prefix>884</Prefix><Suffix>4124</Suffix></Phone><Email>info@buildhomestead.com</Email></SalesOffice><SubDescription>Homestead Custom Builders, LLC was founded with the intent on building modern, high efficiency homes without losing character. We strive to make sure that every home we build is a direct reflection of the home owners' style and preferences. A custom home should be unique for the people and families who occupy it and that's why we take every measure possible to make sure our homes are the true definition of custom. Our pricing, plans and features are as unique as our home owners. We can either start from one of our existing plans, design a complete custom home or even build something based on a plan you may already have. We realize it isn&#8217;t just about building a house; it&#8217;s about building a home. Homestead Custom Builders, LLC would love the opportunity to sit down with you and build your home, together. Please give us a call today!</SubDescription><SubImage SequencePosition="1" Title="House1" ReferenceType="URL">https://static.wixstatic.com/media/b609be_d7e10b924ad44e309c9a3e6f1820ff35.jpg/v1/fill/w_1874,h_1155,al_c,q_90,usm_0.66_1.00_0.01/b609be_d7e10b924ad44e309c9a3e6f1820ff35.webp</SubImage><SubImage SequencePosition="2" Title="House1" ReferenceType="URL">https://static.wixstatic.com/media/b609be_5c5ac48939dc449f87564bdc9ed0662a.jpg/v1/fill/w_1075,h_738,al_c,q_85,usm_0.66_1.00_0.01/b609be_5c5ac48939dc449f87564bdc9ed0662a.jpg</SubImage><SubImage SequencePosition="3" Title="House1" ReferenceType="URL">https://static.wixstatic.com/media/b609be_3302a872a9f84d35a5cb83cce6d17b4b.jpg/v1/fill/w_983,h_738,al_c,q_85,usm_0.66_1.00_0.01/b609be_3302a872a9f84d35a5cb83cce6d17b4b.jpg</SubImage><SubWebsite>http://www.buildhomestead.com/</SubWebsite></Subdivision></Builder></Corporation></Builders>