<Builders DateGenerated="2021-10-22T10:58:27"><Corporation><CorporateBuilderNumber>31907</CorporateBuilderNumber><CorporateState>FL</CorporateState><CorporateName>Westwick Builders</CorporateName><Builder><BuilderNumber>21806</BuilderNumber><BrandName>Encore Homes</BrandName><BrandLogo_Med ReferenceType="URL">https://encore-homes.net/templates/it_milano/custom/images/Images/Encore-Logo-Horiz-Rev-Color-FINAL.svg</BrandLogo_Med><ReportingName>Encore Homes</ReportingName><DefaultLeadsEmail LeadsPerMessage="All">leads@thebdx.com</DefaultLeadsEmail><BuilderWebsite>http://www.westwickbuilders.com/</BuilderWebsite><Subdivision Status="Active"><SubdivisionNumber>21806</SubdivisionNumber><SubdivisionName>Encore Homes</SubdivisionName><BuildOnYourLot>0</BuildOnYourLot><SalesOffice><Address OutOfCommunity="0"><Street1>701 North Loop 336 East Conroe</Street1><City>Texas</City><State>TX</State><ZIP>77303</ZIP></Address></SalesOffice><SubDescription>Welcome to Westwick Builders, a company you can count on. A family owned and operated business with strong family values, Westwick has built over 1,000 new homes in several communities throughout the Montgomery County area alone, with the utmost quality in each one.Our focus on family extends to our clients as we treat each of you as if you are a member of our family. At Westwick Builders, we not only remove the stress from building a home, we make the process easy and enjoyable.Our modern, innovative floor plans fit any price range, from starter homes on quaint wooded lots to large beautiful lakefront homes. Westwick Homes has the right floor plan for you,and the experience to put it all together.</SubDescription><SubWebsite>http://www.westwickbuilders.com/</SubWebsite><Plan Type="SingleFamily"><PlanNumber>629539762722197796407504750220</PlanNumber><PlanName>1503</PlanName><PlanNotAvailable>0</PlanNotAvailable><PlanTypeName>Single Family</PlanTypeName><BasePrice>0.00</BasePrice><BaseSqft>1503</BaseSqft><Baths>2</Baths><HalfBaths>0</HalfBaths><Bedrooms MasterBedLocation="Down">3</Bedrooms><Garage>0.0</Garage><Description>Welcome to Westwick Builders, a company you can count on. A family owned and operated business with strong family values, Westwick has built over 1,000 new homes in several communities throughout the Montgomery County area alone, with the utmost quality in each one.Our focus on family extends to our clients as we treat each of you as if you are a member of our family. At Westwick Builders, we not only remove the stress from building a home, we make the process easy and enjoyable.Our modern, innovative floor plans fit any price range, from starter homes on quaint wooded lots to large beautiful lakefront homes. Westwick Homes has the right floor plan for you,and the experience to put it all together.</Description><PlanImages><ElevationImage SequencePosition="1" ReferenceType="URL">http://www.westwickbuilders.com/archive/fplans/thumbs/2156-ELEV-B.png</ElevationImage></PlanImages><PlanWebsite>http://www.westwickbuilders.com/floor_plans.php</PlanWebsite></Plan><Plan Type="SingleFamily"><PlanNumber>180850537244468399308945363449</PlanNumber><PlanName>2013-2417</PlanName><PlanNotAvailable>0</PlanNotAvailable><PlanTypeName>Single Family</PlanTypeName><BasePrice>0.00</BasePrice><BaseSqft>2013</BaseSqft><Baths>2</Baths><HalfBaths>1</HalfBaths><Bedrooms MasterBedLocation="Down">3</Bedrooms><Garage>0.0</Garage><Description>Welcome to Westwick Builders, a company you can count on. A family owned and operated business with strong family values, Westwick has built over 1,000 new homes in several communities throughout the Montgomery County area alone, with the utmost quality in each one.Our focus on family extends to our clients as we treat each of you as if you are a member of our family. At Westwick Builders, we not only remove the stress from building a home, we make the process easy and enjoyable.Our modern, innovative floor plans fit any price range, from starter homes on quaint wooded lots to large beautiful lakefront homes. Westwick Homes has the right floor plan for you,and the experience to put it all together.</Description><PlanImages><ElevationImage SequencePosition="1" ReferenceType="URL">http://www.westwickbuilders.com/archive/fplans/thumbs/2156-ELEV-B.png</ElevationImage></PlanImages><PlanWebsite>http://www.westwickbuilders.com/floor_plans.php</PlanWebsite></Plan><Plan Type="SingleFamily"><PlanNumber>841138275649463647119315268947</PlanNumber><PlanName>1367</PlanName><PlanNotAvailable>0</PlanNotAvailable><PlanTypeName>Single Family</PlanTypeName><BasePrice>0.00</BasePrice><BaseSqft>1367</BaseSqft><Baths>2</Baths><HalfBaths>0</HalfBaths><Bedrooms MasterBedLocation="Down">3</Bedrooms><Garage>0.0</Garage><Description>Welcome to Westwick Builders, a company you can count on. A family owned and operated business with strong family values, Westwick has built over 1,000 new homes in several communities throughout the Montgomery County area alone, with the utmost quality in each one.Our focus on family extends to our clients as we treat each of you as if you are a member of our family. At Westwick Builders, we not only remove the stress from building a home, we make the process easy and enjoyable.Our modern, innovative floor plans fit any price range, from starter homes on quaint wooded lots to large beautiful lakefront homes. Westwick Homes has the right floor plan for you,and the experience to put it all together.</Description><PlanImages><ElevationImage SequencePosition="1" ReferenceType="URL">http://www.westwickbuilders.com/archive/fplans/thumbs/2156-ELEV-B.png</ElevationImage></PlanImages><PlanWebsite>http://www.westwickbuilders.com/floor_plans.php</PlanWebsite></Plan><Plan Type="SingleFamily"><PlanNumber>Plan Unknown</PlanNumber><PlanName>Plan Unknown</PlanName><PlanNotAvailable>1</PlanNotAvailable><PlanTypeName>Single Family</PlanTypeName><BasePrice>0.00</BasePrice><BaseSqft>0</BaseSqft><Baths>1</Baths><HalfBaths>0</HalfBaths><Bedrooms MasterBedLocation="Down">1</Bedrooms><Garage>0.0</Garage><PlanImages/><PlanWebsite></PlanWebsite><Spec Type="SingleFamily"><SpecNumber>101382667756829595085445705720</SpecNumber><SpecAddress><SpecStreet1>1010 Arbor Way</SpecStreet1><SpecCity>Conroe</SpecCity><SpecState>TX</SpecState><SpecZIP>77303</SpecZIP><SpecCountry>USA</SpecCountry></SpecAddress><SpecPrice>150000.00</SpecPrice><SpecSqft>1885</SpecSqft><SpecBaths>2</SpecBaths><SpecHalfBaths>0</SpecHalfBaths><SpecBedrooms MasterBedLocation="Down">3</SpecBedrooms><SpecGarage>2.0</SpecGarage><SpecDescription>Great one story home with very open floor plan. Large family room, formal dining room, breakfast and hearth room. Covered porch in fenced back yard.</SpecDescription><SpecImages><SpecElevationImage SequencePosition="1" Title="" ReferenceType="URL">http://www.westwickbuilders.com/archive/res/43/1010%20Arbor%20Way%20003.jpg</SpecElevationImage></SpecImages><SpecWebsite>http://www.westwickbuilders.com/res_property.php?id=43</SpecWebsite></Spec><Spec Type="SingleFamily"><SpecNumber>136111313482266818258108219200</SpecNumber><SpecAddress><SpecStreet1>4376 County Road 447</SpecStreet1><SpecCity>Anderson</SpecCity><SpecState>TX</SpecState><SpecZIP>77830</SpecZIP><SpecCountry>USA</SpecCountry></SpecAddress><SpecPrice>329890.00</SpecPrice><SpecSqft>2482</SpecSqft><SpecBaths>2</SpecBaths><SpecHalfBaths>1</SpecHalfBaths><SpecBedrooms MasterBedLocation="Down">4</SpecBedrooms><SpecGarage>3.0</SpecGarage><SpecDescription>Great 2 story home on 10.80 acres. Fireplace, Formal Dining Room, Gameroom, Ceramic Tile throughout, Granite countertops in Kitchen. Downstairs Master Suite has large walk-in closet and Garden Tub in Master Bath. Great floorplan and great views</SpecDescription><SpecImages><SpecElevationImage SequencePosition="1" Title="" ReferenceType="URL">http://www.westwickbuilders.com/archive/res/24/4376%20CR%20447.jpg</SpecElevationImage></SpecImages><SpecWebsite>http://www.westwickbuilders.com/res_property.php?id=24</SpecWebsite></Spec><Spec Type="SingleFamily"><SpecNumber>168384797494854187199663477774</SpecNumber><SpecAddress><SpecStreet1>12552 Canyon Hill Drive</SpecStreet1><SpecCity>Willis</SpecCity><SpecState>TX</SpecState><SpecZIP>77318</SpecZIP><SpecCountry>USA</SpecCountry></SpecAddress><SpecPrice>145500.00</SpecPrice><SpecSqft>1688</SpecSqft><SpecBaths>2</SpecBaths><SpecHalfBaths>0</SpecHalfBaths><SpecBedrooms MasterBedLocation="Down">3</SpecBedrooms><SpecGarage>2.0</SpecGarage><SpecDescription>Great one story home with extra large family room. Nice kitchen with breakfast area and formal dining room. Master suite has huge walk in closet.</SpecDescription><SpecImages><SpecElevationImage SequencePosition="1" Title="" ReferenceType="URL">http://www.westwickbuilders.com/archive/res/31/12552%20CANYON%20HILL.jpg</SpecElevationImage></SpecImages><SpecWebsite>http://www.westwickbuilders.com/res_property.php?id=31</SpecWebsite></Spec><Spec Type="SingleFamily"><SpecNumber>170495718287991675035051443973</SpecNumber><SpecAddress><SpecStreet1>5853 County Road 405</SpecStreet1><SpecCity>Navasota</SpecCity><SpecState>TX</SpecState><SpecZIP>77868</SpecZIP><SpecCountry>USA</SpecCountry></SpecAddress><SpecPrice>363900.00</SpecPrice><SpecSqft>2460</SpecSqft><SpecBaths>2</SpecBaths><SpecHalfBaths>0</SpecHalfBaths><SpecBedrooms MasterBedLocation="Down">4</SpecBedrooms><SpecGarage>3.0</SpecGarage><SpecDescription>Your dream home sits on 10.67 acres with plenty of porches to look at your fantastic view. This home comes with many amenities. 9' ceilings throughout, Formal Dining, Tile flooring, Granite Countertops in Kitchen, Marble shower walls in all baths. Additional square footage upstairs that can be finished later.</SpecDescription><SpecImages><SpecElevationImage SequencePosition="1" Title="" ReferenceType="URL">http://www.westwickbuilders.com/archive/res/29/5853%20County%20Road%20405.jpg</SpecElevationImage></SpecImages><SpecWebsite>http://www.westwickbuilders.com/res_property.php?id=29</SpecWebsite></Spec><Spec Type="SingleFamily"><SpecNumber>176536381214920845004061850748</SpecNumber><SpecAddress><SpecStreet1>985 Arbor Crossing</SpecStreet1><SpecCity>Conroe</SpecCity><SpecState>TX</SpecState><SpecZIP>77303</SpecZIP><SpecCountry>USA</SpecCountry></SpecAddress><SpecPrice>176000.00</SpecPrice><SpecSqft>1973</SpecSqft><SpecBaths>2</SpecBaths><SpecHalfBaths>0</SpecHalfBaths><SpecBedrooms MasterBedLocation="Down">3</SpecBedrooms><SpecGarage>2.0</SpecGarage><SpecDescription>Great one story home located in a cul-de-sac on a quiet street. Great floor plan. Fenced back yard.</SpecDescription><SpecImages><SpecElevationImage SequencePosition="1" Title="" ReferenceType="URL">http://www.westwickbuilders.com/archive/res/44/985%20Arbor%20Crossing%202.jpg</SpecElevationImage></SpecImages><SpecWebsite>http://www.westwickbuilders.com/res_property.php?id=44</SpecWebsite></Spec><Spec Type="SingleFamily"><SpecNumber>231769891074420879157110660786</SpecNumber><SpecAddress><SpecStreet1>5014 County Road 447</SpecStreet1><SpecCity>Anderson</SpecCity><SpecState>TX</SpecState><SpecZIP>77830</SpecZIP><SpecCountry>USA</SpecCountry></SpecAddress><SpecPrice>305000.00</SpecPrice><SpecSqft>2134</SpecSqft><SpecBaths>2</SpecBaths><SpecHalfBaths>0</SpecHalfBaths><SpecBedrooms MasterBedLocation="Down">3</SpecBedrooms><SpecGarage>2.0</SpecGarage><SpecDescription>You will love the views of this beautiful one story home on 11.61 acres. Very open floor plan, Family Room with Fireplace, Formal Dining, Optional 4th bedroor or Study, Master Bath has a Garden Tub, Tile throughout. Kitchen has Granite countertops and a large bay window. 12' celings and many built-ins</SpecDescription><SpecImages><SpecElevationImage SequencePosition="1" Title="" ReferenceType="URL">http://www.westwickbuilders.com/archive/res/27/Front.jpg</SpecElevationImage></SpecImages><SpecWebsite>http://www.westwickbuilders.com/res_property.php?id=27</SpecWebsite></Spec><Spec Type="SingleFamily"><SpecNumber>240848193458839279032938128295</SpecNumber><SpecAddress><SpecStreet1>9633 Canyon Park Drive</SpecStreet1><SpecCity>Willis</SpecCity><SpecState>TX</SpecState><SpecZIP>77318</SpecZIP><SpecCountry>USA</SpecCountry></SpecAddress><SpecPrice>138000.00</SpecPrice><SpecSqft>1747</SpecSqft><SpecBaths>2</SpecBaths><SpecHalfBaths>1</SpecHalfBaths><SpecBedrooms MasterBedLocation="Down">4</SpecBedrooms><SpecGarage>2.0</SpecGarage><SpecDescription>Two story home with extra large family room for entertaining. All bedrooms are up, including master suite with large master bath and walk in closet.</SpecDescription><SpecImages><SpecElevationImage SequencePosition="1" Title="" ReferenceType="URL">http://www.westwickbuilders.com/archive/res/33/9633%20Canyon%20Park%202.jpg</SpecElevationImage></SpecImages><SpecWebsite>http://www.westwickbuilders.com/res_property.php?id=33</SpecWebsite></Spec><Spec Type="SingleFamily"><SpecNumber>293867996785971220234363862498</SpecNumber><SpecAddress><SpecStreet1>991 Arbor Crossing</SpecStreet1><SpecCity>Conroe</SpecCity><SpecState>TX</SpecState><SpecZIP>77303</SpecZIP><SpecCountry>USA</SpecCountry></SpecAddress><SpecPrice>204600.00</SpecPrice><SpecSqft>2712</SpecSqft><SpecBaths>2</SpecBaths><SpecHalfBaths>1</SpecHalfBaths><SpecBedrooms MasterBedLocation="Down">5</SpecBedrooms><SpecGarage>2.0</SpecGarage><SpecDescription>Unique 2 story combining formal dining room, formal living room and family room. Spacious kitchen with cabinets galore, powder bath and oversized utility room on the first floor. Master suite with 2 additional bedrooms upstairs, game room loft that overlooks the family room. All bedrooms have large walk in closets. The master bathroom includes separate tub and shower. Large fenced back yard</SpecDescription><SpecImages><SpecElevationImage SequencePosition="1" Title="" ReferenceType="URL">http://www.westwickbuilders.com/archive/res/4/Arbor%20Place%20Model%20-%20991%20Arbor%20001.jpg</SpecElevationImage></SpecImages><SpecWebsite>http://www.westwickbuilders.com/res_property.php?id=4</SpecWebsite></Spec><Spec Type="SingleFamily"><SpecNumber>329960115418478069934190436416</SpecNumber><SpecAddress><SpecStreet1>4428 County Road 447</SpecStreet1><SpecCity>Anderson</SpecCity><SpecState>TX</SpecState><SpecZIP>77830</SpecZIP><SpecCountry>USA</SpecCountry></SpecAddress><SpecPrice>310000.00</SpecPrice><SpecSqft>2350</SpecSqft><SpecBaths>2</SpecBaths><SpecHalfBaths>0</SpecHalfBaths><SpecBedrooms MasterBedLocation="Down">3</SpecBedrooms><SpecGarage>3.0</SpecGarage><SpecDescription>Great view from a great home on 10.70 acres. One story has family room with fireplace, formal living and dining, ceramic tile throughout. Large Master suite has sitting room. Master Bath has Whirlpool tub, marble shower surround and double walk in closets. Kitchen has granite countertops and tumbled backsplash. Custom color selections throughout.</SpecDescription><SpecImages><SpecElevationImage SequencePosition="1" Title="" ReferenceType="URL">http://www.westwickbuilders.com/archive/res/25/Front.jpg</SpecElevationImage></SpecImages><SpecWebsite>http://www.westwickbuilders.com/res_property.php?id=25</SpecWebsite></Spec><Spec Type="SingleFamily"><SpecNumber>435599968636107060058542725104</SpecNumber><SpecAddress><SpecStreet1>983 Arbor Way</SpecStreet1><SpecCity>Conroe</SpecCity><SpecState>TX</SpecState><SpecZIP>77303</SpecZIP><SpecCountry>USA</SpecCountry></SpecAddress><SpecPrice>148900.00</SpecPrice><SpecSqft>1720</SpecSqft><SpecBaths>2</SpecBaths><SpecHalfBaths>0</SpecHalfBaths><SpecBedrooms MasterBedLocation="Down">3</SpecBedrooms><SpecGarage>2.0</SpecGarage><SpecDescription>One story home with 3 bedrooms, 2 baths and a 2 car attached garage. Very spacious family room, formal dining with decorative openings and high ceilings in the entry, family room and master suite. Home features a split bedroom design and a fully fenced yard. Lot size 50\' x 125\'</SpecDescription><SpecImages><SpecElevationImage SequencePosition="1" Title="" ReferenceType="URL">http://www.westwickbuilders.com/archive/res/10/Front%202.jpg</SpecElevationImage></SpecImages><SpecWebsite>http://www.westwickbuilders.com/res_property.php?id=10</SpecWebsite></Spec><Spec Type="SingleFamily"><SpecNumber>457114340236640105775948596250</SpecNumber><SpecAddress><SpecStreet1>958 Oak Terrace</SpecStreet1><SpecCity>Willis</SpecCity><SpecState>TX</SpecState><SpecZIP>77378</SpecZIP><SpecCountry>USA</SpecCountry></SpecAddress><SpecPrice>153900.00</SpecPrice><SpecSqft>1807</SpecSqft><SpecBaths>2</SpecBaths><SpecHalfBaths>0</SpecHalfBaths><SpecBedrooms MasterBedLocation="Down">4</SpecBedrooms><SpecGarage>2.0</SpecGarage><SpecDescription>Great house located on a fantastic lot. This home offers 4 bedrooms, spacious family room, large kitchen with tons of cabinets and a great eating space. Volume ceilings, tile floors. Master bath has separate tub and shower with cultured marble walls. Covered front and rear porches. This house has it all!</SpecDescription><SpecImages><SpecElevationImage SequencePosition="1" Title="" ReferenceType="URL">http://www.westwickbuilders.com/archive/res/16/Front.jpg</SpecElevationImage></SpecImages><SpecWebsite>http://www.westwickbuilders.com/res_property.php?id=16</SpecWebsite></Spec><Spec Type="SingleFamily"><SpecNumber>457673159951605748609795838573</SpecNumber><SpecAddress><SpecStreet1>991 Arbor Way</SpecStreet1><SpecCity>Conroe</SpecCity><SpecState>TX</SpecState><SpecZIP>77303</SpecZIP><SpecCountry>USA</SpecCountry></SpecAddress><SpecPrice>165900.00</SpecPrice><SpecSqft>2231</SpecSqft><SpecBaths>2</SpecBaths><SpecHalfBaths>1</SpecHalfBaths><SpecBedrooms MasterBedLocation="Down">3</SpecBedrooms><SpecGarage>2.0</SpecGarage><SpecDescription>Unique 2 story combining formal dining room, formal living room and family room. Spacious kitchen with cabinets galore, powder bath and oversized utility room on the first floor. Master suite with 2 additional bedrooms upstairs, game room loft that overlooks the family room. All bedrooms have large walk in closets. The master bathroom includes separate tub and shower. Large fenced back yard</SpecDescription><SpecImages><SpecElevationImage SequencePosition="1" Title="" ReferenceType="URL">http://www.westwickbuilders.com/archive/res/8/991%20Arbor%20Way%204.jpg</SpecElevationImage></SpecImages><SpecWebsite>http://www.westwickbuilders.com/res_property.php?id=8</SpecWebsite></Spec><Spec Type="SingleFamily"><SpecNumber>482909248179402209682400234020</SpecNumber><SpecAddress><SpecStreet1>9647 Cypress Drive</SpecStreet1><SpecCity>Willis</SpecCity><SpecState>TX</SpecState><SpecZIP>77318</SpecZIP><SpecCountry>USA</SpecCountry></SpecAddress><SpecPrice>83500.00</SpecPrice><SpecSqft>1269</SpecSqft><SpecBaths>2</SpecBaths><SpecHalfBaths>0</SpecHalfBaths><SpecBedrooms MasterBedLocation="Down">3</SpecBedrooms><SpecGarage>1.0</SpecGarage><SpecDescription>Great starter home. All appliances included. Complete with all blinds and a fenced back yard.</SpecDescription><SpecImages><SpecElevationImage SequencePosition="1" Title="" ReferenceType="URL">http://www.westwickbuilders.com/archive/res/37/9647%20Cypress%20-%20Exterior.jpg</SpecElevationImage></SpecImages><SpecWebsite>http://www.westwickbuilders.com/res_property.php?id=37</SpecWebsite></Spec><Spec Type="SingleFamily"><SpecNumber>501370828204353001545477153528</SpecNumber><SpecAddress><SpecStreet1>5084 County Road 447</SpecStreet1><SpecCity>Anderson</SpecCity><SpecState>TX</SpecState><SpecZIP>77830</SpecZIP><SpecCountry>USA</SpecCountry></SpecAddress><SpecPrice>339500.00</SpecPrice><SpecSqft>2574</SpecSqft><SpecBaths>2</SpecBaths><SpecHalfBaths>1</SpecHalfBaths><SpecBedrooms MasterBedLocation="Down">4</SpecBedrooms><SpecGarage>3.0</SpecGarage><SpecDescription>Beautiful Two Story home on 77.74 acres. 3 bedrooms and gameroom up. Large Master Suite down with Whirlpool Tub in Master Bath. Family Room with fireplace, Formal Dining, Garage is detached, ovresized and has a breezwayl Unfinished studio above Garage. Upgraded Carpet, Light Fixtures, Hardware and large open porch</SpecDescription><SpecImages><SpecElevationImage SequencePosition="1" Title="" ReferenceType="URL">http://www.westwickbuilders.com/archive/res/28/Front.jpg</SpecElevationImage></SpecImages><SpecWebsite>http://www.westwickbuilders.com/res_property.php?id=28</SpecWebsite></Spec><Spec Type="SingleFamily"><SpecNumber>516422488301590161134144926235</SpecNumber><SpecAddress><SpecStreet1>12649 Maggie Lane</SpecStreet1><SpecCity>Willis</SpecCity><SpecState>TX</SpecState><SpecZIP>77318</SpecZIP><SpecCountry>USA</SpecCountry></SpecAddress><SpecPrice>330900.00</SpecPrice><SpecSqft>2722</SpecSqft><SpecBaths>3</SpecBaths><SpecHalfBaths>0</SpecHalfBaths><SpecBedrooms MasterBedLocation="Down">4</SpecBedrooms><SpecGarage>3.0</SpecGarage><SpecDescription>Great location. Country setting on 3 acres, close to I-45 and Lake Conroe. One story floor plan with custom features throughout. Very open, spacious kitchen with granite countertops and stainless steel appliances. Upgraded flooring throughout, including tile, wood and carpet. 576 sq. ft. un-finished bonus room and front and rear covered porches. A must see!</SpecDescription><SpecImages><SpecElevationImage SequencePosition="1" Title="" ReferenceType="URL">http://www.westwickbuilders.com/archive/res/21/12649%20Maggie%20Lane.jpg</SpecElevationImage></SpecImages><SpecWebsite>http://www.westwickbuilders.com/res_property.php?id=21</SpecWebsite></Spec><Spec Type="SingleFamily"><SpecNumber>555449787507623857886095910738</SpecNumber><SpecAddress><SpecStreet1>5977 County Road 405</SpecStreet1><SpecCity>Navasota</SpecCity><SpecState>TX</SpecState><SpecZIP>77868</SpecZIP><SpecCountry>USA</SpecCountry></SpecAddress><SpecPrice>321750.00</SpecPrice><SpecSqft>2722</SpecSqft><SpecBaths>3</SpecBaths><SpecHalfBaths>0</SpecHalfBaths><SpecBedrooms MasterBedLocation="Down">4</SpecBedrooms><SpecGarage>3.0</SpecGarage><SpecDescription>10.67 acres surround this one of a kind, must see home. One story, very open floor plan, stone fireplace in family room, granite countertop in kitchen, tile flooring, marble shower walls. Front and rear covered porches. Second floor has 576 sp ft. of unfinished space for future use. Approx. sq. ft. downstairs is 2273.</SpecDescription><SpecImages><SpecElevationImage SequencePosition="1" Title="" ReferenceType="URL">http://www.westwickbuilders.com/archive/res/30/Houses%20on%20County%20Road%20405%20004.jpg</SpecElevationImage></SpecImages><SpecWebsite>http://www.westwickbuilders.com/res_property.php?id=30</SpecWebsite></Spec><Spec Type="SingleFamily"><SpecNumber>559543957643639842815251050199</SpecNumber><SpecAddress><SpecStreet1>12569 Canyon Hill Drive</SpecStreet1><SpecCity>Willis</SpecCity><SpecState>TX</SpecState><SpecZIP>77318</SpecZIP><SpecCountry>USA</SpecCountry></SpecAddress><SpecPrice>155990.00</SpecPrice><SpecSqft>1944</SpecSqft><SpecBaths>2</SpecBaths><SpecHalfBaths>0</SpecHalfBaths><SpecBedrooms MasterBedLocation="Down">3</SpecBedrooms><SpecGarage>2.0</SpecGarage><SpecDescription>A great home for entertaining. This 1 story home features an open concept to the formal dining, family room and breakfast area that\'s connected to a covered back porch. This home offers a split bedroom design, high ceilings and lots of windows.</SpecDescription><SpecImages><SpecElevationImage SequencePosition="1" Title="" ReferenceType="URL">http://www.westwickbuilders.com/archive/res/13/Front%203.jpg</SpecElevationImage></SpecImages><SpecWebsite>http://www.westwickbuilders.com/res_property.php?id=14</SpecWebsite></Spec><Spec Type="SingleFamily"><SpecNumber>666294966304555631293996863240</SpecNumber><SpecAddress><SpecStreet1>9643 Cypress Drive</SpecStreet1><SpecCity>Willis</SpecCity><SpecState>TX</SpecState><SpecZIP>77318</SpecZIP><SpecCountry>USA</SpecCountry></SpecAddress><SpecPrice>89500.00</SpecPrice><SpecSqft>1361</SpecSqft><SpecBaths>2</SpecBaths><SpecHalfBaths>0</SpecHalfBaths><SpecBedrooms MasterBedLocation="Down">4</SpecBedrooms><SpecGarage>1.0</SpecGarage><SpecDescription>Great starter home. All appliances included. Complete with all blinds and a fenced back yard.</SpecDescription><SpecImages><SpecElevationImage SequencePosition="1" Title="" ReferenceType="URL">http://www.westwickbuilders.com/archive/res/35/9643%20Cypress%20-%20Exterior.jpg</SpecElevationImage></SpecImages><SpecWebsite>http://www.westwickbuilders.com/res_property.php?id=35</SpecWebsite></Spec><Spec Type="SingleFamily"><SpecNumber>684895724946032356627680361260</SpecNumber><SpecAddress><SpecStreet1>4506 County Road 447</SpecStreet1><SpecCity>Anderson</SpecCity><SpecState>TX</SpecState><SpecZIP>77830</SpecZIP><SpecCountry>USA</SpecCountry></SpecAddress><SpecPrice>305000.00</SpecPrice><SpecSqft>2134</SpecSqft><SpecBaths>2</SpecBaths><SpecHalfBaths>0</SpecHalfBaths><SpecBedrooms MasterBedLocation="Down">4</SpecBedrooms><SpecGarage>3.0</SpecGarage><SpecDescription>Great 4/2 home with attached side entry garage. Extra large kitchen cabinets and Granite countertops. Very open floor plan includes Formal Dinig Room and Study. Tile throughout. Huge Master Suite with breathtaking views. Master Bath has Garden Tub and Marble Surround Shower.</SpecDescription><SpecImages><SpecElevationImage SequencePosition="1" Title="" ReferenceType="URL">http://www.westwickbuilders.com/archive/res/26/Front.jpg</SpecElevationImage></SpecImages><SpecWebsite>http://www.westwickbuilders.com/res_property.php?id=26</SpecWebsite></Spec><Spec Type="SingleFamily"><SpecNumber>687247347748024555452977843580</SpecNumber><SpecAddress><SpecStreet1>211 Boulder Drive</SpecStreet1><SpecCity>Navasota</SpecCity><SpecState>TX</SpecState><SpecZIP>77868</SpecZIP><SpecCountry>USA</SpecCountry></SpecAddress><SpecPrice>141900.00</SpecPrice><SpecSqft>1367</SpecSqft><SpecBaths>2</SpecBaths><SpecHalfBaths>0</SpecHalfBaths><SpecBedrooms MasterBedLocation="Down">3</SpecBedrooms><SpecGarage>2.0</SpecGarage><SpecDescription>Amazing home, priced to sell. Kitchen has natural Maple cabinets, tile flooring in all wet areas. Separate tub and shower in Master bath and cultured marble surrounds.</SpecDescription><SpecImages><SpecElevationImage SequencePosition="1" Title="" ReferenceType="URL">http://www.westwickbuilders.com/archive/res/40/Front.jpg</SpecElevationImage></SpecImages><SpecWebsite>http://www.westwickbuilders.com/res_property.php?id=40</SpecWebsite></Spec><Spec Type="SingleFamily"><SpecNumber>697740159790375369720718041417</SpecNumber><SpecAddress><SpecStreet1>4318 County Road 447</SpecStreet1><SpecCity>Anderson</SpecCity><SpecState>TX</SpecState><SpecZIP>77830</SpecZIP><SpecCountry>USA</SpecCountry></SpecAddress><SpecPrice>289500.00</SpecPrice><SpecSqft>2050</SpecSqft><SpecBaths>2</SpecBaths><SpecHalfBaths>0</SpecHalfBaths><SpecBedrooms MasterBedLocation="Down">4</SpecBedrooms><SpecGarage>3.0</SpecGarage><SpecDescription>Beautiful home on 10.91 acres. Open living and dining areas. Optional 4th bedroom or study. Fireplace, Tile Flooring throughout, Granite countertops in Kitchen, Very light and bright with lots of windows.</SpecDescription><SpecImages><SpecElevationImage SequencePosition="1" Title="" ReferenceType="URL">http://www.westwickbuilders.com/archive/res/23/Front.jpg</SpecElevationImage></SpecImages><SpecWebsite>http://www.westwickbuilders.com/res_property.php?id=23</SpecWebsite></Spec><Spec Type="SingleFamily"><SpecNumber>741349076605263456724819416254</SpecNumber><SpecAddress><SpecStreet1>5997 County Road 405</SpecStreet1><SpecCity>Navasota</SpecCity><SpecState>TX</SpecState><SpecZIP>77868</SpecZIP><SpecCountry>USA</SpecCountry></SpecAddress><SpecPrice>414190.00</SpecPrice><SpecSqft>2810</SpecSqft><SpecBaths>2</SpecBaths><SpecHalfBaths>1</SpecHalfBaths><SpecBedrooms MasterBedLocation="Down">4</SpecBedrooms><SpecGarage>3.0</SpecGarage><SpecDescription>Your dream home awaits on 10.67 rolling acres. Beautiful two story home with almost 1000 sq. ft. of porches, a two story stone fireplace in family room with handscraped wood floors. Large country kitchen with island, granite countertops, stainless steel appliances and lots of cabinets. Large master suite with sitting room and designer carpet. Master bath has tile floors, granite countertops, oversized custom tiled shower with two shower heads and grand walk in closet. Many upgrades including oil rubbed bronze light fixtures and hardware. Custom interior paint throughout. Don't miss this stunning home !!</SpecDescription><SpecImages><SpecElevationImage SequencePosition="1" Title="" ReferenceType="URL">http://www.westwickbuilders.com/archive/res/22/Houses%20on%20County%20Road%20405%20002.jpg</SpecElevationImage></SpecImages><SpecWebsite>http://www.westwickbuilders.com/res_property.php?id=22</SpecWebsite></Spec><Spec Type="SingleFamily"><SpecNumber>762303062305239524484918286577</SpecNumber><SpecAddress><SpecStreet1>993 Arbor Crossing</SpecStreet1><SpecCity>Conroe</SpecCity><SpecState>TX</SpecState><SpecZIP>77303</SpecZIP><SpecCountry>USA</SpecCountry></SpecAddress><SpecPrice>177000.00</SpecPrice><SpecSqft>2030</SpecSqft><SpecBaths>2</SpecBaths><SpecHalfBaths>0</SpecHalfBaths><SpecBedrooms MasterBedLocation="Down">4</SpecBedrooms><SpecGarage>2.0</SpecGarage><SpecDescription>One story home with 4 bedrooms, 2 baths, formal dining room, formal living room and a family room with fireplace. Kitchen opens to family room with rear porch deck. Master bedroom has vaulted ceiling and master bath features a separate tub and shower. Treed front and rear yard. Lot size 65' x 114'.</SpecDescription><SpecImages/><SpecWebsite>http://www.westwickbuilders.com/res_property.php?id=9</SpecWebsite></Spec><Spec Type="SingleFamily"><SpecNumber>772850328446652505617459272640</SpecNumber><SpecAddress><SpecStreet1>954 Oak Terrace</SpecStreet1><SpecCity>Willis</SpecCity><SpecState>TX</SpecState><SpecZIP>77378</SpecZIP><SpecCountry>USA</SpecCountry></SpecAddress><SpecPrice>145900.00</SpecPrice><SpecSqft>1854</SpecSqft><SpecBaths>2</SpecBaths><SpecHalfBaths>1</SpecHalfBaths><SpecBedrooms MasterBedLocation="Down">3</SpecBedrooms><SpecGarage>2.0</SpecGarage><SpecDescription>Two story home with large family room. Breakfast area and formal dining room. All bedrooms are upstairs including nice master suite.</SpecDescription><SpecImages><SpecElevationImage SequencePosition="1" Title="" ReferenceType="URL">http://www.westwickbuilders.com/archive/res/34/954%20Oak%20Terrace%208.jpg</SpecElevationImage></SpecImages><SpecWebsite>http://www.westwickbuilders.com/res_property.php?id=34</SpecWebsite></Spec><Spec Type="SingleFamily"><SpecNumber>876734422430446279789693106106</SpecNumber><SpecAddress><SpecStreet1>965 Oak Lynn Drive</SpecStreet1><SpecCity>Willis</SpecCity><SpecState>TX</SpecState><SpecZIP>77378</SpecZIP><SpecCountry>USA</SpecCountry></SpecAddress><SpecPrice>168900.00</SpecPrice><SpecSqft>2297</SpecSqft><SpecBaths>2</SpecBaths><SpecHalfBaths>1</SpecHalfBaths><SpecBedrooms MasterBedLocation="Down">4</SpecBedrooms><SpecGarage>2.0</SpecGarage><SpecDescription>This 2 story home has it all. Master suite on the first floor, offers a luxurious master bath suite. Large family room with sloped ceilings and fireplace, formal dining room, great island kitchen with tile counter tops and backsplash. Three bedrooms up with a huge game room. Fantastic curb appeal, fenced and landscaped yard.</SpecDescription><SpecImages><SpecElevationImage SequencePosition="1" Title="" ReferenceType="URL">http://www.westwickbuilders.com/archive/res/19/Front.jpg</SpecElevationImage></SpecImages><SpecWebsite>http://www.westwickbuilders.com/res_property.php?id=19</SpecWebsite></Spec><Spec Type="SingleFamily"><SpecNumber>88573093052578861828908648484</SpecNumber><SpecAddress><SpecStreet1>3512 White Oak Point Drive</SpecStreet1><SpecCity>Conroe</SpecCity><SpecState>TX</SpecState><SpecZIP>77304</SpecZIP><SpecCountry>USA</SpecCountry></SpecAddress><SpecPrice>187990.00</SpecPrice><SpecSqft>2464</SpecSqft><SpecBaths>2</SpecBaths><SpecHalfBaths>1</SpecHalfBaths><SpecBedrooms MasterBedLocation="Down">4</SpecBedrooms><SpecGarage>2.0</SpecGarage><SpecDescription>Large family home with spacious kitchen, breakfast area including an eating bar, family room, formal dining room, utility room and 1/2 bath on the first floor. 4 bedrooms up including the master suite and a large game room for the kids. Master suite also has a sitting area for relaxing or a small home office.</SpecDescription><SpecImages><SpecElevationImage SequencePosition="1" Title="" ReferenceType="URL">http://www.westwickbuilders.com/archive/res/7/Front.jpg</SpecElevationImage></SpecImages><SpecWebsite>http://www.westwickbuilders.com/res_property.php?id=7</SpecWebsite></Spec><Spec Type="SingleFamily"><SpecNumber>958717623794758156161086599600</SpecNumber><SpecAddress><SpecStreet1>213 Boulder Drive</SpecStreet1><SpecCity>Navasota</SpecCity><SpecState>TX</SpecState><SpecZIP>77868</SpecZIP><SpecCountry>USA</SpecCountry></SpecAddress><SpecPrice>143000.00</SpecPrice><SpecSqft>1456</SpecSqft><SpecBaths>2</SpecBaths><SpecHalfBaths>0</SpecHalfBaths><SpecBedrooms MasterBedLocation="Down">3</SpecBedrooms><SpecGarage>2.0</SpecGarage><SpecDescription>Great floor plan in new planned community. Large family room. Open kitchen with granite countertops.</SpecDescription><SpecImages><SpecElevationImage SequencePosition="1" Title="" ReferenceType="URL">http://www.westwickbuilders.com/archive/res/41/Front.jpg</SpecElevationImage></SpecImages><SpecWebsite>http://www.westwickbuilders.com/res_property.php?id=41</SpecWebsite></Spec><Spec Type="SingleFamily"><SpecNumber>9964812628158502672362186212</SpecNumber><SpecAddress><SpecStreet1>12565 Canyon Hill Drive</SpecStreet1><SpecCity>Willis</SpecCity><SpecState>TX</SpecState><SpecZIP>77318</SpecZIP><SpecCountry>USA</SpecCountry></SpecAddress><SpecPrice>169990.00</SpecPrice><SpecSqft>2391</SpecSqft><SpecBaths>2</SpecBaths><SpecHalfBaths>1</SpecHalfBaths><SpecBedrooms MasterBedLocation="Down">4</SpecBedrooms><SpecGarage>2.0</SpecGarage><SpecDescription>A great family home featuring formal dining room, big kitchen with breakfast area and breakfast bar, large family room and master suite downstairs. 3 bedrooms upstairs with loft/game room that over looks the foyer. Fenced back yard with plenty of room for the kids. Great flow to this floor plan.</SpecDescription><SpecImages><SpecElevationImage SequencePosition="1" Title="" ReferenceType="URL">http://www.westwickbuilders.com/archive/res/13/Front%203.jpg</SpecElevationImage></SpecImages><SpecWebsite>http://www.westwickbuilders.com/res_property.php?id=13</SpecWebsite></Spec></Plan><Plan Type="SingleFamily"><PlanNumber>159325435145948103781465065990</PlanNumber><PlanName>1703</PlanName><PlanNotAvailable>0</PlanNotAvailable><PlanTypeName>Single Family</PlanTypeName><BasePrice>0.00</BasePrice><BaseSqft>1703</BaseSqft><Baths>2</Baths><HalfBaths>0</HalfBaths><Bedrooms MasterBedLocation="Down">4</Bedrooms><Garage>0.0</Garage><Description>Welcome to Westwick Builders, a company you can count on. A family owned and operated business with strong family values, Westwick has built over 1,000 new homes in several communities throughout the Montgomery County area alone, with the utmost quality in each one.Our focus on family extends to our clients as we treat each of you as if you are a member of our family. At Westwick Builders, we not only remove the stress from building a home, we make the process easy and enjoyable.Our modern, innovative floor plans fit any price range, from starter homes on quaint wooded lots to large beautiful lakefront homes. Westwick Homes has the right floor plan for you,and the experience to put it all together.</Description><PlanImages><ElevationImage SequencePosition="1" ReferenceType="URL">http://www.westwickbuilders.com/archive/fplans/thumbs/2156-ELEV-B.png</ElevationImage></PlanImages><PlanWebsite>http://www.westwickbuilders.com/floor_plans.php</PlanWebsite></Plan><Plan Type="SingleFamily"><PlanNumber>676627053647825955978791420215</PlanNumber><PlanName>1586</PlanName><PlanNotAvailable>0</PlanNotAvailable><PlanTypeName>Single Family</PlanTypeName><BasePrice>0.00</BasePrice><BaseSqft>1586</BaseSqft><Baths>2</Baths><HalfBaths>0</HalfBaths><Bedrooms MasterBedLocation="Down">3</Bedrooms><Garage>0.0</Garage><Description>Welcome to Westwick Builders, a company you can count on. A family owned and operated business with strong family values, Westwick has built over 1,000 new homes in several communities throughout the Montgomery County area alone, with the utmost quality in each one.Our focus on family extends to our clients as we treat each of you as if you are a member of our family. At Westwick Builders, we not only remove the stress from building a home, we make the process easy and enjoyable.Our modern, innovative floor plans fit any price range, from starter homes on quaint wooded lots to large beautiful lakefront homes. Westwick Homes has the right floor plan for you,and the experience to put it all together.</Description><PlanImages><ElevationImage SequencePosition="1" ReferenceType="URL">http://www.westwickbuilders.com/archive/fplans/thumbs/2156-ELEV-B.png</ElevationImage></PlanImages><PlanWebsite>http://www.westwickbuilders.com/floor_plans.php</PlanWebsite></Plan><Plan Type="SingleFamily"><PlanNumber>223419992916722244285916263397</PlanNumber><PlanName>1946</PlanName><PlanNotAvailable>0</PlanNotAvailable><PlanTypeName>Single Family</PlanTypeName><BasePrice>0.00</BasePrice><BaseSqft>1946</BaseSqft><Baths>2</Baths><HalfBaths>1</HalfBaths><Bedrooms MasterBedLocation="Down">3</Bedrooms><Garage>0.0</Garage><Description>Welcome to Westwick Builders, a company you can count on. A family owned and operated business with strong family values, Westwick has built over 1,000 new homes in several communities throughout the Montgomery County area alone, with the utmost quality in each one.Our focus on family extends to our clients as we treat each of you as if you are a member of our family. At Westwick Builders, we not only remove the stress from building a home, we make the process easy and enjoyable.Our modern, innovative floor plans fit any price range, from starter homes on quaint wooded lots to large beautiful lakefront homes. Westwick Homes has the right floor plan for you,and the experience to put it all together.</Description><PlanImages><ElevationImage SequencePosition="1" ReferenceType="URL">http://www.westwickbuilders.com/archive/fplans/thumbs/2156-ELEV-B.png</ElevationImage></PlanImages><PlanWebsite>http://www.westwickbuilders.com/floor_plans.php</PlanWebsite></Plan><Plan Type="SingleFamily"><PlanNumber>701648369672986734816619062103</PlanNumber><PlanName>1265</PlanName><PlanNotAvailable>0</PlanNotAvailable><PlanTypeName>Single Family</PlanTypeName><BasePrice>0.00</BasePrice><BaseSqft>1265</BaseSqft><Baths>2</Baths><HalfBaths>0</HalfBaths><Bedrooms MasterBedLocation="Down">3</Bedrooms><Garage>0.0</Garage><Description>Welcome to Westwick Builders, a company you can count on. A family owned and operated business with strong family values, Westwick has built over 1,000 new homes in several communities throughout the Montgomery County area alone, with the utmost quality in each one.Our focus on family extends to our clients as we treat each of you as if you are a member of our family. At Westwick Builders, we not only remove the stress from building a home, we make the process easy and enjoyable.Our modern, innovative floor plans fit any price range, from starter homes on quaint wooded lots to large beautiful lakefront homes. Westwick Homes has the right floor plan for you,and the experience to put it all together.</Description><PlanImages><ElevationImage SequencePosition="1" ReferenceType="URL">http://www.westwickbuilders.com/archive/fplans/thumbs/2156-ELEV-B.png</ElevationImage></PlanImages><PlanWebsite>http://www.westwickbuilders.com/floor_plans.php</PlanWebsite></Plan><Plan Type="SingleFamily"><PlanNumber>580771865478104456053397637878</PlanNumber><PlanName>2156</PlanName><PlanNotAvailable>0</PlanNotAvailable><PlanTypeName>Single Family</PlanTypeName><BasePrice>0.00</BasePrice><BaseSqft>2156</BaseSqft><Baths>2</Baths><HalfBaths>1</HalfBaths><Bedrooms MasterBedLocation="Down">4</Bedrooms><Garage>0.0</Garage><Description>Welcome to Westwick Builders, a company you can count on. A family owned and operated business with strong family values, Westwick has built over 1,000 new homes in several communities throughout the Montgomery County area alone, with the utmost quality in each one.Our focus on family extends to our clients as we treat each of you as if you are a member of our family. At Westwick Builders, we not only remove the stress from building a home, we make the process easy and enjoyable.Our modern, innovative floor plans fit any price range, from starter homes on quaint wooded lots to large beautiful lakefront homes. Westwick Homes has the right floor plan for you,and the experience to put it all together.</Description><PlanImages><ElevationImage SequencePosition="1" ReferenceType="URL">http://www.westwickbuilders.com/archive/fplans/thumbs/2156-ELEV-B.png</ElevationImage></PlanImages><PlanWebsite>http://www.westwickbuilders.com/floor_plans.php</PlanWebsite></Plan><Plan Type="SingleFamily"><PlanNumber>850397581518066988961075591832</PlanNumber><PlanName>1456</PlanName><PlanNotAvailable>0</PlanNotAvailable><PlanTypeName>Single Family</PlanTypeName><BasePrice>0.00</BasePrice><BaseSqft>1456</BaseSqft><Baths>2</Baths><HalfBaths>0</HalfBaths><Bedrooms MasterBedLocation="Down">3</Bedrooms><Garage>0.0</Garage><Description>Welcome to Westwick Builders, a company you can count on. A family owned and operated business with strong family values, Westwick has built over 1,000 new homes in several communities throughout the Montgomery County area alone, with the utmost quality in each one.Our focus on family extends to our clients as we treat each of you as if you are a member of our family. At Westwick Builders, we not only remove the stress from building a home, we make the process easy and enjoyable.Our modern, innovative floor plans fit any price range, from starter homes on quaint wooded lots to large beautiful lakefront homes. Westwick Homes has the right floor plan for you,and the experience to put it all together.</Description><PlanImages><ElevationImage SequencePosition="1" ReferenceType="URL">http://www.westwickbuilders.com/archive/fplans/thumbs/2156-ELEV-B.png</ElevationImage></PlanImages><PlanWebsite>http://www.westwickbuilders.com/floor_plans.php</PlanWebsite></Plan></Subdivision></Builder></Corporation></Builders>