<Builders DateGenerated="2021-10-22T10:58:24"><Corporation><CorporateBuilderNumber>54869</CorporateBuilderNumber><CorporateState>HI</CorporateState><CorporateName>Trick Construction</CorporateName><Builder><BuilderNumber>19900</BuilderNumber><BrandName>Fabmac Homes</BrandName><BrandLogo_Med ReferenceType="URL">https://fabmachomes.com/wp-content/uploads/2019/12/FABMAC-logo.jpg</BrandLogo_Med><ReportingName>Fabmac Homes</ReportingName><DefaultLeadsEmail LeadsPerMessage="All">leads@thebdx.com</DefaultLeadsEmail><BuilderWebsite>http://trickconstruction.com/</BuilderWebsite><Subdivision Status="Active"><SubdivisionNumber>19900</SubdivisionNumber><SubdivisionName>Fabmac Homes</SubdivisionName><BuildOnYourLot>0</BuildOnYourLot><SalesOffice><Address OutOfCommunity="0"><Street1>1305 TWIN OAKS ROAD EAST</Street1><City> NORTHPORT</City><State>AL</State><ZIP>35473</ZIP></Address><Email>FREDTRICK@TRICKCONSTRUCTION.COM</Email></SalesOffice><SubDescription>Trick Construction encourages and supports an affirmative advertising and marketing program in which there are no barriers to obtaining housing because of race, color, religion, sex, handicap, familial status, or national origin. All residential real estate information on this website is subject to the Federal Fair Housing Act Title VIII of the Civil Rights Act of 1968, as amended, which makes it illegal to advertise "any preference, limitation, or discrimination because of race, color, religion, sex, handicap, familial states, or national origin, or intention to make any such preference, limitation or discrimination." Your state or local jurisdiction may impose additional requirements. We are committed to the letter and spirit of the United States policy for the achievement of equal housing opportunity.</SubDescription><SubWebsite>http://trickconstruction.com/</SubWebsite><Plan Type="SingleFamily"><PlanNumber>Plan Unknown</PlanNumber><PlanName>Plan Unknown</PlanName><PlanNotAvailable>1</PlanNotAvailable><PlanTypeName>Single Family</PlanTypeName><BasePrice>0.00</BasePrice><BaseSqft>0</BaseSqft><Baths>1</Baths><HalfBaths>0</HalfBaths><Bedrooms MasterBedLocation="Down">1</Bedrooms><Garage>0.0</Garage><PlanImages/><PlanWebsite></PlanWebsite><Spec Type="SingleFamily"><SpecNumber>102246441440184383655166471927</SpecNumber><SpecAddress><SpecStreet1>13163 Garden Creek Ln</SpecStreet1><SpecCity>Northport</SpecCity><SpecState>AL</SpecState><SpecZIP>35473</SpecZIP><SpecCountry>USA</SpecCountry></SpecAddress><SpecPrice>246400.00</SpecPrice><SpecSqft>1796</SpecSqft><SpecBaths>2</SpecBaths><SpecHalfBaths>0</SpecHalfBaths><SpecBedrooms MasterBedLocation="Down">3</SpecBedrooms><SpecGarage>0.0</SpecGarage><SpecDescription></SpecDescription><SpecImages><SpecElevationImage SequencePosition="1" Title="" ReferenceType="URL">https://myownmls.s3.us-east-2.amazonaws.com/uploads/1589553543562-13163-Garden-Creek-Ln-1.jpg</SpecElevationImage><SpecElevationImage SequencePosition="2" Title="" ReferenceType="URL">https://myownmls.s3.us-east-2.amazonaws.com/uploads/1589553543568-13163-Garden-Creek-Ln-2.jpg</SpecElevationImage><SpecElevationImage SequencePosition="3" Title="" ReferenceType="URL">https://myownmls.s3.us-east-2.amazonaws.com/uploads/1589553543578-13163-Garden-Creek-Ln-3.jpg</SpecElevationImage><SpecElevationImage SequencePosition="4" Title="" ReferenceType="URL">https://myownmls.s3.us-east-2.amazonaws.com/uploads/1589553543579-13163-Garden-Creek-Ln-4.jpg</SpecElevationImage><SpecElevationImage SequencePosition="5" Title="" ReferenceType="URL">https://myownmls.s3.us-east-2.amazonaws.com/uploads/1589553543589-13163-Garden-Creek-Ln-5.jpg</SpecElevationImage><SpecElevationImage SequencePosition="6" Title="" ReferenceType="URL">https://myownmls.s3.us-east-2.amazonaws.com/uploads/1589553543593-13163-Garden-Creek-Ln-6.jpg</SpecElevationImage><SpecElevationImage SequencePosition="7" Title="" ReferenceType="URL">https://myownmls.s3.us-east-2.amazonaws.com/uploads/1589553543600-13163-Garden-Creek-Ln-7.jpg</SpecElevationImage><SpecElevationImage SequencePosition="8" Title="" ReferenceType="URL">https://myownmls.s3.us-east-2.amazonaws.com/uploads/1589553543603-13163-Garden-Creek-Ln-8.jpg</SpecElevationImage><SpecElevationImage SequencePosition="9" Title="" ReferenceType="URL">https://myownmls.s3.us-east-2.amazonaws.com/uploads/1589553543607-13163-Garden-Creek-Ln-9.jpg</SpecElevationImage><SpecElevationImage SequencePosition="10" Title="" ReferenceType="URL">https://myownmls.s3.us-east-2.amazonaws.com/uploads/1589553543607-13163-Garden-Creek-Ln-10.jpg</SpecElevationImage><SpecElevationImage SequencePosition="11" Title="" ReferenceType="URL">https://myownmls.s3.us-east-2.amazonaws.com/uploads/1589553543615-13163-Garden-Creek-Ln-11.jpg</SpecElevationImage></SpecImages><SpecWebsite>https://www.trickconstruction.com/property?mlsid=45&amp;address=13163_Garden_Creek_Ln_Northport_AL_35473</SpecWebsite></Spec><Spec Type="SingleFamily"><SpecNumber>183642071195020792981932985319</SpecNumber><SpecAddress><SpecStreet1>4138 Richmond Street</SpecStreet1><SpecCity>Northport</SpecCity><SpecState>AL</SpecState><SpecZIP>35473</SpecZIP><SpecCountry>USA</SpecCountry></SpecAddress><SpecPrice>249900.00</SpecPrice><SpecSqft>1790</SpecSqft><SpecBaths>2</SpecBaths><SpecHalfBaths>0</SpecHalfBaths><SpecBedrooms MasterBedLocation="Down">3</SpecBedrooms><SpecGarage>0.0</SpecGarage><SpecDescription></SpecDescription><SpecImages><SpecElevationImage SequencePosition="1" Title="" ReferenceType="URL">https://myownmls.s3.us-east-2.amazonaws.com/uploads/1589288636806-4138%2BRICHMOND%2BST%2BCNW%2B47%2BFRONT%2BELEVATION-min.jpg</SpecElevationImage></SpecImages><SpecWebsite>https://www.trickconstruction.com/property?mlsid=42&amp;address=4138_Richmond_Street_Northport_AL_35473</SpecWebsite></Spec><Spec Type="SingleFamily"><SpecNumber>270287914292977933345572923118</SpecNumber><SpecAddress><SpecStreet1>4145 Richmond St</SpecStreet1><SpecCity>Northport</SpecCity><SpecState>AL</SpecState><SpecZIP>35473</SpecZIP><SpecCountry>USA</SpecCountry></SpecAddress><SpecPrice>249900.00</SpecPrice><SpecSqft>1825</SpecSqft><SpecBaths>2</SpecBaths><SpecHalfBaths>0</SpecHalfBaths><SpecBedrooms MasterBedLocation="Down">3</SpecBedrooms><SpecGarage>0.0</SpecGarage><SpecDescription></SpecDescription><SpecImages><SpecElevationImage SequencePosition="1" Title="" ReferenceType="URL">https://myownmls.s3.us-east-2.amazonaws.com/uploads/1589288158783-4145%2BRICHMOND%2BST%2BCNW%2B69%2BFRONT%2BELEVATION%2B1.jpg</SpecElevationImage></SpecImages><SpecWebsite>https://www.trickconstruction.com/property?mlsid=41&amp;address=4145_Richmond_St_Northport_AL_35473</SpecWebsite></Spec><Spec Type="SingleFamily"><SpecNumber>383684860722240481863296884978</SpecNumber><SpecAddress><SpecStreet1>4602 Jamie Ln</SpecStreet1><SpecCity>Moundville</SpecCity><SpecState>AL</SpecState><SpecZIP>35474</SpecZIP><SpecCountry>USA</SpecCountry></SpecAddress><SpecPrice>299900.00</SpecPrice><SpecSqft>2401</SpecSqft><SpecBaths>2</SpecBaths><SpecHalfBaths>0</SpecHalfBaths><SpecBedrooms MasterBedLocation="Down">4</SpecBedrooms><SpecGarage>0.0</SpecGarage><SpecDescription></SpecDescription><SpecImages><SpecElevationImage SequencePosition="1" Title="" ReferenceType="URL">https://myownmls.s3.us-east-2.amazonaws.com/uploads/1589561102023-21%2BGrayson%2BParc-4602-Jamie-Lane-1.jpg</SpecElevationImage><SpecElevationImage SequencePosition="2" Title="" ReferenceType="URL">https://myownmls.s3.us-east-2.amazonaws.com/uploads/1592170957034-4602%20Jamie%20Lane.jpg</SpecElevationImage></SpecImages><SpecWebsite>https://www.trickconstruction.com/property?mlsid=56&amp;address=4602_Jamie_Ln_Moundville_AL_35474</SpecWebsite></Spec><Spec Type="SingleFamily"><SpecNumber>465025539946615504166909887385</SpecNumber><SpecAddress><SpecStreet1>1821 Willow Oak Circle Tuscaloosa</SpecStreet1><SpecCity>Tuscaloosa</SpecCity><SpecState>AL</SpecState><SpecZIP>35405</SpecZIP><SpecCountry>USA</SpecCountry></SpecAddress><SpecPrice>309900.00</SpecPrice><SpecSqft>2307</SpecSqft><SpecBaths>3</SpecBaths><SpecHalfBaths>0</SpecHalfBaths><SpecBedrooms MasterBedLocation="Down">4</SpecBedrooms><SpecGarage>0.0</SpecGarage><SpecDescription></SpecDescription><SpecImages><SpecElevationImage SequencePosition="1" Title="" ReferenceType="URL">https://myownmls.s3.us-east-2.amazonaws.com/uploads/1589561235826-19-Laurelwood-1821-Willow-Oak-Circle-1.jpg</SpecElevationImage><SpecElevationImage SequencePosition="2" Title="" ReferenceType="URL">https://myownmls.s3.us-east-2.amazonaws.com/uploads/1592170941165-1821%20Willow%20Oak%20Circle%20.001.jpg</SpecElevationImage></SpecImages><SpecWebsite>https://www.trickconstruction.com/property?mlsid=57&amp;address=1821_Willow_Oak_Circle_Tuscaloosa_AL_35405</SpecWebsite></Spec><Spec Type="SingleFamily"><SpecNumber>548021489314481169271493947524</SpecNumber><SpecAddress><SpecStreet1>12997 Rolling Meadows Cir</SpecStreet1><SpecCity>Northport</SpecCity><SpecState>AL</SpecState><SpecZIP>35473</SpecZIP><SpecCountry>USA</SpecCountry></SpecAddress><SpecPrice>244900.00</SpecPrice><SpecSqft>1823</SpecSqft><SpecBaths>2</SpecBaths><SpecHalfBaths>0</SpecHalfBaths><SpecBedrooms MasterBedLocation="Down">3</SpecBedrooms><SpecGarage>0.0</SpecGarage><SpecDescription></SpecDescription><SpecImages><SpecElevationImage SequencePosition="1" Title="" ReferenceType="URL">https://myownmls.s3.us-east-2.amazonaws.com/uploads/1592171060692-12997%20Rolling%20Meadows%20.001.jpg</SpecElevationImage><SpecElevationImage SequencePosition="2" Title="" ReferenceType="URL">https://myownmls.s3.us-east-2.amazonaws.com/uploads/1589487976260-12997-Rollling-Meadows-Circle-1.jpg</SpecElevationImage></SpecImages><SpecWebsite>https://www.trickconstruction.com/property?mlsid=51&amp;address=12997_Rolling_Meadows_Cir_Northport_AL_35473</SpecWebsite></Spec><Spec Type="SingleFamily"><SpecNumber>562750900972872004982241948211</SpecNumber><SpecAddress><SpecStreet1>1591 Arborway Circle Tuscaloosa</SpecStreet1><SpecCity>Tuscaloosa</SpecCity><SpecState>AL</SpecState><SpecZIP>35405</SpecZIP><SpecCountry>USA</SpecCountry></SpecAddress><SpecPrice>309900.00</SpecPrice><SpecSqft>2330</SpecSqft><SpecBaths>3</SpecBaths><SpecHalfBaths>0</SpecHalfBaths><SpecBedrooms MasterBedLocation="Down">4</SpecBedrooms><SpecGarage>0.0</SpecGarage><SpecDescription></SpecDescription><SpecImages><SpecElevationImage SequencePosition="1" Title="" ReferenceType="URL">https://myownmls.s3.us-east-2.amazonaws.com/uploads/1592171006658-1591%20Arborway%20Circle.jpg</SpecElevationImage><SpecElevationImage SequencePosition="2" Title="" ReferenceType="URL">https://myownmls.s3.us-east-2.amazonaws.com/uploads/1589559917298-10%2BLaurelwood%2B1591%2BArborway%2BCircle-1.jpg</SpecElevationImage></SpecImages><SpecWebsite>https://www.trickconstruction.com/property?mlsid=53&amp;address=1591_Arborway_Circle_Tuscaloosa_AL_35405</SpecWebsite></Spec><Spec Type="SingleFamily"><SpecNumber>570783841974129267698961348111</SpecNumber><SpecAddress><SpecStreet1>5720 Shirleywood Pkwy</SpecStreet1><SpecCity>Northport</SpecCity><SpecState>AL</SpecState><SpecZIP>35473</SpecZIP><SpecCountry>USA</SpecCountry></SpecAddress><SpecPrice>265900.00</SpecPrice><SpecSqft>1800</SpecSqft><SpecBaths>2</SpecBaths><SpecHalfBaths>0</SpecHalfBaths><SpecBedrooms MasterBedLocation="Down">3</SpecBedrooms><SpecGarage>0.0</SpecGarage><SpecDescription></SpecDescription><SpecImages><SpecElevationImage SequencePosition="1" Title="" ReferenceType="URL">https://myownmls.s3.us-east-2.amazonaws.com/uploads/1589484085702-5720-shirleywood-pkwy-1.jpg</SpecElevationImage></SpecImages><SpecWebsite>https://www.trickconstruction.com/property?mlsid=47&amp;address=5720_Shirleywood_Pkwy_Northport_AL_35473</SpecWebsite></Spec><Spec Type="SingleFamily"><SpecNumber>651601838009718886168319589536</SpecNumber><SpecAddress><SpecStreet1>13134 Garden Creek Ln</SpecStreet1><SpecCity>Northport</SpecCity><SpecState>AL</SpecState><SpecZIP>35473</SpecZIP><SpecCountry>USA</SpecCountry></SpecAddress><SpecPrice>244900.00</SpecPrice><SpecSqft>1818</SpecSqft><SpecBaths>4</SpecBaths><SpecHalfBaths>0</SpecHalfBaths><SpecBedrooms MasterBedLocation="Down">2</SpecBedrooms><SpecGarage>0.0</SpecGarage><SpecDescription></SpecDescription><SpecImages><SpecElevationImage SequencePosition="1" Title="" ReferenceType="URL">https://myownmls.s3.us-east-2.amazonaws.com/uploads/1589487688930-13134%2BGarden%2BCreek%2BLn-1.jpg</SpecElevationImage></SpecImages><SpecWebsite>https://www.trickconstruction.com/property?mlsid=50&amp;address=13134_Garden_Creek_Ln_Northport_AL_35473</SpecWebsite></Spec><Spec Type="SingleFamily"><SpecNumber>673774955967229857163348030036</SpecNumber><SpecAddress><SpecStreet1>Arborway Circle</SpecStreet1><SpecCity>Tuscaloosa</SpecCity><SpecState>AL</SpecState><SpecZIP>35405</SpecZIP><SpecCountry>USA</SpecCountry></SpecAddress><SpecPrice>309900.00</SpecPrice><SpecSqft>2400</SpecSqft><SpecBaths>3</SpecBaths><SpecHalfBaths>0</SpecHalfBaths><SpecBedrooms MasterBedLocation="Down">4</SpecBedrooms><SpecGarage>0.0</SpecGarage><SpecDescription></SpecDescription><SpecImages><SpecElevationImage SequencePosition="1" Title="" ReferenceType="URL">https://myownmls.s3.us-east-2.amazonaws.com/uploads/1589559792012-11%2BLaurelwood%2BArborway%2BCircle-1.jpg</SpecElevationImage><SpecElevationImage SequencePosition="2" Title="" ReferenceType="URL">https://myownmls.s3.us-east-2.amazonaws.com/uploads/1592171037004-1585%20Arborway%20Circle%20.001.jpg</SpecElevationImage><SpecElevationImage SequencePosition="3" Title="" ReferenceType="URL">https://myownmls.s3.us-east-2.amazonaws.com/uploads/1592171037008-1585%20Arborway%20Circle.jpg</SpecElevationImage></SpecImages><SpecWebsite>https://www.trickconstruction.com/property?mlsid=52&amp;address=Arborway_Circle_Tuscaloosa_AL_35405</SpecWebsite></Spec><Spec Type="SingleFamily"><SpecNumber>676481811132098930948664353182</SpecNumber><SpecAddress><SpecStreet1>13978 Knoll Pointe Dr</SpecStreet1><SpecCity>Northport</SpecCity><SpecState>AL</SpecState><SpecZIP>35475</SpecZIP><SpecCountry>USA</SpecCountry></SpecAddress><SpecPrice>259900.00</SpecPrice><SpecSqft>1800</SpecSqft><SpecBaths>2</SpecBaths><SpecHalfBaths>0</SpecHalfBaths><SpecBedrooms MasterBedLocation="Down">3</SpecBedrooms><SpecGarage>0.0</SpecGarage><SpecDescription></SpecDescription><SpecImages><SpecElevationImage SequencePosition="1" Title="" ReferenceType="URL">https://myownmls.s3.us-east-2.amazonaws.com/uploads/1589483139804-13978%2BKNOLL%2BPOINTE%2BDR%2BGP%2B619%2BFRONT%2BELEVATION-min.jpeg</SpecElevationImage></SpecImages><SpecWebsite>https://www.trickconstruction.com/property?mlsid=44&amp;address=13978_Knoll_Pointe_Dr_Northport_AL_35475</SpecWebsite></Spec><Spec Type="SingleFamily"><SpecNumber>684245044789218163602097662298</SpecNumber><SpecAddress><SpecStreet1>13139 Garden Creek Lane Northport</SpecStreet1><SpecCity>Northport</SpecCity><SpecState>AL</SpecState><SpecZIP>35473</SpecZIP><SpecCountry>USA</SpecCountry></SpecAddress><SpecPrice>244900.00</SpecPrice><SpecSqft>1823</SpecSqft><SpecBaths>2</SpecBaths><SpecHalfBaths>0</SpecHalfBaths><SpecBedrooms MasterBedLocation="Down">4</SpecBedrooms><SpecGarage>0.0</SpecGarage><SpecDescription></SpecDescription><SpecImages><SpecElevationImage SequencePosition="1" Title="" ReferenceType="URL">https://myownmls.s3.us-east-2.amazonaws.com/uploads/1592170973571-13139%20Garden%20Creek%20.001.jpg</SpecElevationImage><SpecElevationImage SequencePosition="2" Title="" ReferenceType="URL">https://myownmls.s3.us-east-2.amazonaws.com/uploads/1589560433035-214%2BHidden%2BMeadows%2B13139%2BGarden%2BCreek%2BLane-1.jpg</SpecElevationImage></SpecImages><SpecWebsite>https://www.trickconstruction.com/property?mlsid=55&amp;address=13139_Garden_Creek_Lane_Northport_AL_35473</SpecWebsite></Spec><Spec Type="SingleFamily"><SpecNumber>739881913185504492847423958463</SpecNumber><SpecAddress><SpecStreet1>13917 Darden Ave</SpecStreet1><SpecCity>Northport</SpecCity><SpecState>AL</SpecState><SpecZIP>35475</SpecZIP><SpecCountry>USA</SpecCountry></SpecAddress><SpecPrice>309900.00</SpecPrice><SpecSqft>2354</SpecSqft><SpecBaths>3</SpecBaths><SpecHalfBaths>0</SpecHalfBaths><SpecBedrooms MasterBedLocation="Down">4</SpecBedrooms><SpecGarage>0.0</SpecGarage><SpecDescription></SpecDescription><SpecImages><SpecElevationImage SequencePosition="1" Title="" ReferenceType="URL">https://myownmls.s3.us-east-2.amazonaws.com/uploads/1592171354276-13917%20Darden%20Ave%20.004-min.jpg</SpecElevationImage><SpecElevationImage SequencePosition="2" Title="" ReferenceType="URL">https://myownmls.s3.us-east-2.amazonaws.com/uploads/1592171354273-13917%20Darden%20Ave%20.001-min.jpg</SpecElevationImage><SpecElevationImage SequencePosition="3" Title="" ReferenceType="URL">https://myownmls.s3.us-east-2.amazonaws.com/uploads/1589484336973-13917-Darden-Ave.jpg</SpecElevationImage></SpecImages><SpecWebsite>https://www.trickconstruction.com/property?mlsid=48&amp;address=13917_Darden_Ave_Northport_AL_35475</SpecWebsite></Spec><Spec Type="SingleFamily"><SpecNumber>743517416293959558883162050346</SpecNumber><SpecAddress><SpecStreet1>13003 Rolling Meadows Cir</SpecStreet1><SpecCity>Northport</SpecCity><SpecState>AL</SpecState><SpecZIP>35473</SpecZIP><SpecCountry>USA</SpecCountry></SpecAddress><SpecPrice>244900.00</SpecPrice><SpecSqft>1823</SpecSqft><SpecBaths>3</SpecBaths><SpecHalfBaths>0</SpecHalfBaths><SpecBedrooms MasterBedLocation="Down">4</SpecBedrooms><SpecGarage>0.0</SpecGarage><SpecDescription></SpecDescription><SpecImages><SpecElevationImage SequencePosition="1" Title="" ReferenceType="URL">https://myownmls.s3.us-east-2.amazonaws.com/uploads/1592171264732-13003%20Rolling%20Meadows%20.001-min.jpg</SpecElevationImage><SpecElevationImage SequencePosition="2" Title="" ReferenceType="URL">https://myownmls.s3.us-east-2.amazonaws.com/uploads/1589487328485-13003%2BRolling%2BMeadows%2BCir-1.jpg</SpecElevationImage></SpecImages><SpecWebsite>https://www.trickconstruction.com/property?mlsid=49&amp;address=13003_Rolling_Meadows_Cir_Northport_AL_35473</SpecWebsite></Spec><Spec Type="SingleFamily"><SpecNumber>751960613645132803883165512943</SpecNumber><SpecAddress><SpecStreet1>3604 Wagon Way Dr</SpecStreet1><SpecCity>Northport</SpecCity><SpecState>AL</SpecState><SpecZIP>35473</SpecZIP><SpecCountry>USA</SpecCountry></SpecAddress><SpecPrice>269900.00</SpecPrice><SpecSqft>1890</SpecSqft><SpecBaths>2</SpecBaths><SpecHalfBaths>0</SpecHalfBaths><SpecBedrooms MasterBedLocation="Down">3</SpecBedrooms><SpecGarage>0.0</SpecGarage><SpecDescription></SpecDescription><SpecImages><SpecElevationImage SequencePosition="1" Title="" ReferenceType="URL">https://myownmls.s3.us-east-2.amazonaws.com/uploads/1589482734953-3604-wagon-way-dr-1.jpg</SpecElevationImage></SpecImages><SpecWebsite>https://www.trickconstruction.com/property?mlsid=43&amp;address=3604_Wagon_Way_Dr_Northport_AL_35473</SpecWebsite></Spec><Spec Type="SingleFamily"><SpecNumber>764321656119531568675949278613</SpecNumber><SpecAddress><SpecStreet1>Arborway Circle Tuscaloosa</SpecStreet1><SpecCity>Tuscaloosa</SpecCity><SpecState>AL</SpecState><SpecZIP>35405</SpecZIP><SpecCountry>USA</SpecCountry></SpecAddress><SpecPrice>309900.00</SpecPrice><SpecSqft>2400</SpecSqft><SpecBaths>3</SpecBaths><SpecHalfBaths>0</SpecHalfBaths><SpecBedrooms MasterBedLocation="Down">4</SpecBedrooms><SpecGarage>0.0</SpecGarage><SpecDescription></SpecDescription><SpecImages><SpecElevationImage SequencePosition="1" Title="" ReferenceType="URL">https://myownmls.s3.us-east-2.amazonaws.com/uploads/1589560128355-46%2BLaurelwood%2BArborway%2BCircle-1.jpg</SpecElevationImage><SpecElevationImage SequencePosition="2" Title="" ReferenceType="URL">https://myownmls.s3.us-east-2.amazonaws.com/uploads/1592170988233-1670%20Arborway%20Circle%20.001.jpg</SpecElevationImage></SpecImages><SpecWebsite>https://www.trickconstruction.com/property?mlsid=54&amp;address=Arborway_Circle_Tuscaloosa_AL_35405</SpecWebsite></Spec><Spec Type="SingleFamily"><SpecNumber>818684636538345072100782078153</SpecNumber><SpecAddress><SpecStreet1>13921 Darden Ave</SpecStreet1><SpecCity>Northport</SpecCity><SpecState>AL</SpecState><SpecZIP>35475</SpecZIP><SpecCountry>USA</SpecCountry></SpecAddress><SpecPrice>309900.00</SpecPrice><SpecSqft>2354</SpecSqft><SpecBaths>3</SpecBaths><SpecHalfBaths>0</SpecHalfBaths><SpecBedrooms MasterBedLocation="Down">4</SpecBedrooms><SpecGarage>0.0</SpecGarage><SpecDescription></SpecDescription><SpecImages><SpecElevationImage SequencePosition="1" Title="" ReferenceType="URL">https://myownmls.s3.us-east-2.amazonaws.com/uploads/1592171393464-13921%20Darden%20Ave%20.01-min.jpg</SpecElevationImage><SpecElevationImage SequencePosition="2" Title="" ReferenceType="URL">https://myownmls.s3.us-east-2.amazonaws.com/uploads/1589483808703-13921-Darden-Ave-1.jpg</SpecElevationImage></SpecImages><SpecWebsite>https://www.trickconstruction.com/property?mlsid=46&amp;address=13921_Darden_Ave_Northport_AL_35475</SpecWebsite></Spec><Spec Type="SingleFamily"><SpecNumber>916774539609720274712848636937</SpecNumber><SpecAddress><SpecStreet1>13128 Garden Creek Lane Northport</SpecStreet1><SpecCity>Northport</SpecCity><SpecState>AL</SpecState><SpecZIP>35475</SpecZIP><SpecCountry>USA</SpecCountry></SpecAddress><SpecPrice>244900.00</SpecPrice><SpecSqft>1796</SpecSqft><SpecBaths>2</SpecBaths><SpecHalfBaths>0</SpecHalfBaths><SpecBedrooms MasterBedLocation="Down">3</SpecBedrooms><SpecGarage>0.0</SpecGarage><SpecDescription></SpecDescription><SpecImages><SpecElevationImage SequencePosition="1" Title="" ReferenceType="URL">https://myownmls.s3.us-east-2.amazonaws.com/uploads/1589561452656-243-Hidden-Meadows-13128-Garden-Creek-Lane-1.jpg</SpecElevationImage><SpecElevationImage SequencePosition="2" Title="" ReferenceType="URL">https://myownmls.s3.us-east-2.amazonaws.com/uploads/1592170920146-13128%20Garden%20Creek.jpg</SpecElevationImage></SpecImages><SpecWebsite>https://www.trickconstruction.com/property?mlsid=58&amp;address=13128_Garden_Creek_Lane_Northport_AL_35475</SpecWebsite></Spec></Plan></Subdivision></Builder></Corporation></Builders>