<Builders DateGenerated="2021-10-22T10:56:01"><Corporation><CorporateBuilderNumber>24901</CorporateBuilderNumber><CorporateState>FL</CorporateState><CorporateName>Hallmark Builders Inc</CorporateName><Builder><BuilderNumber>27640</BuilderNumber><BrandName>Fireside Homes</BrandName><BrandLogo_Med ReferenceType="URL">http://firesidehomes.com/images/logos/FiresideLogo.jpg</BrandLogo_Med><ReportingName>Fireside Homes</ReportingName><DefaultLeadsEmail LeadsPerMessage="All">leads@thebdx.com</DefaultLeadsEmail><BuilderWebsite>http://hallmarkbuildersinc.net/</BuilderWebsite><Subdivision Status="Active"><SubdivisionNumber>27640</SubdivisionNumber><SubdivisionName>Fireside Homes</SubdivisionName><BuildOnYourLot>0</BuildOnYourLot><SalesOffice><Address OutOfCommunity="0"><Street1>8620 Trinity Road Suite 202</Street1><City>Cordova</City><State>TN</State><ZIP>38018</ZIP></Address><Phone><AreaCode>901</AreaCode><Prefix>753</Prefix><Suffix>3950</Suffix></Phone></SalesOffice><SubDescription>Hallmark Builders Inc has been building homes in the Memphis area since 1983, building over 1000 homes from $80,000 to over $2,000,000. The three principals Doug Bayliff, Ronnie Faulkner and Harry Todtman have been working together since 1978. They have earned a solid reputation for building a quality semi-custom home with many amenities at a reasonable price. The company at the present time is concentrating it&#8217;s efforts in the Memphis suburbs of Arlington and Lakeland.  Each with it&#8217;s own superior school system and small town atmosphere making Arlington and Lakeland two of the most desirable areas to live and raise a family. Both towns are located conveniently located off I-40 and a short distance to Memphis&#8217; biggest mall, stores and restaurants.</SubDescription><SubImage SequencePosition="1" Title="House1" ReferenceType="URL">http://hallmarkbuildersinc.net/wp-content/uploads/2017/05/sectionheader.jpg</SubImage><SubImage SequencePosition="2" Title="House1" ReferenceType="URL">http://hallmarkbuildersinc.net/wp-content/uploads/2017/05/slide1.jpg</SubImage><SubImage SequencePosition="3" Title="House1" ReferenceType="URL">http://hallmarkbuildersinc.net/wp-content/uploads/2017/05/DSC_0709.jpg</SubImage><SubImage SequencePosition="4" Title="House1" ReferenceType="URL">http://hallmarkbuildersinc.net/wp-content/uploads/2017/04/Floorplans.jpg</SubImage><SubWebsite>http://hallmarkbuildersinc.net/</SubWebsite><Plan Type="SingleFamily"><PlanNumber>818357229970180888969098075992</PlanNumber><PlanName>Foyer III</PlanName><PlanNotAvailable>0</PlanNotAvailable><PlanTypeName>Single Family</PlanTypeName><BasePrice>0.00</BasePrice><BaseSqft>4061</BaseSqft><Baths>3</Baths><HalfBaths>1</HalfBaths><Bedrooms MasterBedLocation="Down">4</Bedrooms><Garage>0.0</Garage><Description>We have access to building sites, in nearly every development in the area! Bring us your custom home plans or choose from one of the many popular plans in our library. Click one of the thumbnails below for a PDF sheet with full details.</Description><PlanImages><ElevationImage SequencePosition="1" ReferenceType="URL">http://hallmarkbuildersinc.net/wp-content/uploads/2017/05/Foyer_III_Downstairs.jpg</ElevationImage><ElevationImage SequencePosition="2" ReferenceType="URL">http://hallmarkbuildersinc.net/wp-content/uploads/2017/05/Foyer_III_Upstairs.jpg</ElevationImage><ElevationImage SequencePosition="3" ReferenceType="URL">http://hallmarkbuildersinc.net/wp-content/uploads/2017/06/Foyer_III.jpg</ElevationImage></PlanImages><PlanWebsite>http://hallmarkbuildersinc.net/project/foyer-iii/</PlanWebsite></Plan><Plan Type="SingleFamily"><PlanNumber>852874667155472112081415460276</PlanNumber><PlanName>Valari IV</PlanName><PlanNotAvailable>0</PlanNotAvailable><PlanTypeName>Single Family</PlanTypeName><BasePrice>0.00</BasePrice><BaseSqft>4422</BaseSqft><Baths>4</Baths><HalfBaths>1</HalfBaths><Bedrooms MasterBedLocation="Down">4</Bedrooms><Garage>0.0</Garage><Description>We have access to building sites, in nearly every development in the area! Bring us your custom home plans or choose from one of the many popular plans in our library. Click one of the thumbnails below for a PDF sheet with full details.</Description><PlanImages><ElevationImage SequencePosition="1" ReferenceType="URL">http://hallmarkbuildersinc.net/wp-content/uploads/2017/05/Valari_IV_Downstairs.jpg</ElevationImage><ElevationImage SequencePosition="2" ReferenceType="URL">http://hallmarkbuildersinc.net/wp-content/uploads/2017/05/Valari_IV_Upstairs.jpg</ElevationImage><ElevationImage SequencePosition="3" ReferenceType="URL">http://hallmarkbuildersinc.net/wp-content/uploads/2017/05/DSC_0668.jpg</ElevationImage></PlanImages><PlanWebsite>http://hallmarkbuildersinc.net/project/valari-iv/</PlanWebsite></Plan><Plan Type="SingleFamily"><PlanNumber>935143859898351975053391028973</PlanNumber><PlanName>Hampton II+I</PlanName><PlanNotAvailable>0</PlanNotAvailable><PlanTypeName>Single Family</PlanTypeName><BasePrice>0.00</BasePrice><BaseSqft>3458</BaseSqft><Baths>3</Baths><HalfBaths>0</HalfBaths><Bedrooms MasterBedLocation="Down">4</Bedrooms><Garage>0.0</Garage><Description>We have access to building sites, in nearly every development in the area! Bring us your custom home plans or choose from one of the many popular plans in our library. Click one of the thumbnails below for a PDF sheet with full details.</Description><PlanImages><ElevationImage SequencePosition="1" ReferenceType="URL">http://hallmarkbuildersinc.net/wp-content/uploads/2017/06/Hampton_II1_001_D_Downnstairs-1.jpg</ElevationImage><ElevationImage SequencePosition="2" ReferenceType="URL">http://hallmarkbuildersinc.net/wp-content/uploads/2017/06/Hampton_II1_001_D_Upstairs-1.jpg</ElevationImage><ElevationImage SequencePosition="3" ReferenceType="URL">http://hallmarkbuildersinc.net/wp-content/uploads/2017/06/Hampton-III.jpg</ElevationImage></PlanImages><PlanWebsite>http://hallmarkbuildersinc.net/project/hampton-ii/</PlanWebsite></Plan><Plan Type="SingleFamily"><PlanNumber>124840795459561255753670315058</PlanNumber><PlanName>Cornerview III</PlanName><PlanNotAvailable>0</PlanNotAvailable><PlanTypeName>Single Family</PlanTypeName><BasePrice>0.00</BasePrice><BaseSqft>3601</BaseSqft><Baths>3</Baths><HalfBaths>1</HalfBaths><Bedrooms MasterBedLocation="Down">4</Bedrooms><Garage>0.0</Garage><Description>We have access to building sites, in nearly every development in the area! Bring us your custom home plans or choose from one of the many popular plans in our library. Click one of the thumbnails below for a PDF sheet with full details.</Description><PlanImages><ElevationImage SequencePosition="1" ReferenceType="URL">http://hallmarkbuildersinc.net/wp-content/uploads/2017/05/Cornerview_III_Downstairs.jpg</ElevationImage><ElevationImage SequencePosition="2" ReferenceType="URL">http://hallmarkbuildersinc.net/wp-content/uploads/2017/05/Cornerview_III_Upstairs.jpg</ElevationImage><ElevationImage SequencePosition="3" ReferenceType="URL">http://hallmarkbuildersinc.net/wp-content/uploads/2017/06/Cornerview.jpg</ElevationImage></PlanImages><PlanWebsite>http://hallmarkbuildersinc.net/project/cornerview-iii/</PlanWebsite></Plan><Plan Type="SingleFamily"><PlanNumber>206472072112126544095177622207</PlanNumber><PlanName>Coventry III</PlanName><PlanNotAvailable>0</PlanNotAvailable><PlanTypeName>Single Family</PlanTypeName><BasePrice>0.00</BasePrice><BaseSqft>3901</BaseSqft><Baths>3</Baths><HalfBaths>1</HalfBaths><Bedrooms MasterBedLocation="Down">4</Bedrooms><Garage>0.0</Garage><Description>We have access to building sites, in nearly every development in the area! Bring us your custom home plans or choose from one of the many popular plans in our library. Click one of the thumbnails below for a PDF sheet with full details.</Description><PlanImages><ElevationImage SequencePosition="1" ReferenceType="URL">http://hallmarkbuildersinc.net/wp-content/uploads/2017/06/Coventry.jpg</ElevationImage><ElevationImage SequencePosition="2" ReferenceType="URL">http://hallmarkbuildersinc.net/wp-content/uploads/2017/08/Coventry_III.jpg</ElevationImage></PlanImages><PlanWebsite>http://hallmarkbuildersinc.net/project/coventry/</PlanWebsite></Plan><Plan Type="SingleFamily"><PlanNumber>388913898506883709444163082712</PlanNumber><PlanName>Tuscany IV</PlanName><PlanNotAvailable>0</PlanNotAvailable><PlanTypeName>Single Family</PlanTypeName><BasePrice>0.00</BasePrice><BaseSqft>3738</BaseSqft><Baths>3</Baths><HalfBaths>1</HalfBaths><Bedrooms MasterBedLocation="Down">4</Bedrooms><Garage>0.0</Garage><Description>We have access to building sites, in nearly every development in the area! Bring us your custom home plans or choose from one of the many popular plans in our library. Click one of the thumbnails below for a PDF sheet with full details.</Description><PlanImages><ElevationImage SequencePosition="1" ReferenceType="URL">http://hallmarkbuildersinc.net/wp-content/uploads/2017/06/Tuscany_IV_0367_D2_Downstairs-1.jpg</ElevationImage><ElevationImage SequencePosition="2" ReferenceType="URL">http://hallmarkbuildersinc.net/wp-content/uploads/2017/06/Tuscany_IV_0367_D2_Upstairs-1.jpg</ElevationImage><ElevationImage SequencePosition="3" ReferenceType="URL">http://hallmarkbuildersinc.net/wp-content/uploads/2017/05/DSC_0709-e1497398870951.jpg</ElevationImage></PlanImages><PlanWebsite>http://hallmarkbuildersinc.net/project/tuscany-iv/</PlanWebsite></Plan><Plan Type="SingleFamily"><PlanNumber>196775224784675787292646045713</PlanNumber><PlanName>Tivoli IV</PlanName><PlanNotAvailable>0</PlanNotAvailable><PlanTypeName>Single Family</PlanTypeName><BasePrice>0.00</BasePrice><BaseSqft>4476</BaseSqft><Baths>3</Baths><HalfBaths>1</HalfBaths><Bedrooms MasterBedLocation="Down">4</Bedrooms><Garage>0.0</Garage><Description>We have access to building sites, in nearly every development in the area! Bring us your custom home plans or choose from one of the many popular plans in our library. Click one of the thumbnails below for a PDF sheet with full details.</Description><PlanImages><ElevationImage SequencePosition="1" ReferenceType="URL">http://hallmarkbuildersinc.net/wp-content/uploads/2017/05/DSC_0721-e1497398634680.jpg</ElevationImage><ElevationImage SequencePosition="2" ReferenceType="URL">http://hallmarkbuildersinc.net/wp-content/uploads/2017/06/Tivoli_IV.jpg</ElevationImage></PlanImages><PlanWebsite>http://hallmarkbuildersinc.net/project/tivoli-iv/</PlanWebsite></Plan><Plan Type="SingleFamily"><PlanNumber>95558047904467487485022842674</PlanNumber><PlanName>Belmont III</PlanName><PlanNotAvailable>0</PlanNotAvailable><PlanTypeName>Single Family</PlanTypeName><BasePrice>0.00</BasePrice><BaseSqft>3780</BaseSqft><Baths>3</Baths><HalfBaths>1</HalfBaths><Bedrooms MasterBedLocation="Down">4</Bedrooms><Garage>0.0</Garage><Description>We have access to building sites, in nearly every development in the area! Bring us your custom home plans or choose from one of the many popular plans in our library. Click one of the thumbnails below for a PDF sheet with full details.</Description><PlanImages><ElevationImage SequencePosition="1" ReferenceType="URL">http://hallmarkbuildersinc.net/wp-content/uploads/2017/06/Belmont_III_0881_B_17_3A_Downstairs-1.jpg</ElevationImage><ElevationImage SequencePosition="2" ReferenceType="URL">http://hallmarkbuildersinc.net/wp-content/uploads/2017/06/Belmont_III_0881_B_17_3A_Upstairs-1.jpg</ElevationImage><ElevationImage SequencePosition="3" ReferenceType="URL">http://hallmarkbuildersinc.net/wp-content/uploads/2017/06/Belmont.jpg</ElevationImage></PlanImages><PlanWebsite>http://hallmarkbuildersinc.net/project/belmont-iii/</PlanWebsite></Plan><Plan Type="SingleFamily"><PlanNumber>998138410973965457826759309561</PlanNumber><PlanName>Cornerway III</PlanName><PlanNotAvailable>0</PlanNotAvailable><PlanTypeName>Single Family</PlanTypeName><BasePrice>0.00</BasePrice><BaseSqft>3593</BaseSqft><Baths>3</Baths><HalfBaths>1</HalfBaths><Bedrooms MasterBedLocation="Down">4</Bedrooms><Garage>0.0</Garage><Description>We have access to building sites, in nearly every development in the area! Bring us your custom home plans or choose from one of the many popular plans in our library. Click one of the thumbnails below for a PDF sheet with full details.</Description><PlanImages><ElevationImage SequencePosition="1" ReferenceType="URL">http://hallmarkbuildersinc.net/wp-content/uploads/2017/06/Cornerway_III_0727_17_3A_Downstairs-1.jpg</ElevationImage><ElevationImage SequencePosition="2" ReferenceType="URL">http://hallmarkbuildersinc.net/wp-content/uploads/2017/06/Cornerway_III_0727_17_3A_Upstairs-1.jpg</ElevationImage><ElevationImage SequencePosition="3" ReferenceType="URL">http://hallmarkbuildersinc.net/wp-content/uploads/2017/06/Cornerway.jpg</ElevationImage></PlanImages><PlanWebsite>http://hallmarkbuildersinc.net/project/cornerway-iii/</PlanWebsite></Plan><Plan Type="SingleFamily"><PlanNumber>9639582013178368238227102452</PlanNumber><PlanName>Tradition IV</PlanName><PlanNotAvailable>0</PlanNotAvailable><PlanTypeName>Single Family</PlanTypeName><BasePrice>0.00</BasePrice><BaseSqft>3971</BaseSqft><Baths>3</Baths><HalfBaths>1</HalfBaths><Bedrooms MasterBedLocation="Down">4</Bedrooms><Garage>0.0</Garage><Description>We have access to building sites, in nearly every development in the area! Bring us your custom home plans or choose from one of the many popular plans in our library. Click one of the thumbnails below for a PDF sheet with full details.</Description><PlanImages><ElevationImage SequencePosition="1" ReferenceType="URL">http://hallmarkbuildersinc.net/wp-content/uploads/2017/06/Tradition_IV_4Car_0664_17_4A_Downstairs-1.jpg</ElevationImage><ElevationImage SequencePosition="2" ReferenceType="URL">http://hallmarkbuildersinc.net/wp-content/uploads/2017/06/Tradition_IV_4Car_0664_17_4A_Upstairs-1.jpg</ElevationImage><ElevationImage SequencePosition="3" ReferenceType="URL">http://hallmarkbuildersinc.net/wp-content/uploads/2017/06/Tradition.jpg</ElevationImage></PlanImages><PlanWebsite>http://hallmarkbuildersinc.net/project/tradition-iv/</PlanWebsite></Plan><Plan Type="SingleFamily"><PlanNumber>574381462334825471268778530316</PlanNumber><PlanName>Foyer IV with Porch</PlanName><PlanNotAvailable>0</PlanNotAvailable><PlanTypeName>Single Family</PlanTypeName><BasePrice>0.00</BasePrice><BaseSqft>4207</BaseSqft><Baths>3</Baths><HalfBaths>1</HalfBaths><Bedrooms MasterBedLocation="Down">4</Bedrooms><Garage>0.0</Garage><Description>We have access to building sites, in nearly every development in the area! Bring us your custom home plans or choose from one of the many popular plans in our library. Click one of the thumbnails below for a PDF sheet with full details.</Description><PlanImages><ElevationImage SequencePosition="1" ReferenceType="URL">http://hallmarkbuildersinc.net/wp-content/uploads/2017/08/foyer_iv_porch.jpg</ElevationImage><ElevationImage SequencePosition="2" ReferenceType="URL">http://hallmarkbuildersinc.net/wp-content/uploads/2017/08/Foyer_IV_Porch.jpg</ElevationImage></PlanImages><PlanWebsite>http://hallmarkbuildersinc.net/project/foyer-iv/</PlanWebsite></Plan><Plan Type="SingleFamily"><PlanNumber>986708034358127670203010950974</PlanNumber><PlanName>Tradition III</PlanName><PlanNotAvailable>0</PlanNotAvailable><PlanTypeName>Single Family</PlanTypeName><BasePrice>0.00</BasePrice><BaseSqft>3881</BaseSqft><Baths>3</Baths><HalfBaths>1</HalfBaths><Bedrooms MasterBedLocation="Down">4</Bedrooms><Garage>0.0</Garage><Description>We have access to building sites, in nearly every development in the area! Bring us your custom home plans or choose from one of the many popular plans in our library. Click one of the thumbnails below for a PDF sheet with full details.</Description><PlanImages><ElevationImage SequencePosition="1" ReferenceType="URL">http://hallmarkbuildersinc.net/wp-content/uploads/2017/06/Tradition_III_3Car_0664_17_3A_Downstairs-1.jpg</ElevationImage><ElevationImage SequencePosition="2" ReferenceType="URL">http://hallmarkbuildersinc.net/wp-content/uploads/2017/06/Tradition_III_3Car_0664_17_3A_Upstairs-1.jpg</ElevationImage><ElevationImage SequencePosition="3" ReferenceType="URL">http://hallmarkbuildersinc.net/wp-content/uploads/2017/06/Tradition.jpg</ElevationImage></PlanImages><PlanWebsite>http://hallmarkbuildersinc.net/project/tradition-iii/</PlanWebsite></Plan><Plan Type="SingleFamily"><PlanNumber>559535164419445913509127432878</PlanNumber><PlanName>Hylander IV</PlanName><PlanNotAvailable>0</PlanNotAvailable><PlanTypeName>Single Family</PlanTypeName><BasePrice>0.00</BasePrice><BaseSqft>3780</BaseSqft><Baths>3</Baths><HalfBaths>1</HalfBaths><Bedrooms MasterBedLocation="Down">4</Bedrooms><Garage>0.0</Garage><Description>We have access to building sites, in nearly every development in the area! Bring us your custom home plans or choose from one of the many popular plans in our library. Click one of the thumbnails below for a PDF sheet with full details.</Description><PlanImages><ElevationImage SequencePosition="1" ReferenceType="URL">http://hallmarkbuildersinc.net/wp-content/uploads/2017/05/Hylander_IV_Downstairs.jpg</ElevationImage><ElevationImage SequencePosition="2" ReferenceType="URL">http://hallmarkbuildersinc.net/wp-content/uploads/2017/05/Hylander_IV_Upstairs.jpg</ElevationImage><ElevationImage SequencePosition="3" ReferenceType="URL">http://hallmarkbuildersinc.net/wp-content/uploads/2017/06/Hylander.jpg</ElevationImage></PlanImages><PlanWebsite>http://hallmarkbuildersinc.net/project/hylander-iv/</PlanWebsite></Plan><Plan Type="SingleFamily"><PlanNumber>971437134475455114765690373519</PlanNumber><PlanName>Chateau III</PlanName><PlanNotAvailable>0</PlanNotAvailable><PlanTypeName>Single Family</PlanTypeName><BasePrice>0.00</BasePrice><BaseSqft>4180</BaseSqft><Baths>3</Baths><HalfBaths>1</HalfBaths><Bedrooms MasterBedLocation="Down">4</Bedrooms><Garage>0.0</Garage><Description>We have access to building sites, in nearly every development in the area! Bring us your custom home plans or choose from one of the many popular plans in our library. Click one of the thumbnails below for a PDF sheet with full details.</Description><PlanImages><ElevationImage SequencePosition="1" ReferenceType="URL">http://hallmarkbuildersinc.net/wp-content/uploads/2017/05/Chateau_III_C_B284K18_Downstairs.jpg</ElevationImage><ElevationImage SequencePosition="2" ReferenceType="URL">http://hallmarkbuildersinc.net/wp-content/uploads/2017/05/Chateau_III_C_B284K18_Upstairs.jpg</ElevationImage><ElevationImage SequencePosition="3" ReferenceType="URL">http://hallmarkbuildersinc.net/wp-content/uploads/2017/06/Chateau_III.jpg</ElevationImage></PlanImages><PlanWebsite>http://hallmarkbuildersinc.net/project/chateau-iii/</PlanWebsite></Plan><Plan Type="SingleFamily"><PlanNumber>652396781117489281491512334615</PlanNumber><PlanName>Tuscany III</PlanName><PlanNotAvailable>0</PlanNotAvailable><PlanTypeName>Single Family</PlanTypeName><BasePrice>0.00</BasePrice><BaseSqft>3645</BaseSqft><Baths>3</Baths><HalfBaths>1</HalfBaths><Bedrooms MasterBedLocation="Down">4</Bedrooms><Garage>0.0</Garage><Description>We have access to building sites, in nearly every development in the area! Bring us your custom home plans or choose from one of the many popular plans in our library. Click one of the thumbnails below for a PDF sheet with full details.</Description><PlanImages><ElevationImage SequencePosition="1" ReferenceType="URL">http://hallmarkbuildersinc.net/wp-content/uploads/2017/09/tuscany_iii_downstairs.png</ElevationImage><ElevationImage SequencePosition="2" ReferenceType="URL">http://hallmarkbuildersinc.net/wp-content/uploads/2017/09/tuscany_iii_upstairs.png</ElevationImage><ElevationImage SequencePosition="3" ReferenceType="URL">http://hallmarkbuildersinc.net/wp-content/uploads/2017/05/DSC_0709-e1497398870951.jpg</ElevationImage></PlanImages><PlanWebsite>http://hallmarkbuildersinc.net/project/tuscany-iii/</PlanWebsite></Plan><Plan Type="SingleFamily"><PlanNumber>692008770200794775704581413198</PlanNumber><PlanName>Hylander III</PlanName><PlanNotAvailable>0</PlanNotAvailable><PlanTypeName>Single Family</PlanTypeName><BasePrice>0.00</BasePrice><BaseSqft>3658</BaseSqft><Baths>3</Baths><HalfBaths>1</HalfBaths><Bedrooms MasterBedLocation="Down">4</Bedrooms><Garage>0.0</Garage><Description>We have access to building sites, in nearly every development in the area! Bring us your custom home plans or choose from one of the many popular plans in our library. Click one of the thumbnails below for a PDF sheet with full details.</Description><PlanImages><ElevationImage SequencePosition="1" ReferenceType="URL">http://hallmarkbuildersinc.net/wp-content/uploads/2017/06/Hylander.jpg</ElevationImage><ElevationImage SequencePosition="2" ReferenceType="URL">http://hallmarkbuildersinc.net/wp-content/uploads/2017/08/Hylander_III.jpg</ElevationImage></PlanImages><PlanWebsite>http://hallmarkbuildersinc.net/project/hylander-iii/</PlanWebsite></Plan></Subdivision></Builder></Corporation></Builders>