<Builders DateGenerated="2021-10-22T10:56:11"><Corporation><CorporateBuilderNumber>15653</CorporateBuilderNumber><CorporateState>GA</CorporateState><CorporateName>Hanifin Home Builders</CorporateName><Builder><BuilderNumber>27756</BuilderNumber><BrandName>First Choice Homebuilders</BrandName><BrandLogo_Med ReferenceType="URL">https://www.firstchoicehomebuilders.com/common/images/logo-header.png</BrandLogo_Med><ReportingName>First Choice Homebuilders</ReportingName><DefaultLeadsEmail LeadsPerMessage="All">leads@thebdx.com</DefaultLeadsEmail><BuilderWebsite>http://www.hanifinbuilders.com/</BuilderWebsite><Subdivision Status="Active"><SubdivisionNumber>27756</SubdivisionNumber><SubdivisionName>First Choice Homebuilders</SubdivisionName><BuildOnYourLot>0</BuildOnYourLot><SalesOffice><Address OutOfCommunity="0"><Street1>420 Kenwood Avenue</Street1><City>Delmar</City><State>NY</State><ZIP>12054</ZIP></Address><Phone><AreaCode>518</AreaCode><Prefix>439</Prefix><Suffix>9033</Suffix></Phone><Email>info@hanifinbuilders.com</Email></SalesOffice><SubDescription>Hanifin Home Builders is currently updating all of our Standard Model drawings to high resolution and color.Futher down the page you'll find several of our original Standard Models.</SubDescription><SubImage SequencePosition="1" Title="House1" ReferenceType="URL">https://hanifinbuilders.com/images/slide_01b.jpg</SubImage><SubImage SequencePosition="2" Title="House1" ReferenceType="URL">https://hanifinbuilders.com/images/slide_02.jpg</SubImage><SubImage SequencePosition="3" Title="House1" ReferenceType="URL">https://hanifinbuilders.com/images/slide_04.jpg</SubImage><SubWebsite>http://www.hanifinbuilders.com/</SubWebsite><Plan Type="SingleFamily"><PlanNumber>785827998673485330763454803360</PlanNumber><PlanName>Christie</PlanName><PlanNotAvailable>0</PlanNotAvailable><PlanTypeName>Single Family</PlanTypeName><BasePrice>0.00</BasePrice><BaseSqft>2400</BaseSqft><Baths>2</Baths><HalfBaths>1</HalfBaths><Bedrooms MasterBedLocation="Down">4</Bedrooms><Garage>2.0</Garage><Description>Hanifin Home Builders is currently updating all of our Standard Model drawings to high resolution and color.Futher down the page you'll find several of our original Standard Models.</Description><PlanImages><ElevationImage SequencePosition="1" ReferenceType="URL">https://hanifinbuilders.com/images/uploads/120/christie__medium200.jpg</ElevationImage><ElevationImage SequencePosition="2" ReferenceType="URL">https://hanifinbuilders.com/images/uploads/120/christiefp1l__medium200.jpg</ElevationImage><ElevationImage SequencePosition="3" ReferenceType="URL">https://hanifinbuilders.com/images/uploads/120/christiefp2l__medium200.jpg</ElevationImage></PlanImages><PlanWebsite>https://hanifinbuilders.com/index.php/home-builder/Home-Models-Details/christie</PlanWebsite></Plan><Plan Type="SingleFamily"><PlanNumber>308826847871031358159292314648</PlanNumber><PlanName>Jennifer</PlanName><PlanNotAvailable>0</PlanNotAvailable><PlanTypeName>Single Family</PlanTypeName><BasePrice>0.00</BasePrice><BaseSqft>2165</BaseSqft><Baths>2</Baths><HalfBaths>1</HalfBaths><Bedrooms MasterBedLocation="Down">4</Bedrooms><Garage>2.0</Garage><Description>Hanifin Home Builders is currently updating all of our Standard Model drawings to high resolution and color.Futher down the page you'll find several of our original Standard Models.</Description><PlanImages><ElevationImage SequencePosition="1" ReferenceType="URL">https://hanifinbuilders.com/images/uploads/121/jennifer__medium200.jpg</ElevationImage><ElevationImage SequencePosition="2" ReferenceType="URL">https://hanifinbuilders.com/images/uploads/121/jenniferfp1l__medium200.jpg</ElevationImage><ElevationImage SequencePosition="3" ReferenceType="URL">https://hanifinbuilders.com/images/uploads/121/jenniferfp2l__medium200.jpg</ElevationImage></PlanImages><PlanWebsite>https://hanifinbuilders.com/index.php/home-builder/Home-Models-Details/jennifer</PlanWebsite></Plan><Plan Type="SingleFamily"><PlanNumber>821371029670139216086687563558</PlanNumber><PlanName>Linden</PlanName><PlanNotAvailable>0</PlanNotAvailable><PlanTypeName>Single Family</PlanTypeName><BasePrice>0.00</BasePrice><BaseSqft>2060</BaseSqft><Baths>2</Baths><HalfBaths>1</HalfBaths><Bedrooms MasterBedLocation="Down">4</Bedrooms><Garage>2.0</Garage><Description>Hanifin Home Builders is currently updating all of our Standard Model drawings to high resolution and color.Futher down the page you'll find several of our original Standard Models.</Description><PlanImages><ElevationImage SequencePosition="1" ReferenceType="URL">https://hanifinbuilders.com/images/uploads/137/lindens__medium200.jpg</ElevationImage><ElevationImage SequencePosition="2" ReferenceType="URL">https://hanifinbuilders.com/images/uploads/137/lindenf1__medium200.jpg</ElevationImage><ElevationImage SequencePosition="3" ReferenceType="URL">https://hanifinbuilders.com/images/uploads/137/lindenf2__medium200.jpg</ElevationImage></PlanImages><PlanWebsite>https://hanifinbuilders.com/index.php/home-builder/Home-Models-Details/linden</PlanWebsite></Plan><Plan Type="SingleFamily"><PlanNumber>700872130868051600401371322629</PlanNumber><PlanName>Amelia</PlanName><PlanNotAvailable>0</PlanNotAvailable><PlanTypeName>Single Family</PlanTypeName><BasePrice>0.00</BasePrice><BaseSqft>2500</BaseSqft><Baths>2</Baths><HalfBaths>1</HalfBaths><Bedrooms MasterBedLocation="Down">4</Bedrooms><Garage>2.0</Garage><Description>Hanifin Home Builders is currently updating all of our Standard Model drawings to high resolution and color.Futher down the page you'll find several of our original Standard Models.</Description><PlanImages><ElevationImage SequencePosition="1" ReferenceType="URL">https://hanifinbuilders.com/images/uploads/130/amelia__medium200.jpg</ElevationImage><ElevationImage SequencePosition="2" ReferenceType="URL">https://hanifinbuilders.com/images/uploads/130/ameliafp__medium200.jpg</ElevationImage><ElevationImage SequencePosition="3" ReferenceType="URL">https://hanifinbuilders.com/images/uploads/130/amelia-photo__medium200.jpg</ElevationImage></PlanImages><PlanWebsite>https://hanifinbuilders.com/index.php/home-builder/Home-Models-Details/amelia</PlanWebsite></Plan><Plan Type="SingleFamily"><PlanNumber>47816931415283914003427639397</PlanNumber><PlanName>Alexandria</PlanName><PlanNotAvailable>0</PlanNotAvailable><PlanTypeName>Single Family</PlanTypeName><BasePrice>0.00</BasePrice><BaseSqft>2900</BaseSqft><Baths>2</Baths><HalfBaths>1</HalfBaths><Bedrooms MasterBedLocation="Down">4</Bedrooms><Garage>2.0</Garage><Description>Hanifin Home Builders is currently updating all of our Standard Model drawings to high resolution and color.Futher down the page you'll find several of our original Standard Models.</Description><PlanImages><ElevationImage SequencePosition="1" ReferenceType="URL">https://hanifinbuilders.com/images/uploads/136/alexandria__medium200.jpg</ElevationImage><ElevationImage SequencePosition="2" ReferenceType="URL">https://hanifinbuilders.com/images/uploads/136/alexandriafp1__medium200.jpg</ElevationImage><ElevationImage SequencePosition="3" ReferenceType="URL">https://hanifinbuilders.com/images/uploads/136/alexandriafp2__medium200.jpg</ElevationImage></PlanImages><PlanWebsite>https://hanifinbuilders.com/index.php/home-builder/Home-Models-Details/alexandria</PlanWebsite></Plan><Plan Type="SingleFamily"><PlanNumber>23740617829959195905182427584</PlanNumber><PlanName>Madison</PlanName><PlanNotAvailable>0</PlanNotAvailable><PlanTypeName>Single Family</PlanTypeName><BasePrice>0.00</BasePrice><BaseSqft>2550</BaseSqft><Baths>2</Baths><HalfBaths>1</HalfBaths><Bedrooms MasterBedLocation="Down">4</Bedrooms><Garage>0.0</Garage><Description>Hanifin Home Builders is currently updating all of our Standard Model drawings to high resolution and color.Futher down the page you'll find several of our original Standard Models.</Description><PlanImages><ElevationImage SequencePosition="1" ReferenceType="URL">https://hanifinbuilders.com/images/uploads/141/madison__medium200.jpg</ElevationImage><ElevationImage SequencePosition="2" ReferenceType="URL">https://hanifinbuilders.com/images/uploads/141/madisonfp1__medium200.jpg</ElevationImage><ElevationImage SequencePosition="3" ReferenceType="URL">https://hanifinbuilders.com/images/uploads/141/madison-fp2__medium200.jpg</ElevationImage></PlanImages><PlanWebsite>https://hanifinbuilders.com/index.php/home-builder/Home-Models-Details/madison</PlanWebsite></Plan><Plan Type="SingleFamily"><PlanNumber>311415271881512286850569108065</PlanNumber><PlanName>Kelly Rose II</PlanName><PlanNotAvailable>0</PlanNotAvailable><PlanTypeName>Single Family</PlanTypeName><BasePrice>0.00</BasePrice><BaseSqft>2240</BaseSqft><Baths>2</Baths><HalfBaths>1</HalfBaths><Bedrooms MasterBedLocation="Down">4</Bedrooms><Garage>2.0</Garage><Description>Hanifin Home Builders is currently updating all of our Standard Model drawings to high resolution and color.Futher down the page you'll find several of our original Standard Models.</Description><PlanImages><ElevationImage SequencePosition="1" ReferenceType="URL">https://hanifinbuilders.com/images/uploads/129/kelly_rose_ii__medium200.jpg</ElevationImage><ElevationImage SequencePosition="2" ReferenceType="URL">https://hanifinbuilders.com/images/uploads/129/kelly_rose_iifp__medium200.jpg</ElevationImage><ElevationImage SequencePosition="3" ReferenceType="URL">https://hanifinbuilders.com/images/uploads/129/kellyroseii-photo__medium200.jpg</ElevationImage></PlanImages><PlanWebsite>https://hanifinbuilders.com/index.php/home-builder/Home-Models-Details/kelly_rose_ii</PlanWebsite></Plan><Plan Type="SingleFamily"><PlanNumber>496356780007523397999983253703</PlanNumber><PlanName>Rebecca</PlanName><PlanNotAvailable>0</PlanNotAvailable><PlanTypeName>Single Family</PlanTypeName><BasePrice>0.00</BasePrice><BaseSqft>2330</BaseSqft><Baths>2</Baths><HalfBaths>1</HalfBaths><Bedrooms MasterBedLocation="Down">4</Bedrooms><Garage>2.0</Garage><Description>Hanifin Home Builders is currently updating all of our Standard Model drawings to high resolution and color.Futher down the page you'll find several of our original Standard Models.</Description><PlanImages><ElevationImage SequencePosition="1" ReferenceType="URL">https://hanifinbuilders.com/images/uploads/123/rebecca__medium200.jpg</ElevationImage><ElevationImage SequencePosition="2" ReferenceType="URL">https://hanifinbuilders.com/images/uploads/123/rebeccafp1l__medium200.jpg</ElevationImage><ElevationImage SequencePosition="3" ReferenceType="URL">https://hanifinbuilders.com/images/uploads/123/rebeccafp2l__medium200.jpg</ElevationImage></PlanImages><PlanWebsite>https://hanifinbuilders.com/index.php/home-builder/Home-Models-Details/rebecca</PlanWebsite></Plan><Plan Type="SingleFamily"><PlanNumber>316759411888215931285092555203</PlanNumber><PlanName>Cathleen</PlanName><PlanNotAvailable>0</PlanNotAvailable><PlanTypeName>Single Family</PlanTypeName><BasePrice>0.00</BasePrice><BaseSqft>2650</BaseSqft><Baths>2</Baths><HalfBaths>1</HalfBaths><Bedrooms MasterBedLocation="Down">4</Bedrooms><Garage>2.0</Garage><Description>Hanifin Home Builders is currently updating all of our Standard Model drawings to high resolution and color.Futher down the page you'll find several of our original Standard Models.</Description><PlanImages><ElevationImage SequencePosition="1" ReferenceType="URL">https://hanifinbuilders.com/images/uploads/128/cathleen__medium200.jpg</ElevationImage><ElevationImage SequencePosition="2" ReferenceType="URL">https://hanifinbuilders.com/images/uploads/128/cathleenfp__medium200.jpg</ElevationImage></PlanImages><PlanWebsite>https://hanifinbuilders.com/index.php/home-builder/Home-Models-Details/cathleen</PlanWebsite></Plan><Plan Type="SingleFamily"><PlanNumber>862992640177602496025212284398</PlanNumber><PlanName>Jennifer II</PlanName><PlanNotAvailable>0</PlanNotAvailable><PlanTypeName>Single Family</PlanTypeName><BasePrice>0.00</BasePrice><BaseSqft>2410</BaseSqft><Baths>2</Baths><HalfBaths>1</HalfBaths><Bedrooms MasterBedLocation="Down">4</Bedrooms><Garage>0.0</Garage><Description>Hanifin Home Builders is currently updating all of our Standard Model drawings to high resolution and color.Futher down the page you'll find several of our original Standard Models.</Description><PlanImages><ElevationImage SequencePosition="1" ReferenceType="URL">https://hanifinbuilders.com/images/uploads/140/jennifer2a__medium200.jpg</ElevationImage><ElevationImage SequencePosition="2" ReferenceType="URL">https://hanifinbuilders.com/images/uploads/140/jennifer2fp1__medium200.jpg</ElevationImage><ElevationImage SequencePosition="3" ReferenceType="URL">https://hanifinbuilders.com/images/uploads/140/jennifer2fp2__medium200.jpg</ElevationImage></PlanImages><PlanWebsite>https://hanifinbuilders.com/index.php/home-builder/Home-Models-Details/jennifer_ii</PlanWebsite></Plan><Plan Type="SingleFamily"><PlanNumber>485751830176421984018504379981</PlanNumber><PlanName>Bennett</PlanName><PlanNotAvailable>0</PlanNotAvailable><PlanTypeName>Single Family</PlanTypeName><BasePrice>0.00</BasePrice><BaseSqft>2408</BaseSqft><Baths>2</Baths><HalfBaths>1</HalfBaths><Bedrooms MasterBedLocation="Down">4</Bedrooms><Garage>2.0</Garage><Description>Hanifin Home Builders is currently updating all of our Standard Model drawings to high resolution and color.Futher down the page you'll find several of our original Standard Models.</Description><PlanImages><ElevationImage SequencePosition="1" ReferenceType="URL">https://hanifinbuilders.com/images/uploads/138/bennetts__medium200.jpg</ElevationImage><ElevationImage SequencePosition="2" ReferenceType="URL">https://hanifinbuilders.com/images/uploads/138/bennettf1__medium200.jpg</ElevationImage><ElevationImage SequencePosition="3" ReferenceType="URL">https://hanifinbuilders.com/images/uploads/138/bennettf2__medium200.jpg</ElevationImage></PlanImages><PlanWebsite>https://hanifinbuilders.com/index.php/home-builder/Home-Models-Details/bennett</PlanWebsite></Plan><Plan Type="SingleFamily"><PlanNumber>799322525964934296169511048048</PlanNumber><PlanName>Clinton James</PlanName><PlanNotAvailable>0</PlanNotAvailable><PlanTypeName>Single Family</PlanTypeName><BasePrice>0.00</BasePrice><BaseSqft>3300</BaseSqft><Baths>2</Baths><HalfBaths>1</HalfBaths><Bedrooms MasterBedLocation="Down">4</Bedrooms><Garage>3.0</Garage><Description>Hanifin Home Builders is currently updating all of our Standard Model drawings to high resolution and color.Futher down the page you'll find several of our original Standard Models.</Description><PlanImages><ElevationImage SequencePosition="1" ReferenceType="URL">https://hanifinbuilders.com/images/uploads/135/clinton_james__medium200.jpg</ElevationImage><ElevationImage SequencePosition="2" ReferenceType="URL">https://hanifinbuilders.com/images/uploads/135/clinton_jamesfp1__medium200.jpg</ElevationImage></PlanImages><PlanWebsite>https://hanifinbuilders.com/index.php/home-builder/Home-Models-Details/clinton_james</PlanWebsite></Plan><Plan Type="SingleFamily"><PlanNumber>840524691520235949374627651377</PlanNumber><PlanName>Clinton James II</PlanName><PlanNotAvailable>0</PlanNotAvailable><PlanTypeName>Single Family</PlanTypeName><BasePrice>0.00</BasePrice><BaseSqft>3660</BaseSqft><Baths>2</Baths><HalfBaths>1</HalfBaths><Bedrooms MasterBedLocation="Down">4</Bedrooms><Garage>3.0</Garage><Description>Hanifin Home Builders is currently updating all of our Standard Model drawings to high resolution and color.Futher down the page you'll find several of our original Standard Models.</Description><PlanImages><ElevationImage SequencePosition="1" ReferenceType="URL">https://hanifinbuilders.com/images/uploads/139/clinton_james_ii__medium200.jpg</ElevationImage><ElevationImage SequencePosition="2" ReferenceType="URL">https://hanifinbuilders.com/images/uploads/139/clinton_james_iifp1__medium200.jpg</ElevationImage><ElevationImage SequencePosition="3" ReferenceType="URL">https://hanifinbuilders.com/images/uploads/139/clinton_james_iifp2__medium200.jpg</ElevationImage></PlanImages><PlanWebsite>https://hanifinbuilders.com/index.php/home-builder/Home-Models-Details/clinton_james_ii</PlanWebsite></Plan><Plan Type="SingleFamily"><PlanNumber>954013661197028551528733845225</PlanNumber><PlanName>Victoria</PlanName><PlanNotAvailable>0</PlanNotAvailable><PlanTypeName>Single Family</PlanTypeName><BasePrice>0.00</BasePrice><BaseSqft>2000</BaseSqft><Baths>2</Baths><HalfBaths>1</HalfBaths><Bedrooms MasterBedLocation="Down">3</Bedrooms><Garage>2.0</Garage><Description>Hanifin Home Builders is currently updating all of our Standard Model drawings to high resolution and color.Futher down the page you'll find several of our original Standard Models.</Description><PlanImages><ElevationImage SequencePosition="1" ReferenceType="URL">https://hanifinbuilders.com/images/uploads/126/victoria__medium200.jpg</ElevationImage><ElevationImage SequencePosition="2" ReferenceType="URL">https://hanifinbuilders.com/images/uploads/126/victoriafp1l__medium200.jpg</ElevationImage><ElevationImage SequencePosition="3" ReferenceType="URL">https://hanifinbuilders.com/images/uploads/126/victoriafp2l__medium200.jpg</ElevationImage></PlanImages><PlanWebsite>https://hanifinbuilders.com/index.php/home-builder/Home-Models-Details/victoria</PlanWebsite></Plan><Plan Type="SingleFamily"><PlanNumber>966593403030039115511224354337</PlanNumber><PlanName>Kelly Rose</PlanName><PlanNotAvailable>0</PlanNotAvailable><PlanTypeName>Single Family</PlanTypeName><BasePrice>0.00</BasePrice><BaseSqft>1840</BaseSqft><Baths>2</Baths><HalfBaths>1</HalfBaths><Bedrooms MasterBedLocation="Down">4</Bedrooms><Garage>2.0</Garage><Description>Hanifin Home Builders is currently updating all of our Standard Model drawings to high resolution and color.Futher down the page you'll find several of our original Standard Models.</Description><PlanImages><ElevationImage SequencePosition="1" ReferenceType="URL">https://hanifinbuilders.com/images/uploads/122/kellyrose__medium200.jpg</ElevationImage><ElevationImage SequencePosition="2" ReferenceType="URL">https://hanifinbuilders.com/images/uploads/122/kellyrosefp1l__medium200.jpg</ElevationImage><ElevationImage SequencePosition="3" ReferenceType="URL">https://hanifinbuilders.com/images/uploads/122/kellyrosefp2l__medium200.jpg</ElevationImage><ElevationImage SequencePosition="4" ReferenceType="URL">https://hanifinbuilders.com/images/uploads/122/kellyrose-photo__medium200.jpg</ElevationImage></PlanImages><PlanWebsite>https://hanifinbuilders.com/index.php/home-builder/Home-Models-Details/kelly_rose</PlanWebsite></Plan><Plan Type="SingleFamily"><PlanNumber>83516617926005339903771734284</PlanNumber><PlanName>Stephen</PlanName><PlanNotAvailable>0</PlanNotAvailable><PlanTypeName>Single Family</PlanTypeName><BasePrice>0.00</BasePrice><BaseSqft>2100</BaseSqft><Baths>2</Baths><HalfBaths>1</HalfBaths><Bedrooms MasterBedLocation="Down">3</Bedrooms><Garage>2.0</Garage><Description>Hanifin Home Builders is currently updating all of our Standard Model drawings to high resolution and color.Futher down the page you'll find several of our original Standard Models.</Description><PlanImages><ElevationImage SequencePosition="1" ReferenceType="URL">https://hanifinbuilders.com/images/uploads/124/stephen__medium200.jpg</ElevationImage><ElevationImage SequencePosition="2" ReferenceType="URL">https://hanifinbuilders.com/images/uploads/124/stephenfp1l__medium200.jpg</ElevationImage><ElevationImage SequencePosition="3" ReferenceType="URL">https://hanifinbuilders.com/images/uploads/124/stephenfp2l__medium200.jpg</ElevationImage><ElevationImage SequencePosition="4" ReferenceType="URL">https://hanifinbuilders.com/images/uploads/124/stephen-photo__medium200.jpg</ElevationImage></PlanImages><PlanWebsite>https://hanifinbuilders.com/index.php/home-builder/Home-Models-Details/stephen</PlanWebsite></Plan><Plan Type="SingleFamily"><PlanNumber>704017924140402710358876752646</PlanNumber><PlanName>Vallerie Lee</PlanName><PlanNotAvailable>0</PlanNotAvailable><PlanTypeName>Single Family</PlanTypeName><BasePrice>0.00</BasePrice><BaseSqft>3600</BaseSqft><Baths>2</Baths><HalfBaths>1</HalfBaths><Bedrooms MasterBedLocation="Down">4</Bedrooms><Garage>0.0</Garage><Description>Hanifin Home Builders is currently updating all of our Standard Model drawings to high resolution and color.Futher down the page you'll find several of our original Standard Models.</Description><PlanImages><ElevationImage SequencePosition="1" ReferenceType="URL">https://hanifinbuilders.com/images/uploads/142/vallerie_lee2__medium200.jpg</ElevationImage><ElevationImage SequencePosition="2" ReferenceType="URL">https://hanifinbuilders.com/images/uploads/142/vallerie-lee2-fp1__medium200.jpg</ElevationImage><ElevationImage SequencePosition="3" ReferenceType="URL">https://hanifinbuilders.com/images/uploads/142/vallerie-lee2-fp2__medium200.jpg</ElevationImage></PlanImages><PlanWebsite>https://hanifinbuilders.com/index.php/home-builder/Home-Models-Details/vallerie_lee</PlanWebsite></Plan><Plan Type="SingleFamily"><PlanNumber>603831555239294624691739772769</PlanNumber><PlanName>Tyler</PlanName><PlanNotAvailable>0</PlanNotAvailable><PlanTypeName>Single Family</PlanTypeName><BasePrice>0.00</BasePrice><BaseSqft>2375</BaseSqft><Baths>2</Baths><HalfBaths>1</HalfBaths><Bedrooms MasterBedLocation="Down">3</Bedrooms><Garage>2.0</Garage><Description>Hanifin Home Builders is currently updating all of our Standard Model drawings to high resolution and color.Futher down the page you'll find several of our original Standard Models.</Description><PlanImages><ElevationImage SequencePosition="1" ReferenceType="URL">https://hanifinbuilders.com/images/uploads/125/tyler__medium200.jpg</ElevationImage><ElevationImage SequencePosition="2" ReferenceType="URL">https://hanifinbuilders.com/images/uploads/125/tylerfp1l__medium200.jpg</ElevationImage><ElevationImage SequencePosition="3" ReferenceType="URL">https://hanifinbuilders.com/images/uploads/125/tylerfp2l__medium200.jpg</ElevationImage><ElevationImage SequencePosition="4" ReferenceType="URL">https://hanifinbuilders.com/images/uploads/125/tyler-photo__medium200.jpg</ElevationImage></PlanImages><PlanWebsite>https://hanifinbuilders.com/index.php/home-builder/Home-Models-Details/tyler</PlanWebsite></Plan><Plan Type="SingleFamily"><PlanNumber>265732058449590742697701781122</PlanNumber><PlanName>Glendale</PlanName><PlanNotAvailable>0</PlanNotAvailable><PlanTypeName>Single Family</PlanTypeName><BasePrice>0.00</BasePrice><BaseSqft>2850</BaseSqft><Baths>2</Baths><HalfBaths>1</HalfBaths><Bedrooms MasterBedLocation="Down">4</Bedrooms><Garage>2.0</Garage><Description>Hanifin Home Builders is currently updating all of our Standard Model drawings to high resolution and color.Futher down the page you'll find several of our original Standard Models.</Description><PlanImages><ElevationImage SequencePosition="1" ReferenceType="URL">https://hanifinbuilders.com/images/uploads/133/glendale__medium200.jpg</ElevationImage><ElevationImage SequencePosition="2" ReferenceType="URL">https://hanifinbuilders.com/images/uploads/133/glendalefp1__medium200.jpg</ElevationImage><ElevationImage SequencePosition="3" ReferenceType="URL">https://hanifinbuilders.com/images/uploads/133/glendalefp2__medium200.jpg</ElevationImage></PlanImages><PlanWebsite>https://hanifinbuilders.com/index.php/home-builder/Home-Models-Details/glendale</PlanWebsite></Plan><Plan Type="SingleFamily"><PlanNumber>229631752860364310260708055845</PlanNumber><PlanName>Chelsea</PlanName><PlanNotAvailable>0</PlanNotAvailable><PlanTypeName>Single Family</PlanTypeName><BasePrice>0.00</BasePrice><BaseSqft>2500</BaseSqft><Baths>2</Baths><HalfBaths>1</HalfBaths><Bedrooms MasterBedLocation="Down">4</Bedrooms><Garage>2.0</Garage><Description>Hanifin Home Builders is currently updating all of our Standard Model drawings to high resolution and color.Futher down the page you'll find several of our original Standard Models.</Description><PlanImages><ElevationImage SequencePosition="1" ReferenceType="URL">https://hanifinbuilders.com/images/uploads/134/chelsea__medium200.jpg</ElevationImage><ElevationImage SequencePosition="2" ReferenceType="URL">https://hanifinbuilders.com/images/uploads/134/chelseafp1__medium200.jpg</ElevationImage><ElevationImage SequencePosition="3" ReferenceType="URL">https://hanifinbuilders.com/images/uploads/134/chelseafp2__medium200.jpg</ElevationImage></PlanImages><PlanWebsite>https://hanifinbuilders.com/index.php/home-builder/Home-Models-Details/chelsea</PlanWebsite></Plan><Plan Type="SingleFamily"><PlanNumber>Plan Unknown</PlanNumber><PlanName>Plan Unknown</PlanName><PlanNotAvailable>1</PlanNotAvailable><PlanTypeName>Single Family</PlanTypeName><BasePrice>0.00</BasePrice><BaseSqft>0</BaseSqft><Baths>1</Baths><HalfBaths>0</HalfBaths><Bedrooms MasterBedLocation="Down">1</Bedrooms><Garage>0.0</Garage><PlanImages/><PlanWebsite></PlanWebsite><Spec Type="SingleFamily"><SpecNumber>847140957285272301076695602057</SpecNumber><SpecAddress><SpecStreet1>45 Darroch Road</SpecStreet1><SpecCity>Delmar</SpecCity><SpecState>NY</SpecState><SpecZIP>00000</SpecZIP><SpecCountry>USA</SpecCountry></SpecAddress><SpecPrice>569000.00</SpecPrice><SpecSqft>2600</SpecSqft><SpecBaths>2</SpecBaths><SpecHalfBaths>1</SpecHalfBaths><SpecBedrooms MasterBedLocation="Down">4</SpecBedrooms><SpecGarage>0.0</SpecGarage><SpecDescription>Hanifin Home Builders is currently updating all of our Standard Model drawings to high resolution and color.Futher down the page you'll find several of our original Standard Models.</SpecDescription><SpecImages><SpecElevationImage SequencePosition="1" Title="" ReferenceType="URL">https://hanifinbuilders.com/images/uploads/249/45_darroch_front_elevation__medium.jpg</SpecElevationImage></SpecImages><SpecWebsite>https://hanifinbuilders.com/index.php/home-builder/Homes-For-Sale</SpecWebsite></Spec></Plan><Plan Type="SingleFamily"><PlanNumber>40887599702063774335330920542</PlanNumber><PlanName>Mark Paul</PlanName><PlanNotAvailable>0</PlanNotAvailable><PlanTypeName>Single Family</PlanTypeName><BasePrice>0.00</BasePrice><BaseSqft>0</BaseSqft><Baths>2</Baths><HalfBaths>1</HalfBaths><Bedrooms MasterBedLocation="Down">4</Bedrooms><Garage>0.0</Garage><Description>Hanifin Home Builders is currently updating all of our Standard Model drawings to high resolution and color.Futher down the page you'll find several of our original Standard Models.</Description><PlanImages><ElevationImage SequencePosition="1" ReferenceType="URL">https://hanifinbuilders.com/images/uploads/127/mark_paul__medium200.jpg</ElevationImage></PlanImages><PlanWebsite>https://hanifinbuilders.com/index.php/home-builder/Home-Models-Details/mark_paul</PlanWebsite></Plan><Plan Type="SingleFamily"><PlanNumber>546865729414262837376362539113</PlanNumber><PlanName>Raymond</PlanName><PlanNotAvailable>0</PlanNotAvailable><PlanTypeName>Single Family</PlanTypeName><BasePrice>0.00</BasePrice><BaseSqft>2500</BaseSqft><Baths>2</Baths><HalfBaths>1</HalfBaths><Bedrooms MasterBedLocation="Down">4</Bedrooms><Garage>2.0</Garage><Description>Hanifin Home Builders is currently updating all of our Standard Model drawings to high resolution and color.Futher down the page you'll find several of our original Standard Models.</Description><PlanImages><ElevationImage SequencePosition="1" ReferenceType="URL">https://hanifinbuilders.com/images/uploads/131/raymond__medium200.jpg</ElevationImage><ElevationImage SequencePosition="2" ReferenceType="URL">https://hanifinbuilders.com/images/uploads/131/raymond-photo__medium200.jpg</ElevationImage><ElevationImage SequencePosition="3" ReferenceType="URL">https://hanifinbuilders.com/images/uploads/131/raymond-photo-2__medium200.jpg</ElevationImage><ElevationImage SequencePosition="4" ReferenceType="URL">https://hanifinbuilders.com/images/uploads/131/raymondfp1__medium200.jpg</ElevationImage><ElevationImage SequencePosition="5" ReferenceType="URL">https://hanifinbuilders.com/images/uploads/131/raymondfp2__medium200.jpg</ElevationImage></PlanImages><PlanWebsite>https://hanifinbuilders.com/index.php/home-builder/Home-Models-Details/raymond</PlanWebsite></Plan></Subdivision></Builder></Corporation></Builders>