<Builders DateGenerated="2021-10-22T10:56:01"><Corporation><CorporateBuilderNumber>54197</CorporateBuilderNumber><CorporateState>CT</CorporateState><CorporateName>Homestar Builder</CorporateName><Builder><BuilderNumber>53141</BuilderNumber><BrandName>First Connecticut Builders</BrandName><BrandLogo_Med ReferenceType="URL">https://static.wixstatic.com/media/2c76f6_cce2c0b488d94df3910f3a80218c005d.jpg/v1/fill/w_99,h_103,al_c,q_80,usm_0.66_1.00_0.01/2c76f6_cce2c0b488d94df3910f3a80218c005d.webp</BrandLogo_Med><ReportingName>First Connecticut Builders</ReportingName><DefaultLeadsEmail LeadsPerMessage="All">leads@thebdx.com</DefaultLeadsEmail><BuilderWebsite>http://homestarbuilder.com</BuilderWebsite><Subdivision Status="Active"><SubdivisionNumber>53141</SubdivisionNumber><SubdivisionName>First Connecticut Builders</SubdivisionName><BuildOnYourLot>0</BuildOnYourLot><SalesOffice><Address OutOfCommunity="0"><Street1>9770 Carroll Centre Rd</Street1><City>San Diego</City><State>CA</State><ZIP>92126</ZIP></Address><Phone><AreaCode>305</AreaCode><Prefix>607</Prefix><Suffix>4454</Suffix></Phone><Email>op@ophomes.net</Email></SalesOffice><SubDescription>We work directly with our manufacturers to provide the best quality and the best price in the market. Even the best of the best products can fail without proper installation so we have our own experienced, trained technicians to install all our products</SubDescription><SubImage SequencePosition="1" Title="House1" ReferenceType="URL">https://homestarbuilder.com/wp-content/themes/elegance/lib/scripts/timthumb/thumb.php?src=https://homestarbuilder.com/wp-content/uploads/2015/10/Captiva_Model.png&amp;w=560&amp;h=400&amp;zc=1&amp;q=100</SubImage><SubWebsite>http://homestarbuilder.com</SubWebsite><Plan Type="SingleFamily"><PlanNumber>995568300200425772197885713231</PlanNumber><PlanName>Grenada Model</PlanName><PlanNotAvailable>0</PlanNotAvailable><PlanTypeName>Single Family</PlanTypeName><BasePrice>0.00</BasePrice><BaseSqft>2591</BaseSqft><Baths>3</Baths><HalfBaths>0</HalfBaths><Bedrooms MasterBedLocation="Down">4</Bedrooms><Garage>2.0</Garage><Description>Ask your sales consultant for prices and details</Description><PlanImages><ElevationImage SequencePosition="1" ReferenceType="URL">https://homestarbuilder.com/wp-content/uploads/2018/07/Grenada.png</ElevationImage><ElevationImage SequencePosition="2" ReferenceType="URL">https://homestarbuilder.com/wp-content/uploads/2018/07/GrenadaFloorplan-300x203.png</ElevationImage></PlanImages><PlanWebsite>https://homestarbuilder.com/grenada-model/</PlanWebsite></Plan><Plan Type="SingleFamily"><PlanNumber>257474317166153435696488970455</PlanNumber><PlanName>Dominica 5 Model</PlanName><PlanNotAvailable>0</PlanNotAvailable><PlanTypeName>Single Family</PlanTypeName><BasePrice>0.00</BasePrice><BaseSqft>2425</BaseSqft><Baths>3</Baths><HalfBaths>1</HalfBaths><Bedrooms MasterBedLocation="Down">5</Bedrooms><Garage>2.0</Garage><Description>Ask your sales consultant for prices and details</Description><PlanImages><ElevationImage SequencePosition="1" ReferenceType="URL">https://homestarbuilder.com/wp-content/uploads/2018/07/Dominica-5.png</ElevationImage><ElevationImage SequencePosition="2" ReferenceType="URL">https://homestarbuilder.com/wp-content/uploads/2018/10/Dominica5Thumbnail-300x201.png</ElevationImage></PlanImages><PlanWebsite>https://homestarbuilder.com/dominica-5-model/</PlanWebsite></Plan><Plan Type="SingleFamily"><PlanNumber>468458254068984930994291830323</PlanNumber><PlanName>Antigua Model</PlanName><PlanNotAvailable>0</PlanNotAvailable><PlanTypeName>Single Family</PlanTypeName><BasePrice>0.00</BasePrice><BaseSqft>0</BaseSqft><Baths>2</Baths><HalfBaths>0</HalfBaths><Bedrooms MasterBedLocation="Down">4</Bedrooms><Garage>2.0</Garage><Description>Ask your sales consultant for prices and details</Description><PlanImages><ElevationImage SequencePosition="1" ReferenceType="URL">https://homestarbuilder.com/wp-content/uploads/2017/08/Antigua.png</ElevationImage><ElevationImage SequencePosition="2" ReferenceType="URL">https://homestarbuilder.com/wp-content/uploads/2018/03/20180131_095122-150x150.jpg</ElevationImage><ElevationImage SequencePosition="3" ReferenceType="URL">https://homestarbuilder.com/wp-content/uploads/2018/09/antiguakitchen-150x150.jpg</ElevationImage><ElevationImage SequencePosition="4" ReferenceType="URL">https://homestarbuilder.com/wp-content/uploads/2018/03/20180203_133012-150x150.jpg</ElevationImage><ElevationImage SequencePosition="5" ReferenceType="URL">https://homestarbuilder.com/wp-content/uploads/2018/03/20180203_133311-150x150.jpg</ElevationImage><ElevationImage SequencePosition="6" ReferenceType="URL">https://homestarbuilder.com/wp-content/uploads/2017/09/antigua-thumbnail.png</ElevationImage></PlanImages><PlanWebsite>https://homestarbuilder.com/antigua/</PlanWebsite></Plan><Plan Type="SingleFamily"><PlanNumber>410956993719299517732759536422</PlanNumber><PlanName>Aruba Model</PlanName><PlanNotAvailable>0</PlanNotAvailable><PlanTypeName>Single Family</PlanTypeName><BasePrice>0.00</BasePrice><BaseSqft>1626</BaseSqft><Baths>2</Baths><HalfBaths>0</HalfBaths><Bedrooms MasterBedLocation="Down">4</Bedrooms><Garage>2.0</Garage><Description>Ask your sales consultant for prices and details</Description><PlanImages><ElevationImage SequencePosition="1" ReferenceType="URL">https://homestarbuilder.com/wp-content/uploads/2018/07/Aruba.png</ElevationImage><ElevationImage SequencePosition="2" ReferenceType="URL">https://homestarbuilder.com/wp-content/uploads/2014/04/16209-SW-61-Ln_02-150x150.jpg</ElevationImage><ElevationImage SequencePosition="3" ReferenceType="URL">https://homestarbuilder.com/wp-content/uploads/2014/04/16209-SW-61-Ln_031-150x150.jpg</ElevationImage><ElevationImage SequencePosition="4" ReferenceType="URL">https://homestarbuilder.com/wp-content/uploads/2014/04/16209-SW-61-Ln_041-150x150.jpg</ElevationImage><ElevationImage SequencePosition="5" ReferenceType="URL">https://homestarbuilder.com/wp-content/uploads/2014/04/16209-SW-61-Ln_05-150x150.jpg</ElevationImage><ElevationImage SequencePosition="6" ReferenceType="URL">https://homestarbuilder.com/wp-content/uploads/2014/04/16209-SW-61-Ln_061-150x150.jpg</ElevationImage><ElevationImage SequencePosition="7" ReferenceType="URL">https://homestarbuilder.com/wp-content/uploads/2014/04/16209-SW-61-Ln_071-150x150.jpg</ElevationImage><ElevationImage SequencePosition="8" ReferenceType="URL">https://homestarbuilder.com/wp-content/uploads/2014/04/16209-SW-61-Ln_081-150x150.jpg</ElevationImage><ElevationImage SequencePosition="9" ReferenceType="URL">https://homestarbuilder.com/wp-content/uploads/2014/04/16209-SW-61-Ln_09-150x150.jpg</ElevationImage><ElevationImage SequencePosition="10" ReferenceType="URL">https://homestarbuilder.com/wp-content/uploads/2014/04/16209-SW-61-Ln_101-150x150.jpg</ElevationImage><ElevationImage SequencePosition="11" ReferenceType="URL">https://homestarbuilder.com/wp-content/uploads/2014/04/16209-SW-61-Ln_11-150x150.jpg</ElevationImage><ElevationImage SequencePosition="12" ReferenceType="URL">https://homestarbuilder.com/wp-content/uploads/2018/07/Aruba-Floorplan.png</ElevationImage></PlanImages><PlanWebsite>https://homestarbuilder.com/aruba/</PlanWebsite></Plan><Plan Type="SingleFamily"><PlanNumber>490832528531332883358945684600</PlanNumber><PlanName>Martinique Model</PlanName><PlanNotAvailable>0</PlanNotAvailable><PlanTypeName>Single Family</PlanTypeName><BasePrice>0.00</BasePrice><BaseSqft>2591</BaseSqft><Baths>3</Baths><HalfBaths>0</HalfBaths><Bedrooms MasterBedLocation="Down">4</Bedrooms><Garage>2.0</Garage><Description>Ask your sales consultant for prices and details</Description><PlanImages><ElevationImage SequencePosition="1" ReferenceType="URL">https://homestarbuilder.com/wp-content/uploads/2018/07/Martinique.png</ElevationImage><ElevationImage SequencePosition="2" ReferenceType="URL">https://homestarbuilder.com/wp-content/uploads/2018/07/MartiniqueFloorplan-300x203.png</ElevationImage></PlanImages><PlanWebsite>https://homestarbuilder.com/martinique-model/</PlanWebsite></Plan><Plan Type="SingleFamily"><PlanNumber>446772767196320602444280575257</PlanNumber><PlanName>Bermuda Model</PlanName><PlanNotAvailable>0</PlanNotAvailable><PlanTypeName>Single Family</PlanTypeName><BasePrice>0.00</BasePrice><BaseSqft>0</BaseSqft><Baths>4</Baths><HalfBaths>0</HalfBaths><Bedrooms MasterBedLocation="Down">4</Bedrooms><Garage>2.0</Garage><Description>Ask your sales consultant for prices and details</Description><PlanImages><ElevationImage SequencePosition="1" ReferenceType="URL">https://homestarbuilder.com/wp-content/uploads/2015/10/Bermuda_Model.png</ElevationImage><ElevationImage SequencePosition="2" ReferenceType="URL">https://homestarbuilder.com/wp-content/uploads/2015/11/Bermuda-Thumnail.png</ElevationImage></PlanImages><PlanWebsite>https://homestarbuilder.com/bermuda-model/</PlanWebsite></Plan><Plan Type="SingleFamily"><PlanNumber>552447440245476362037570292794</PlanNumber><PlanName>Bimini Model</PlanName><PlanNotAvailable>0</PlanNotAvailable><PlanTypeName>Single Family</PlanTypeName><BasePrice>0.00</BasePrice><BaseSqft>2415</BaseSqft><Baths>3</Baths><HalfBaths>1</HalfBaths><Bedrooms MasterBedLocation="Down">4</Bedrooms><Garage>2.0</Garage><Description>Ask your sales consultant for prices and details</Description><PlanImages><ElevationImage SequencePosition="1" ReferenceType="URL">https://homestarbuilder.com/wp-content/uploads/2015/10/Bimini_Model.png</ElevationImage><ElevationImage SequencePosition="2" ReferenceType="URL">https://homestarbuilder.com/wp-content/uploads/2014/04/Bimini_Floorplan_Thumbnail-1.png</ElevationImage></PlanImages><PlanWebsite>https://homestarbuilder.com/bimini-model/</PlanWebsite></Plan><Plan Type="SingleFamily"><PlanNumber>438942892219221926029848968184</PlanNumber><PlanName>Dominica 4 Model</PlanName><PlanNotAvailable>0</PlanNotAvailable><PlanTypeName>Single Family</PlanTypeName><BasePrice>0.00</BasePrice><BaseSqft>2619</BaseSqft><Baths>3</Baths><HalfBaths>0</HalfBaths><Bedrooms MasterBedLocation="Down">4</Bedrooms><Garage>2.0</Garage><Description>Ask your sales consultant for prices and details</Description><PlanImages><ElevationImage SequencePosition="1" ReferenceType="URL">https://homestarbuilder.com/wp-content/uploads/2018/07/Dominica-4.png</ElevationImage><ElevationImage SequencePosition="2" ReferenceType="URL">https://homestarbuilder.com/wp-content/uploads/2014/04/16284-SW-61-Ln_011-150x150.jpg</ElevationImage><ElevationImage SequencePosition="3" ReferenceType="URL">https://homestarbuilder.com/wp-content/uploads/2014/04/16284-SW-61-Ln_03-150x150.jpg</ElevationImage><ElevationImage SequencePosition="4" ReferenceType="URL">https://homestarbuilder.com/wp-content/uploads/2014/04/16284-SW-61-Ln_04-150x150.jpg</ElevationImage><ElevationImage SequencePosition="5" ReferenceType="URL">https://homestarbuilder.com/wp-content/uploads/2014/04/16284-SW-61-Ln_05-150x150.jpg</ElevationImage><ElevationImage SequencePosition="6" ReferenceType="URL">https://homestarbuilder.com/wp-content/uploads/2014/04/16284-SW-61-Ln_06-150x150.jpg</ElevationImage><ElevationImage SequencePosition="7" ReferenceType="URL">https://homestarbuilder.com/wp-content/uploads/2014/04/16284-SW-61-Ln_071-150x150.jpg</ElevationImage><ElevationImage SequencePosition="8" ReferenceType="URL">https://homestarbuilder.com/wp-content/uploads/2014/04/16284-SW-61-Ln_08-150x150.jpg</ElevationImage><ElevationImage SequencePosition="9" ReferenceType="URL">https://homestarbuilder.com/wp-content/uploads/2014/04/16284-SW-61-Ln_091-150x150.jpg</ElevationImage><ElevationImage SequencePosition="10" ReferenceType="URL">https://homestarbuilder.com/wp-content/uploads/2014/04/16284-SW-61-Ln_10-150x150.jpg</ElevationImage><ElevationImage SequencePosition="11" ReferenceType="URL">https://homestarbuilder.com/wp-content/uploads/2018/09/dominica4thumbnail-300x204.png</ElevationImage></PlanImages><PlanWebsite>https://homestarbuilder.com/dominica-model/</PlanWebsite></Plan><Plan Type="SingleFamily"><PlanNumber>755974612669977414253214309546</PlanNumber><PlanName>Captiva Model</PlanName><PlanNotAvailable>0</PlanNotAvailable><PlanTypeName>Single Family</PlanTypeName><BasePrice>0.00</BasePrice><BaseSqft>2738</BaseSqft><Baths>4</Baths><HalfBaths>0</HalfBaths><Bedrooms MasterBedLocation="Down">5</Bedrooms><Garage>2.0</Garage><Description>Ask your sales consultant for prices and details</Description><PlanImages><ElevationImage SequencePosition="1" ReferenceType="URL">https://homestarbuilder.com/wp-content/uploads/2015/10/Captiva_Model.png</ElevationImage><ElevationImage SequencePosition="2" ReferenceType="URL">https://homestarbuilder.com/wp-content/themes/elegance/images/shortcodes/image_shadow.png</ElevationImage><ElevationImage SequencePosition="3" ReferenceType="URL">https://homestarbuilder.com/wp-content/uploads/2014/04/image020-150x150.jpg</ElevationImage><ElevationImage SequencePosition="4" ReferenceType="URL">https://homestarbuilder.com/wp-content/uploads/2014/04/image021-150x150.jpg</ElevationImage><ElevationImage SequencePosition="5" ReferenceType="URL">https://homestarbuilder.com/wp-content/uploads/2014/04/image022-150x150.jpg</ElevationImage><ElevationImage SequencePosition="6" ReferenceType="URL">https://homestarbuilder.com/wp-content/uploads/2014/04/image019-150x150.jpg</ElevationImage><ElevationImage SequencePosition="7" ReferenceType="URL">https://homestarbuilder.com/wp-content/uploads/2014/04/image008-150x150.jpg</ElevationImage><ElevationImage SequencePosition="8" ReferenceType="URL">https://homestarbuilder.com/wp-content/uploads/2014/04/image009-150x150.jpg</ElevationImage><ElevationImage SequencePosition="9" ReferenceType="URL">https://homestarbuilder.com/wp-content/uploads/2014/04/image010-150x150.jpg</ElevationImage><ElevationImage SequencePosition="10" ReferenceType="URL">https://homestarbuilder.com/wp-content/uploads/2014/04/image007-150x150.jpg</ElevationImage><ElevationImage SequencePosition="11" ReferenceType="URL">https://homestarbuilder.com/wp-content/uploads/2014/04/image006-150x150.jpg</ElevationImage><ElevationImage SequencePosition="12" ReferenceType="URL">https://homestarbuilder.com/wp-content/uploads/2014/04/image005-150x150.jpg</ElevationImage><ElevationImage SequencePosition="13" ReferenceType="URL">https://homestarbuilder.com/wp-content/uploads/2014/04/image004-150x150.jpg</ElevationImage><ElevationImage SequencePosition="14" ReferenceType="URL">https://homestarbuilder.com/wp-content/uploads/2014/04/image014-150x150.jpg</ElevationImage><ElevationImage SequencePosition="15" ReferenceType="URL">https://homestarbuilder.com/wp-content/uploads/2014/04/image015-150x150.jpg</ElevationImage><ElevationImage SequencePosition="16" ReferenceType="URL">https://homestarbuilder.com/wp-content/uploads/2014/04/image016-150x150.jpg</ElevationImage><ElevationImage SequencePosition="17" ReferenceType="URL">https://homestarbuilder.com/wp-content/uploads/2014/04/image017-150x150.jpg</ElevationImage><ElevationImage SequencePosition="18" ReferenceType="URL">https://homestarbuilder.com/wp-content/uploads/2014/04/image018-150x150.jpg</ElevationImage><ElevationImage SequencePosition="19" ReferenceType="URL">https://homestarbuilder.com/wp-content/uploads/2014/04/image002-2-150x150.jpg</ElevationImage><ElevationImage SequencePosition="20" ReferenceType="URL">https://homestarbuilder.com/wp-content/uploads/2014/04/image003-150x150.jpg</ElevationImage><ElevationImage SequencePosition="21" ReferenceType="URL">https://homestarbuilder.com/wp-content/uploads/2014/04/image001-2-150x150.jpg</ElevationImage><ElevationImage SequencePosition="22" ReferenceType="URL">https://homestarbuilder.com/wp-content/uploads/2014/04/image011-150x150.jpg</ElevationImage><ElevationImage SequencePosition="23" ReferenceType="URL">https://homestarbuilder.com/wp-content/uploads/2014/04/image012-150x150.jpg</ElevationImage><ElevationImage SequencePosition="24" ReferenceType="URL">https://homestarbuilder.com/wp-content/uploads/2014/04/image013-150x150.jpg</ElevationImage><ElevationImage SequencePosition="25" ReferenceType="URL">https://homestarbuilder.com/wp-content/uploads/2014/04/Captiva_Floorplan_Thumbnail-1.png</ElevationImage></PlanImages><PlanWebsite>https://homestarbuilder.com/captiva-model/</PlanWebsite></Plan></Subdivision></Builder></Corporation></Builders>