<Builders DateGenerated="2021-10-22T10:54:53"><Corporation><CorporateBuilderNumber>50685</CorporateBuilderNumber><CorporateState>GA</CorporateState><CorporateName>Dynasty Partners</CorporateName><Builder><BuilderNumber>49173</BuilderNumber><BrandName>Freedom Home Builders</BrandName><BrandLogo_Med ReferenceType="URL">https://www.freedombuilderhomes.com/wp-content/themes/jlc_responsive/images/Logo-New.jpg</BrandLogo_Med><ReportingName>Freedom Home Builders</ReportingName><DefaultLeadsEmail LeadsPerMessage="All">leads@thebdx.com</DefaultLeadsEmail><BuilderWebsite>https://www.dynastypartners.com/</BuilderWebsite><Subdivision Status="Active"><SubdivisionNumber>49173</SubdivisionNumber><SubdivisionName>Freedom Home Builders</SubdivisionName><BuildOnYourLot>0</BuildOnYourLot><SalesOffice><Address OutOfCommunity="0"><Street1>PO Box 373 Johnston, </Street1><City>Johnston</City><State>IA</State><ZIP>50131</ZIP></Address><Phone><AreaCode>515</AreaCode><Prefix>707</Prefix><Suffix>8343</Suffix></Phone><Email>scott@dynastypartners.com</Email></SalesOffice><SubDescription>From design to finish, our reputation is built on trust.  When you build your new custom home with Dynasty, you get the highest level of service, true custom design and unmatched construction quality.Building your dream home begins just like any other dream; with imagination and creativity.  Of course, bringing dreams to life requires more than just imagination.  It takes planning and hard work.  At Dynasty Partners we ask ourselves what kind of community do you dream to live in, how will your home look and how will it function for you and your family.  It is as important to us as it is to you which is why we are the premier custom home builder in Des Moines.</SubDescription><SubImage SequencePosition="1" Title="House1" ReferenceType="URL">https://static.wixstatic.com/media/6fbf59_0c47a39038d24ee3b1203bb90a84075e~mv2.jpg/v1/fill/w_1599,h_1057,al_c/6fbf59_0c47a39038d24ee3b1203bb90a84075e~mv2.jpg</SubImage><SubImage SequencePosition="2" Title="House1" ReferenceType="URL">https://scontent-iad3-1.cdninstagram.com/v/t51.29350-15/118187019_123806896095601_495590002224343888_n.jpg?_nc_cat=100&amp;_nc_sid=8ae9d6&amp;_nc_ohc=pPN2hKdt-vYAX-anVH3&amp;_nc_ht=scontent-iad3-1.cdninstagram.com&amp;oh=9230bc223704c9aede117a70dc8ad8c0&amp;oe=5F86AAC9</SubImage><SubImage SequencePosition="3" Title="House1" ReferenceType="URL">https://scontent-iad3-1.cdninstagram.com/v/t51.29350-15/118119127_607543199906384_1436856064726194414_n.jpg?_nc_cat=104&amp;_nc_sid=8ae9d6&amp;_nc_ohc=bCaxdgxXboAAX9_XSdf&amp;_nc_ht=scontent-iad3-1.cdninstagram.com&amp;oh=8bc1989ac67c5db8d1913ba84b436b00&amp;oe=5F87B071</SubImage><SubImage SequencePosition="4" Title="House1" ReferenceType="URL">https://scontent-iad3-1.cdninstagram.com/v/t51.29350-15/117931678_1470865016431871_4611913324519880080_n.jpg?_nc_cat=108&amp;_nc_sid=8ae9d6&amp;_nc_ohc=qd_srqGTkbEAX-L1v3b&amp;_nc_ht=scontent-iad3-1.cdninstagram.com&amp;oh=f6a2162c6a79db4d9604c89738845167&amp;oe=5F89B151</SubImage><SubImage SequencePosition="5" Title="House1" ReferenceType="URL">https://scontent-iad3-1.cdninstagram.com/v/t51.2885-15/97172852_237146234378120_2150597738507193509_n.jpg?_nc_cat=107&amp;_nc_sid=8ae9d6&amp;_nc_ohc=rvcSQAh4IZUAX_D_DQi&amp;_nc_ht=scontent-iad3-1.cdninstagram.com&amp;oh=74cc9e24393db847ba00eb52b52d6230&amp;oe=5F8A8557</SubImage><SubWebsite>https://www.dynastypartners.com/</SubWebsite></Subdivision></Builder></Corporation></Builders>