<Builders DateGenerated="2021-10-22T10:54:59"><Corporation><CorporateBuilderNumber>26407</CorporateBuilderNumber><CorporateState>FL</CorporateState><CorporateName>Eaglewood Homes, Inc.</CorporateName><Builder><BuilderNumber>31366</BuilderNumber><BrandName>Gifford &amp; Gifford Constr Inc</BrandName><BrandLogo_Med ReferenceType="URL">https://giffordandgifford.com/wp-content/uploads/2020/06/giffordhomes-new-logo.png</BrandLogo_Med><ReportingName>Gifford &amp; Gifford Constr Inc</ReportingName><DefaultLeadsEmail LeadsPerMessage="All">leads@thebdx.com</DefaultLeadsEmail><BuilderWebsite>https://www.eaglewood.com/</BuilderWebsite><Subdivision Status="Active"><SubdivisionNumber>31366</SubdivisionNumber><SubdivisionName>Gifford &amp; Gifford Constr Inc</SubdivisionName><BuildOnYourLot>0</BuildOnYourLot><SalesOffice><Address OutOfCommunity="0"><Street1>2490 E. GALA ST.</Street1><City>MERIDIAN</City><State>ID</State><ZIP>83642</ZIP></Address><Phone><AreaCode>208</AreaCode><Prefix>855</Prefix><Suffix>0502</Suffix></Phone><Email>info@eaglewood.com</Email></SalesOffice><SubDescription>With decades of experience and hundreds of homes under our belt, no one is more qualified to bring your dreams into reality than the experienced professionals at Eaglewood. Over the years we have assembled a team of skilled craftsmen and construction experts Ventura Kitchenthat take great pride in our reputation, building every component and detail of the home with precision. These professionals have proven themselves by consistently delivering the best product, so you can rest assured your new home meets the highest quality standards.</SubDescription><SubImage SequencePosition="1" Title="House1" ReferenceType="URL">https://www.eaglewood.com/images/banners/slider/monterey-master-meridian-idaho.jpg</SubImage><SubImage SequencePosition="2" Title="House1" ReferenceType="URL">https://www.eaglewood.com/images/banners/slider/clearwater-bath-boise.jpg</SubImage><SubImage SequencePosition="3" Title="House1" ReferenceType="URL">https://www.eaglewood.com/images/banners/slider/clearwater-exterior-boise.jpg</SubImage><SubWebsite>https://www.eaglewood.com/</SubWebsite></Subdivision></Builder></Corporation></Builders>