<Builders DateGenerated="2021-10-22T10:55:54"><Corporation><CorporateBuilderNumber>27151</CorporateBuilderNumber><CorporateState>MN</CorporateState><CorporateName>Hamlet Homes</CorporateName><Builder><BuilderNumber>27674</BuilderNumber><BrandName>Greg J Homes</BrandName><BrandLogo_Med ReferenceType="URL">http://nebula.wsimg.com/f9d494734adf620d70fe4b3fade77511?AccessKeyId=3279E8EB42714C27633E&amp;disposition=0&amp;alloworigin=1</BrandLogo_Med><ReportingName>Greg J Homes</ReportingName><DefaultLeadsEmail LeadsPerMessage="All">leads@thebdx.com</DefaultLeadsEmail><BuilderWebsite>https://hamlet-homes.com/</BuilderWebsite><Subdivision Status="Active"><SubdivisionNumber>27674</SubdivisionNumber><SubdivisionName>Greg J Homes</SubdivisionName><BuildOnYourLot>0</BuildOnYourLot><SalesOffice><Address OutOfCommunity="0"><Street1>84 4800 S # 200</Street1><City>Murray</City><State>UT</State><ZIP>84107</ZIP></Address><Phone><AreaCode>540</AreaCode><Prefix>207</Prefix><Suffix>4609</Suffix></Phone><Email>LiveNew@HamletHomes.org</Email></SalesOffice><SubDescription> now building in waterfront communities in awesome  Colonial Beach ~ See why Home can mean Living!  Please come take a stroll on the beach &amp; arrive home to Happy! Life is grand year 'round here! Waterfront restaurants, live bands &amp; entertainment, beaches, boating &amp; fishing tournaments, playgrounds, parks, picnics &amp; parades, casino, car shows &amp; crafts ~ it's all here to love in Colonial Beach!.delivering new homes as well in Ladysmith: Lake Caroline &amp;Lake Landor lakefront communities ~ Enjoy watersports, tennis courts, clubhouse, exercise facilities, basketball, hiking, picnics and playgrounds, large outdoor swimming pools, and lake beaches to love! ~  it's all here in these immaculately kept gated communities close to Richmond or Fredericksburg!</SubDescription><SubImage SequencePosition="1" Title="House1" ReferenceType="URL">https://img1.wsimg.com/isteam/ip/f8822720-46af-4471-b629-5ee25e4b7151/be3a15d5-7f4c-44ba-9cc6-b757597d504b.png/:/rs=h:500,cg:true,m</SubImage><SubImage SequencePosition="2" Title="House1" ReferenceType="URL">https://img1.wsimg.com/isteam/ip/f8822720-46af-4471-b629-5ee25e4b7151/966924e8-eed7-4ac0-a9ff-2489a489bb68.jpg/:/rs=w:388,h:194,cg:true,m/cr=w:388,h:194</SubImage><SubImage SequencePosition="3" Title="House1" ReferenceType="URL">https://img1.wsimg.com/isteam/ip/f8822720-46af-4471-b629-5ee25e4b7151/0cc58dcf-4b0f-45e0-804a-e1006e0019cc.jpg/:/rs=w:388,h:194,cg:true,m/cr=w:388,h:194</SubImage><SubImage SequencePosition="4" Title="House1" ReferenceType="URL">https://img1.wsimg.com/isteam/ip/f8822720-46af-4471-b629-5ee25e4b7151/bcae31ac-d026-4cee-87b0-0ba981f3fa55.jpg/:/rs=w:388,h:194,cg:true,m/cr=w:388,h:194</SubImage><SubImage SequencePosition="5" Title="House1" ReferenceType="URL">https://img1.wsimg.com/isteam/ip/f8822720-46af-4471-b629-5ee25e4b7151/eca6f72b-aa31-4593-aec6-ddf3596207f0.jpg/:/cr=t:40.16%25,l:0%25,w:100%25,h:58.32%25/rs=w:388,h:194,cg:true</SubImage><SubImage SequencePosition="6" Title="House1" ReferenceType="URL">https://img1.wsimg.com/isteam/ip/f8822720-46af-4471-b629-5ee25e4b7151/088be5a7-ad28-42a2-bb8e-d8a663213db2.jpg/:/cr=t:2.83%25,l:0%25,w:100%25,h:94.34%25/rs=w:388,h:194,cg:true</SubImage><SubImage SequencePosition="7" Title="House1" ReferenceType="URL">https://img1.wsimg.com/isteam/ip/f8822720-46af-4471-b629-5ee25e4b7151/2c8e489d-277e-4b09-a5a7-2a3eadc57136.jpg/:/cr=t:15.63%25,l:0%25,w:94.11%25,h:67.57%25/rs=w:388,h:194,cg:true,m</SubImage><SubImage SequencePosition="8" Title="House1" ReferenceType="URL">https://img1.wsimg.com/isteam/ip/f8822720-46af-4471-b629-5ee25e4b7151/79b0d952-464d-4c39-8ff5-49f2a9601019.jpg/:/rs=w:365,h:365,cg:true,m/cr=w:365,h:365</SubImage><SubImage SequencePosition="9" Title="House1" ReferenceType="URL">https://img1.wsimg.com/isteam/ip/f8822720-46af-4471-b629-5ee25e4b7151/6e33c569-e0e6-4be9-b708-b4db8865658d.jpg/:/cr=t:12.21%25,l:13.52%25,w:73.15%25,h:76.92%25/rs=w:365,h:365,cg:true,m</SubImage><SubWebsite>https://hamlet-homes.com/</SubWebsite></Subdivision></Builder></Corporation></Builders>