<Builders DateGenerated="2021-10-22T10:54:59"><Corporation><CorporateBuilderNumber>51498</CorporateBuilderNumber><CorporateState>CA</CorporateState><CorporateName>Hadley Home Builders, Inc.</CorporateName><Builder><BuilderNumber>52931</BuilderNumber><BrandName>Haldeman Homes</BrandName><BrandLogo_Med ReferenceType="URL">http://static1.squarespace.com/static/54eac5fae4b0feaa47752295/t/5d02b6fab03e2900017b0af1/1593204598415/?format=1500w</BrandLogo_Med><ReportingName>Haldeman Homes</ReportingName><DefaultLeadsEmail LeadsPerMessage="All">leads@thebdx.com</DefaultLeadsEmail><BuilderWebsite>http://www.hadleyhomebuilder.com/</BuilderWebsite><Subdivision Status="Active"><SubdivisionNumber>52931</SubdivisionNumber><SubdivisionName>Haldeman Homes</SubdivisionName><BuildOnYourLot>0</BuildOnYourLot><SalesOffice><Address OutOfCommunity="0"><Street1>56861 Grand River Ave. P.O. Box 328</Street1><City>New Hudson</City><State>MI</State><ZIP>48165</ZIP></Address><Phone><AreaCode>248</AreaCode><Prefix>437</Prefix><Suffix>1728</Suffix></Phone><Email>info@hadleyhomebuilder.com</Email></SalesOffice><SubDescription>Hadley Home Builders, Inc. is a locally owned and operated residential construction company specializing in new construction. We are small enough for the personal touch and large enough for you to be confident the work will be done in a timely and professional manner. Our number one priority is our customer's satisfaction and we achieve that through quality craftsmanship and first class service.</SubDescription><SubImage SequencePosition="1" Title="House1" ReferenceType="URL">http://www.hadleyhomebuilder.com/images/pages/gallery/hadley_homes_0371.jpg</SubImage><SubImage SequencePosition="2" Title="House1" ReferenceType="URL">http://www.hadleyhomebuilder.com/images/pages/gallery/hadley_homes_0377.jpg</SubImage><SubImage SequencePosition="3" Title="House1" ReferenceType="URL">http://www.hadleyhomebuilder.com/images/pages/gallery/hadley_homes_0381.jpg</SubImage><SubImage SequencePosition="4" Title="House1" ReferenceType="URL">http://www.hadleyhomebuilder.com/images/pages/gallery/hadley_homes_0383.jpg</SubImage><SubImage SequencePosition="5" Title="House1" ReferenceType="URL">http://www.hadleyhomebuilder.com/images/pages/gallery/hadley_homes_0385.jpg</SubImage><SubImage SequencePosition="6" Title="House1" ReferenceType="URL">http://www.hadleyhomebuilder.com/images/pages/gallery/hadley_homes_6829.jpg</SubImage><SubImage SequencePosition="7" Title="House1" ReferenceType="URL">http://www.hadleyhomebuilder.com/images/pages/gallery/hadley_homes_6835.jpg</SubImage><SubImage SequencePosition="8" Title="House1" ReferenceType="URL">http://www.hadleyhomebuilder.com/images/pages/gallery/hadley_homes_6837.jpg</SubImage><SubImage SequencePosition="9" Title="House1" ReferenceType="URL">http://www.hadleyhomebuilder.com/images/pages/gallery/hadley_homes_6876.jpg</SubImage><SubImage SequencePosition="10" Title="House1" ReferenceType="URL">http://www.hadleyhomebuilder.com/images/pages/gallery/hadley_homes_0017.jpg</SubImage><SubImage SequencePosition="11" Title="House1" ReferenceType="URL">http://www.hadleyhomebuilder.com/images/pages/gallery/hadley_homes_0019.jpg</SubImage><SubImage SequencePosition="12" Title="House1" ReferenceType="URL">http://www.hadleyhomebuilder.com/images/pages/gallery/hadley_homes_0021.jpg</SubImage><SubImage SequencePosition="13" Title="House1" ReferenceType="URL">http://www.hadleyhomebuilder.com/images/pages/gallery/hadley_homes_0022.jpg</SubImage><SubImage SequencePosition="14" Title="House1" ReferenceType="URL">http://www.hadleyhomebuilder.com/images/pages/gallery/hadley_homes_burkhalted-001.jpg</SubImage><SubImage SequencePosition="15" Title="House1" ReferenceType="URL">http://www.hadleyhomebuilder.com/images/pages/gallery/hadley_homes_burkhalted-002.jpg</SubImage><SubImage SequencePosition="16" Title="House1" ReferenceType="URL">http://www.hadleyhomebuilder.com/images/pages/gallery/hadley_homes_burkhalted-003.jpg</SubImage><SubImage SequencePosition="17" Title="House1" ReferenceType="URL">http://www.hadleyhomebuilder.com/images/pages/gallery/hadley_homes_burkhalted-004.jpg</SubImage><SubImage SequencePosition="18" Title="House1" ReferenceType="URL">http://www.hadleyhomebuilder.com/images/pages/gallery/hadley_homes_burkhalted-005.jpg</SubImage><SubImage SequencePosition="19" Title="House1" ReferenceType="URL">http://www.hadleyhomebuilder.com/images/pages/gallery/hadley_homes_burkhalted-006.jpg</SubImage><SubImage SequencePosition="20" Title="House1" ReferenceType="URL">http://www.hadleyhomebuilder.com/images/pages/gallery/hadley_homes_burkhalted-007.jpg</SubImage><SubImage SequencePosition="21" Title="House1" ReferenceType="URL">http://www.hadleyhomebuilder.com/images/pages/gallery/hadley_homes_burkhalted-008.jpg</SubImage><SubImage SequencePosition="22" Title="House1" ReferenceType="URL">http://www.hadleyhomebuilder.com/images/pages/gallery/hadley_homes_burkhalted-009.jpg</SubImage><SubImage SequencePosition="23" Title="House1" ReferenceType="URL">http://www.hadleyhomebuilder.com/images/pages/gallery/hadley_homes_burkhalted-010.jpg</SubImage><SubImage SequencePosition="24" Title="House1" ReferenceType="URL">http://www.hadleyhomebuilder.com/images/pages/gallery/hadley_homes_burkhalted-011.jpg</SubImage><SubWebsite>http://www.hadleyhomebuilder.com/</SubWebsite><Plan Type="SingleFamily"><PlanNumber>478381537338831623499159855600</PlanNumber><PlanName>The Northport II</PlanName><PlanNotAvailable>0</PlanNotAvailable><PlanTypeName>Single Family</PlanTypeName><BasePrice>0.00</BasePrice><BaseSqft>2710</BaseSqft><Baths>2</Baths><HalfBaths>1</HalfBaths><Bedrooms MasterBedLocation="Down">4</Bedrooms><Garage>0.0</Garage><Description>We&#8217;re the Custom Home Builder dedicated to your complete satisfaction. Hadley Home Builders, Inc. is a locally owned and operated residential construction company specializing in new construction. We are small enough for the personal touch and large enough for you to be confident the work will be done in a timely and professional manner. Our number one priority is our customer's satisfaction and we achieve that through quality craftsmanship and first class service.</Description><PlanImages><ElevationImage SequencePosition="1" ReferenceType="URL">http://www.hadleyhomebuilder.com/images/plans/Northport-Three.jpg</ElevationImage><ElevationImage SequencePosition="2" ReferenceType="URL">http://www.hadleyhomebuilder.com/images/plans/Northport-One-b.jpg</ElevationImage><ElevationImage SequencePosition="3" ReferenceType="URL">http://www.hadleyhomebuilder.com/images/plans/Northport-One.jpg</ElevationImage><ElevationImage SequencePosition="4" ReferenceType="URL">http://www.hadleyhomebuilder.com/images/plans/Northport-One-c.jpg</ElevationImage><ElevationImage SequencePosition="5" ReferenceType="URL">http://www.hadleyhomebuilder.com/images/plans/Northport-Two-floorplan.jpg</ElevationImage></PlanImages><PlanWebsite>http://www.hadleyhomebuilder.com/index.php?option=com_content&amp;view=article&amp;id=37&amp;Itemid=240</PlanWebsite></Plan><Plan Type="SingleFamily"><PlanNumber>974654394294151709673677432504</PlanNumber><PlanName>The Petoskey</PlanName><PlanNotAvailable>0</PlanNotAvailable><PlanTypeName>Single Family</PlanTypeName><BasePrice>0.00</BasePrice><BaseSqft>2250</BaseSqft><Baths>2</Baths><HalfBaths>1</HalfBaths><Bedrooms MasterBedLocation="Down">4</Bedrooms><Garage>0.0</Garage><Description>We&#8217;re the Custom Home Builder dedicated to your complete satisfaction. Hadley Home Builders, Inc. is a locally owned and operated residential construction company specializing in new construction. We are small enough for the personal touch and large enough for you to be confident the work will be done in a timely and professional manner. Our number one priority is our customer's satisfaction and we achieve that through quality craftsmanship and first class service.</Description><PlanImages><ElevationImage SequencePosition="1" ReferenceType="URL">http://www.hadleyhomebuilder.com/images/plans/Petoskey.jpg</ElevationImage><ElevationImage SequencePosition="2" ReferenceType="URL">http://www.hadleyhomebuilder.com/images/plans/Petoskey-a.jpg</ElevationImage><ElevationImage SequencePosition="3" ReferenceType="URL">http://www.hadleyhomebuilder.com/images/plans/Petoskey-b.jpg</ElevationImage><ElevationImage SequencePosition="4" ReferenceType="URL">http://www.hadleyhomebuilder.com/images/plans/Petoskey-floorplan.jpg</ElevationImage></PlanImages><PlanWebsite>http://www.hadleyhomebuilder.com/index.php?option=com_content&amp;view=article&amp;id=33&amp;Itemid=237</PlanWebsite></Plan><Plan Type="SingleFamily"><PlanNumber>873557140178943100726414641309</PlanNumber><PlanName>The Lexington</PlanName><PlanNotAvailable>0</PlanNotAvailable><PlanTypeName>Single Family</PlanTypeName><BasePrice>0.00</BasePrice><BaseSqft>1643</BaseSqft><Baths>2</Baths><HalfBaths>0</HalfBaths><Bedrooms MasterBedLocation="Down">3</Bedrooms><Garage>0.0</Garage><Description>For Kitchen, Master Bath, Sunroom and all other options available, see sales person. 4 bedroom plan available starting at 2200 s.f. see salesperson.</Description><PlanImages><ElevationImage SequencePosition="1" ReferenceType="URL">http://www.hadleyhomebuilder.com/images/plans/lexington.jpg</ElevationImage><ElevationImage SequencePosition="2" ReferenceType="URL">http://www.hadleyhomebuilder.com/images/plans/lexington-a.jpg</ElevationImage><ElevationImage SequencePosition="3" ReferenceType="URL">http://www.hadleyhomebuilder.com/images/plans/lexington.jpg</ElevationImage><ElevationImage SequencePosition="4" ReferenceType="URL">http://www.hadleyhomebuilder.com/images/plans/lexington-b.jpg</ElevationImage><ElevationImage SequencePosition="5" ReferenceType="URL">http://www.hadleyhomebuilder.com/images/plans/lexington-floorplan.jpg</ElevationImage></PlanImages><PlanWebsite>http://www.hadleyhomebuilder.com/index.php?option=com_content&amp;view=article&amp;id=42&amp;Itemid=246</PlanWebsite></Plan><Plan Type="SingleFamily"><PlanNumber>663518202665632930139237856408</PlanNumber><PlanName>The Pentwater</PlanName><PlanNotAvailable>0</PlanNotAvailable><PlanTypeName>Single Family</PlanTypeName><BasePrice>0.00</BasePrice><BaseSqft>2537</BaseSqft><Baths>2</Baths><HalfBaths>1</HalfBaths><Bedrooms MasterBedLocation="Down">4</Bedrooms><Garage>3.0</Garage><Description>We&#8217;re the Custom Home Builder dedicated to your complete satisfaction. Hadley Home Builders, Inc. is a locally owned and operated residential construction company specializing in new construction. We are small enough for the personal touch and large enough for you to be confident the work will be done in a timely and professional manner. Our number one priority is our customer's satisfaction and we achieve that through quality craftsmanship and first class service.</Description><PlanImages><ElevationImage SequencePosition="1" ReferenceType="URL">http://www.hadleyhomebuilder.com/images/plans/Pentwater.jpg</ElevationImage><ElevationImage SequencePosition="2" ReferenceType="URL">http://www.hadleyhomebuilder.com/images/plans/Pentwater-a.jpg</ElevationImage><ElevationImage SequencePosition="3" ReferenceType="URL">http://www.hadleyhomebuilder.com/images/plans/Pentwater-b.jpg</ElevationImage><ElevationImage SequencePosition="4" ReferenceType="URL">http://www.hadleyhomebuilder.com/images/plans/Pentwater-floorplan.jpg</ElevationImage></PlanImages><PlanWebsite>http://www.hadleyhomebuilder.com/index.php?option=com_content&amp;view=article&amp;id=34&amp;Itemid=238</PlanWebsite></Plan><Plan Type="SingleFamily"><PlanNumber>181890241317761495770301065403</PlanNumber><PlanName>The Northport I</PlanName><PlanNotAvailable>0</PlanNotAvailable><PlanTypeName>Single Family</PlanTypeName><BasePrice>0.00</BasePrice><BaseSqft>2610</BaseSqft><Baths>2</Baths><HalfBaths>1</HalfBaths><Bedrooms MasterBedLocation="Down">4</Bedrooms><Garage>0.0</Garage><Description>We&#8217;re the Custom Home Builder dedicated to your complete satisfaction. Hadley Home Builders, Inc. is a locally owned and operated residential construction company specializing in new construction. We are small enough for the personal touch and large enough for you to be confident the work will be done in a timely and professional manner. Our number one priority is our customer's satisfaction and we achieve that through quality craftsmanship and first class service.</Description><PlanImages><ElevationImage SequencePosition="1" ReferenceType="URL">http://www.hadleyhomebuilder.com/images/plans/Northport-Three.jpg</ElevationImage><ElevationImage SequencePosition="2" ReferenceType="URL">http://www.hadleyhomebuilder.com/images/plans/Northport-One-a.jpg</ElevationImage><ElevationImage SequencePosition="3" ReferenceType="URL">http://www.hadleyhomebuilder.com/images/plans/Northport-One-b.jpg</ElevationImage><ElevationImage SequencePosition="4" ReferenceType="URL">http://www.hadleyhomebuilder.com/images/plans/Northport-One-c.jpg</ElevationImage><ElevationImage SequencePosition="5" ReferenceType="URL">http://www.hadleyhomebuilder.com/images/plans/Northport-One-floorplan.jpg</ElevationImage></PlanImages><PlanWebsite>http://www.hadleyhomebuilder.com/index.php?option=com_content&amp;view=article&amp;id=38&amp;Itemid=241</PlanWebsite></Plan><Plan Type="SingleFamily"><PlanNumber>275685704795077694773896478838</PlanNumber><PlanName>The Marquette</PlanName><PlanNotAvailable>0</PlanNotAvailable><PlanTypeName>Single Family</PlanTypeName><BasePrice>0.00</BasePrice><BaseSqft>2185</BaseSqft><Baths>2</Baths><HalfBaths>1</HalfBaths><Bedrooms MasterBedLocation="Down">4</Bedrooms><Garage>0.0</Garage><Description>We&#8217;re the Custom Home Builder dedicated to your complete satisfaction. Hadley Home Builders, Inc. is a locally owned and operated residential construction company specializing in new construction. We are small enough for the personal touch and large enough for you to be confident the work will be done in a timely and professional manner. Our number one priority is our customer's satisfaction and we achieve that through quality craftsmanship and first class service.</Description><PlanImages><ElevationImage SequencePosition="1" ReferenceType="URL">http://www.hadleyhomebuilder.com/images/plans/Marquette.jpg</ElevationImage><ElevationImage SequencePosition="2" ReferenceType="URL">http://www.hadleyhomebuilder.com/images/plans/Marquette-A.jpg</ElevationImage><ElevationImage SequencePosition="3" ReferenceType="URL">http://www.hadleyhomebuilder.com/images/plans/Marquette-B.jpg</ElevationImage><ElevationImage SequencePosition="4" ReferenceType="URL">http://www.hadleyhomebuilder.com/images/plans/Marquette.jpg</ElevationImage><ElevationImage SequencePosition="5" ReferenceType="URL">http://www.hadleyhomebuilder.com/images/plans/Marquette-Floorplan.jpg</ElevationImage></PlanImages><PlanWebsite>http://www.hadleyhomebuilder.com/index.php?option=com_content&amp;view=article&amp;id=47</PlanWebsite></Plan><Plan Type="SingleFamily"><PlanNumber>421103836961946810314840768051</PlanNumber><PlanName>The Lakeside</PlanName><PlanNotAvailable>0</PlanNotAvailable><PlanTypeName>Single Family</PlanTypeName><BasePrice>0.00</BasePrice><BaseSqft>3080</BaseSqft><Baths>2</Baths><HalfBaths>1</HalfBaths><Bedrooms MasterBedLocation="Down">4</Bedrooms><Garage>0.0</Garage><Description>We&#8217;re the Custom Home Builder dedicated to your complete satisfaction. Hadley Home Builders, Inc. is a locally owned and operated residential construction company specializing in new construction. We are small enough for the personal touch and large enough for you to be confident the work will be done in a timely and professional manner. Our number one priority is our customer's satisfaction and we achieve that through quality craftsmanship and first class service.</Description><PlanImages><ElevationImage SequencePosition="1" ReferenceType="URL">http://www.hadleyhomebuilder.com/images/plans/Lakeside.jpg</ElevationImage><ElevationImage SequencePosition="2" ReferenceType="URL">http://www.hadleyhomebuilder.com/images/plans/Lakeside-a.jpg</ElevationImage><ElevationImage SequencePosition="3" ReferenceType="URL">http://www.hadleyhomebuilder.com/images/plans/Lakeside.jpg</ElevationImage><ElevationImage SequencePosition="4" ReferenceType="URL">http://www.hadleyhomebuilder.com/images/plans/Lakeside-floorplan.jpg</ElevationImage></PlanImages><PlanWebsite>http://www.hadleyhomebuilder.com/index.php?option=com_content&amp;view=article&amp;id=39&amp;Itemid=249</PlanWebsite></Plan><Plan Type="SingleFamily"><PlanNumber>933599582241848207783417826543</PlanNumber><PlanName>The Charlevoix</PlanName><PlanNotAvailable>0</PlanNotAvailable><PlanTypeName>Single Family</PlanTypeName><BasePrice>0.00</BasePrice><BaseSqft>2236</BaseSqft><Baths>2</Baths><HalfBaths>1</HalfBaths><Bedrooms MasterBedLocation="Down">4</Bedrooms><Garage>3.0</Garage><Description>We&#8217;re the Custom Home Builder dedicated to your complete satisfaction. Hadley Home Builders, Inc. is a locally owned and operated residential construction company specializing in new construction. We are small enough for the personal touch and large enough for you to be confident the work will be done in a timely and professional manner. Our number one priority is our customer's satisfaction and we achieve that through quality craftsmanship and first class service.</Description><PlanImages><ElevationImage SequencePosition="1" ReferenceType="URL">http://www.hadleyhomebuilder.com/images/plans/Charlevoix.jpg</ElevationImage><ElevationImage SequencePosition="2" ReferenceType="URL">http://www.hadleyhomebuilder.com/images/plans/Charlevoix-a.jpg</ElevationImage><ElevationImage SequencePosition="3" ReferenceType="URL">http://www.hadleyhomebuilder.com/images/plans/Charlevoix-b.jpg</ElevationImage><ElevationImage SequencePosition="4" ReferenceType="URL">http://www.hadleyhomebuilder.com/images/plans/Charlevoix.jpg</ElevationImage><ElevationImage SequencePosition="5" ReferenceType="URL">http://www.hadleyhomebuilder.com/images/plans/Charlevoix-floorplan.jpg</ElevationImage></PlanImages><PlanWebsite>http://www.hadleyhomebuilder.com/index.php?option=com_content&amp;view=article&amp;id=41&amp;Itemid=247</PlanWebsite></Plan><Plan Type="SingleFamily"><PlanNumber>898259354327858694820223211598</PlanNumber><PlanName>The Northport III</PlanName><PlanNotAvailable>0</PlanNotAvailable><PlanTypeName>Single Family</PlanTypeName><BasePrice>0.00</BasePrice><BaseSqft>2765</BaseSqft><Baths>2</Baths><HalfBaths>1</HalfBaths><Bedrooms MasterBedLocation="Down">4</Bedrooms><Garage>0.0</Garage><Description>We&#8217;re the Custom Home Builder dedicated to your complete satisfaction. Hadley Home Builders, Inc. is a locally owned and operated residential construction company specializing in new construction. We are small enough for the personal touch and large enough for you to be confident the work will be done in a timely and professional manner. Our number one priority is our customer's satisfaction and we achieve that through quality craftsmanship and first class service.</Description><PlanImages><ElevationImage SequencePosition="1" ReferenceType="URL">http://www.hadleyhomebuilder.com/images/plans/Northport-Three.jpg</ElevationImage><ElevationImage SequencePosition="2" ReferenceType="URL">http://www.hadleyhomebuilder.com/images/plans/Northport-One-b.jpg</ElevationImage><ElevationImage SequencePosition="3" ReferenceType="URL">http://www.hadleyhomebuilder.com/images/plans/Northport-One.jpg</ElevationImage><ElevationImage SequencePosition="4" ReferenceType="URL">http://www.hadleyhomebuilder.com/images/plans/Northport-One-c.jpg</ElevationImage><ElevationImage SequencePosition="5" ReferenceType="URL">http://www.hadleyhomebuilder.com/images/plans/Northport-Three-floorplan.jpg</ElevationImage></PlanImages><PlanWebsite>http://www.hadleyhomebuilder.com/index.php?option=com_content&amp;view=article&amp;id=36&amp;Itemid=239</PlanWebsite></Plan><Plan Type="SingleFamily"><PlanNumber>789808302407261854175432780558</PlanNumber><PlanName>The Grand Haven</PlanName><PlanNotAvailable>0</PlanNotAvailable><PlanTypeName>Single Family</PlanTypeName><BasePrice>0.00</BasePrice><BaseSqft>2900</BaseSqft><Baths>2</Baths><HalfBaths>1</HalfBaths><Bedrooms MasterBedLocation="Down">4</Bedrooms><Garage>3.0</Garage><Description>We&#8217;re the Custom Home Builder dedicated to your complete satisfaction. Hadley Home Builders, Inc. is a locally owned and operated residential construction company specializing in new construction. We are small enough for the personal touch and large enough for you to be confident the work will be done in a timely and professional manner. Our number one priority is our customer's satisfaction and we achieve that through quality craftsmanship and first class service.</Description><PlanImages><ElevationImage SequencePosition="1" ReferenceType="URL">http://www.hadleyhomebuilder.com/images/plans/Northport-Three.jpg</ElevationImage><ElevationImage SequencePosition="2" ReferenceType="URL">http://www.hadleyhomebuilder.com/images/plans/Grand-Haven-a.jpg</ElevationImage><ElevationImage SequencePosition="3" ReferenceType="URL">http://www.hadleyhomebuilder.com/images/plans/Grand-Haven-b.jpg</ElevationImage><ElevationImage SequencePosition="4" ReferenceType="URL">http://www.hadleyhomebuilder.com/images/plans/Grand-Haven.jpg</ElevationImage><ElevationImage SequencePosition="5" ReferenceType="URL">http://www.hadleyhomebuilder.com/images/plans/Grand-Haven-floorplan.jpg</ElevationImage></PlanImages><PlanWebsite>http://www.hadleyhomebuilder.com/index.php?option=com_content&amp;view=article&amp;id=40&amp;Itemid=248</PlanWebsite></Plan><Plan Type="SingleFamily"><PlanNumber>607870975242405833612549574886</PlanNumber><PlanName>The Lakeport</PlanName><PlanNotAvailable>0</PlanNotAvailable><PlanTypeName>Single Family</PlanTypeName><BasePrice>0.00</BasePrice><BaseSqft>2020</BaseSqft><Baths>2</Baths><HalfBaths>1</HalfBaths><Bedrooms MasterBedLocation="Down">3</Bedrooms><Garage>0.0</Garage><Description>We&#8217;re the Custom Home Builder dedicated to your complete satisfaction. Hadley Home Builders, Inc. is a locally owned and operated residential construction company specializing in new construction. We are small enough for the personal touch and large enough for you to be confident the work will be done in a timely and professional manner. Our number one priority is our customer's satisfaction and we achieve that through quality craftsmanship and first class service.</Description><PlanImages><ElevationImage SequencePosition="1" ReferenceType="URL">http://www.hadleyhomebuilder.com/images/plans/Lakeport-01-hadley.jpg</ElevationImage><ElevationImage SequencePosition="2" ReferenceType="URL">http://www.hadleyhomebuilder.com/images/plans/Lakeport-a.jpg</ElevationImage><ElevationImage SequencePosition="3" ReferenceType="URL">http://www.hadleyhomebuilder.com/images/plans/Lakeport-02-layout-hadley.jpg</ElevationImage></PlanImages><PlanWebsite>http://www.hadleyhomebuilder.com/index.php?option=com_content&amp;view=article&amp;id=46</PlanWebsite></Plan></Subdivision></Builder></Corporation></Builders>