<Builders DateGenerated="2021-10-22T10:56:02"><Corporation><CorporateBuilderNumber>27591</CorporateBuilderNumber><CorporateState>OH</CorporateState><CorporateName>Harbor Homes Inc</CorporateName><Builder><BuilderNumber>27844</BuilderNumber><BrandName>Hal Homes</BrandName><BrandLogo_Med ReferenceType="URL">http://www.halhomes.com/wp-content/uploads/2017/02/hal-homes-logo.png</BrandLogo_Med><ReportingName>Hal Homes</ReportingName><DefaultLeadsEmail LeadsPerMessage="All">leads@thebdx.com</DefaultLeadsEmail><BuilderWebsite>harborhomes.net</BuilderWebsite><Subdivision Status="Active"><SubdivisionNumber>27844</SubdivisionNumber><SubdivisionName>Hal Homes</SubdivisionName><BuildOnYourLot>0</BuildOnYourLot><SalesOffice><Address OutOfCommunity="0"><Street1>480 Merchant Dr</Street1><City>Norman</City><State>OK</State><ZIP>73069</ZIP></Address><Phone><AreaCode>405</AreaCode><Prefix>790</Prefix><Suffix>0629</Suffix></Phone></SalesOffice><SubDescription>Harbor Homes is a family owned custom new home builder.  The company started in 1997.Harbor Homes has one of the finest corporate office among all builders in the Oklahoma City metro with a state of the art custom design center.Harbor Homes is an industry leader and well respected among our peers, banks, and developers.Harbor Homes has been in business for 23 years and built over 700 homes for Oklahoma families. We received the award as &#8220;2015 Best Home Builder in Oklahoma&#8221;.  We have been a top builder in the Oklahoma City area since 1998 as recorded by the Journal Record.  We received the Excellence in manufacturing award in 2013.  Harbor Homes is a member of the BASCO and also a member of the Better Business Bureau and has maintained an A+ rating since joining the BBB in 2005.</SubDescription><SubImage SequencePosition="1" Title="House1" ReferenceType="URL">https://harborhomes.net//files/homepage/565b656ec6c61f5091dead7869595714.webp</SubImage><SubImage SequencePosition="2" Title="House1" ReferenceType="URL">https://harborhomes.net//files/homepage/907201e1368acc7d65a1f8ffe1b3ca69.jpeg</SubImage><SubImage SequencePosition="3" Title="House1" ReferenceType="URL">https://harborhomes.net//files/homepage/2a5f32d130b803292b9b8be622bfdda0.jpg</SubImage><SubImage SequencePosition="4" Title="House1" ReferenceType="URL">https://harborhomes.net//files/homepage/ac30ba888870fa2eb5f727fb3777ea43.jpg</SubImage><SubImage SequencePosition="5" Title="House1" ReferenceType="URL">https://harborhomes.net//files/homepage/9b2eddb7a94cf05a9a4871d9976a29fc.jpg</SubImage><SubImage SequencePosition="6" Title="House1" ReferenceType="URL">https://harborhomes.net//files/homepage/cbae3de739d6ac0cee0e13067f02a6b4.jpg</SubImage><SubWebsite>harborhomes.net</SubWebsite></Subdivision></Builder></Corporation></Builders>