<Builders DateGenerated="2021-10-22T10:56:45"><Corporation><CorporateBuilderNumber>27811</CorporateBuilderNumber><CorporateState>FL</CorporateState><CorporateName>Harding Homes</CorporateName><Builder><BuilderNumber>49295</BuilderNumber><BrandName>Hansen Homes</BrandName><BrandLogo_Med ReferenceType="URL">https://www.hansenhomes.net/img/logo.png</BrandLogo_Med><ReportingName>Hansen Homes</ReportingName><DefaultLeadsEmail LeadsPerMessage="All">leads@thebdx.com</DefaultLeadsEmail><BuilderWebsite>http://www.hardinghomes.net/</BuilderWebsite><Subdivision Status="Active"><SubdivisionNumber>49295</SubdivisionNumber><SubdivisionName>Hansen Homes</SubdivisionName><BuildOnYourLot>0</BuildOnYourLot><SalesOffice><Address OutOfCommunity="0"><Street1>P.O. Box 565</Street1><City>DeSoto</City><State>KS</State><ZIP>66018</ZIP></Address><Phone><AreaCode>913</AreaCode><Prefix>583</Prefix><Suffix>3733</Suffix></Phone><Email>info@hardinghomes.net</Email></SalesOffice><SubDescription>Quality and reputation is what Harding Homes is all about. Harding Homes has been building custom homes in Johnson County Kansas for over 10 years and we pride ourselves in making your dream home a reality. We are a family owned &#8220;hands on&#8221; business that emphasizes integrity and honesty in every aspect of our work. Customer satisfaction is our #1 goal as we combine style with function to provide you with a quality home you love!</SubDescription><SubImage SequencePosition="1" Title="House1" ReferenceType="URL">https://hardinghomes.net/wp-content/uploads/logo-300x163.png</SubImage><SubImage SequencePosition="2" Title="House1" ReferenceType="URL">https://hardinghomes.net/wp-content/uploads/logo-300x163.png</SubImage><SubImage SequencePosition="9" Title="House1" ReferenceType="URL">https://hardinghomes.net/wp-content/uploads/4509-Brownridge-Front-II.jpg</SubImage><SubImage SequencePosition="10" Title="House1" ReferenceType="URL">https://hardinghomes.net/wp-content/uploads/Monterrey-Lower-Level.jpeg</SubImage><SubImage SequencePosition="11" Title="House1" ReferenceType="URL">https://hardinghomes.net/wp-content/uploads/34462-W-82nd-St-De-Soto-46.jpg</SubImage><SubWebsite>http://www.hardinghomes.net/</SubWebsite><Plan Type="SingleFamily"><PlanNumber>508677188610740808428608847625</PlanNumber><PlanName>Maple</PlanName><PlanNotAvailable>0</PlanNotAvailable><PlanTypeName>Single Family</PlanTypeName><BasePrice>0.00</BasePrice><BaseSqft>2506</BaseSqft><Baths>3</Baths><HalfBaths>0</HalfBaths><Bedrooms MasterBedLocation="Down">4</Bedrooms><Garage>0.0</Garage><Description>The Maple isReverse 1 &#189; Story Plan with2,506totalSq. Ft;1,574 Sq. Ft. on the Main Level and 932 Sq. Ft. on the Lower Level. The Maple features4 Bedrooms and 3 Baths.</Description><PlanImages><ElevationImage SequencePosition="1" ReferenceType="URL">https://hardinghomes.net/wp-content/uploads/Harding-Maple-Main.jpg</ElevationImage><ElevationImage SequencePosition="2" ReferenceType="URL">https://hardinghomes.net/wp-content/uploads/Harding-Maple-Lower.jpg</ElevationImage></PlanImages><PlanWebsite>https://hardinghomes.net/properties/maple/</PlanWebsite></Plan><Plan Type="SingleFamily"><PlanNumber>538491125073025089168097426998</PlanNumber><PlanName>Monterey I</PlanName><PlanNotAvailable>0</PlanNotAvailable><PlanTypeName>Single Family</PlanTypeName><BasePrice>0.00</BasePrice><BaseSqft>2218</BaseSqft><Baths>2</Baths><HalfBaths>1</HalfBaths><Bedrooms MasterBedLocation="Down">3</Bedrooms><Garage>0.0</Garage><Description>Monterey I is a1 &#189; Story Plan with2,218total square feetand a1,160 square feet Lower Level option. The plan features3 Bedrooms and 2 &#189; Baths.</Description><PlanImages><ElevationImage SequencePosition="1" ReferenceType="URL">https://hardinghomes.net/wp-content/uploads/Harding-Monterey-I-Main.jpg</ElevationImage><ElevationImage SequencePosition="2" ReferenceType="URL">https://hardinghomes.net/wp-content/uploads/Harding-Monterey-I-Upper.jpg</ElevationImage><ElevationImage SequencePosition="3" ReferenceType="URL">https://hardinghomes.net/wp-content/uploads/Harding-Monterey-I-Lower.jpg</ElevationImage><ElevationImage SequencePosition="4" ReferenceType="URL">https://hardinghomes.erickson.solutions/wp-content/uploads/Harding-Monterey-Elev-3D-1024x545.jpg</ElevationImage></PlanImages><PlanWebsite>https://hardinghomes.net/properties/monterey-i/</PlanWebsite></Plan><Plan Type="SingleFamily"><PlanNumber>191208245883234830081967032602</PlanNumber><PlanName>Willow</PlanName><PlanNotAvailable>0</PlanNotAvailable><PlanTypeName>Single Family</PlanTypeName><BasePrice>0.00</BasePrice><BaseSqft>1624</BaseSqft><Baths>3</Baths><HalfBaths>0</HalfBaths><Bedrooms MasterBedLocation="Down">4</Bedrooms><Garage>0.0</Garage><Description>The Willow is a Reverse 1 &#189; Story Plan with 1,624 Total Sq. Ft: 1,539 Sq. Ft. on the Main Level and 1,085 Sq. Ft. on the Lower Level. The Willow features 4 Bedrooms and 3 Baths.</Description><PlanImages><ElevationImage SequencePosition="1" ReferenceType="URL">https://hardinghomes.net/wp-content/uploads/Willow-floor-plans.jpeg</ElevationImage><ElevationImage SequencePosition="2" ReferenceType="URL">https://hardinghomes.net/wp-content/uploads/Willow-Elevation-2.jpeg</ElevationImage></PlanImages><PlanWebsite>https://hardinghomes.net/properties/willow-2/</PlanWebsite></Plan><Plan Type="SingleFamily"><PlanNumber>Plan Unknown</PlanNumber><PlanName>Plan Unknown</PlanName><PlanNotAvailable>1</PlanNotAvailable><PlanTypeName>Single Family</PlanTypeName><BasePrice>0.00</BasePrice><BaseSqft>0</BaseSqft><Baths>1</Baths><HalfBaths>0</HalfBaths><Bedrooms MasterBedLocation="Down">1</Bedrooms><Garage>0.0</Garage><PlanImages/><PlanWebsite></PlanWebsite></Plan><Plan Type="SingleFamily"><PlanNumber>325099549336282249107106742326</PlanNumber><PlanName>Cedarwood Flex</PlanName><PlanNotAvailable>0</PlanNotAvailable><PlanTypeName>Single Family</PlanTypeName><BasePrice>0.00</BasePrice><BaseSqft>1700</BaseSqft><Baths>2</Baths><HalfBaths>0</HalfBaths><Bedrooms MasterBedLocation="Down">3</Bedrooms><Garage>0.0</Garage><Description>Cedarwood Flex is aRanch Home with 3 Reverse 1 .5 floorplans. The Cedarwood Flex has 1,700 Sq. Ft. on the main level, with 2 or 3 Bedroom option with 2 Bathrooms.</Description><PlanImages><ElevationImage SequencePosition="1" ReferenceType="URL">https://hardinghomes.net/wp-content/uploads/Harding-Cedarwood-Flex-Main.jpg</ElevationImage><ElevationImage SequencePosition="2" ReferenceType="URL">https://hardinghomes.net/wp-content/uploads/Harding-Cedarwood-Flex-Lower.jpg</ElevationImage><ElevationImage SequencePosition="3" ReferenceType="URL">https://hardinghomes.net/wp-content/uploads/Harding-Cedarwood-Flex-Lower-Opts.jpg</ElevationImage></PlanImages><PlanWebsite>https://hardinghomes.net/properties/cedarwood-flex/</PlanWebsite></Plan><Plan Type="SingleFamily"><PlanNumber>985400170492123577785062793650</PlanNumber><PlanName>Monterey II</PlanName><PlanNotAvailable>0</PlanNotAvailable><PlanTypeName>Single Family</PlanTypeName><BasePrice>0.00</BasePrice><BaseSqft>2230</BaseSqft><Baths>2</Baths><HalfBaths>1</HalfBaths><Bedrooms MasterBedLocation="Down">3</Bedrooms><Garage>0.0</Garage><Description>Monterey II is a1 &#189; Story Plan with2,230 square feet and a1,160 Sq. Ft. Lower Level option. The plan features3 Bedrooms and 2 &#189; Baths.</Description><PlanImages><ElevationImage SequencePosition="1" ReferenceType="URL">https://hardinghomes.net/wp-content/uploads/Harding-Monterey-II-and-III-Main1.jpg</ElevationImage><ElevationImage SequencePosition="2" ReferenceType="URL">https://hardinghomes.net/wp-content/uploads/Harding-Monterey-II-Upper.jpg</ElevationImage><ElevationImage SequencePosition="3" ReferenceType="URL">https://hardinghomes.net/wp-content/uploads/Harding-Monterey-I-Lower.jpg</ElevationImage><ElevationImage SequencePosition="4" ReferenceType="URL">https://hardinghomes.erickson.solutions/wp-content/uploads/Harding-Monterey-Elev-3D-300x160.jpg</ElevationImage></PlanImages><PlanWebsite>https://hardinghomes.net/properties/monterey-ii/</PlanWebsite></Plan><Plan Type="SingleFamily"><PlanNumber>552542165819569688948502355099</PlanNumber><PlanName>Laurel</PlanName><PlanNotAvailable>0</PlanNotAvailable><PlanTypeName>Single Family</PlanTypeName><BasePrice>0.00</BasePrice><BaseSqft>2680</BaseSqft><Baths>3</Baths><HalfBaths>0</HalfBaths><Bedrooms MasterBedLocation="Down">4</Bedrooms><Garage>0.0</Garage><Description>The Laurel is a Reverse 1 &#189; Story Plan with 2,680 Total Sq. Ft.; 1,496 Sq. Ft. on the Main Level and 1,134 Sq. Ft. on the Lower Level. The Laurel features 4 Bedrooms and 3 Baths.</Description><PlanImages><ElevationImage SequencePosition="1" ReferenceType="URL">https://hardinghomes.net/wp-content/uploads/Laurel-Floor-plan.jpeg</ElevationImage><ElevationImage SequencePosition="2" ReferenceType="URL">https://hardinghomes.net/wp-content/uploads/Laurel-Elevation-1-300x200.jpeg</ElevationImage></PlanImages><PlanWebsite>https://hardinghomes.net/properties/laurel-2/</PlanWebsite></Plan><Plan Type="SingleFamily"><PlanNumber>332585530399035429319404986932</PlanNumber><PlanName>Orlando</PlanName><PlanNotAvailable>0</PlanNotAvailable><PlanTypeName>Single Family</PlanTypeName><BasePrice>0.00</BasePrice><BaseSqft>2311</BaseSqft><Baths>3</Baths><HalfBaths>1</HalfBaths><Bedrooms MasterBedLocation="Down">4</Bedrooms><Garage>0.0</Garage><Description>The Orlando is a 2 Story Plan with 2,311 Total Sq. Ft.; 913 Sq. Ft. on the Main Level and 1,398 Sq. Ft. on the Upper Level. The Orlando features 4 Bedrooms and 3.5 baths.</Description><PlanImages><ElevationImage SequencePosition="1" ReferenceType="URL">https://hardinghomes.net/wp-content/uploads/Orlando-floor-plans.jpeg</ElevationImage><ElevationImage SequencePosition="2" ReferenceType="URL">https://hardinghomes.net/wp-content/uploads/Orlando-Elevation-1.jpeg</ElevationImage></PlanImages><PlanWebsite>https://hardinghomes.net/properties/orlando/</PlanWebsite></Plan><Plan Type="SingleFamily"><PlanNumber>366042817770145863255473630593</PlanNumber><PlanName>Hawthorne II</PlanName><PlanNotAvailable>0</PlanNotAvailable><PlanTypeName>Single Family</PlanTypeName><BasePrice>0.00</BasePrice><BaseSqft>2927</BaseSqft><Baths>3</Baths><HalfBaths>0</HalfBaths><Bedrooms MasterBedLocation="Down">4</Bedrooms><Garage>0.0</Garage><Description>Hawthorne II is aReverse 1 &#189; Story Plan, with2,927totalSq. Ft;1,800 Sq. Ft. Main Level and 1,127 Sq. Ft. Lower Level. The Hawthorne II features4 Bedrooms and 3 Baths.</Description><PlanImages><ElevationImage SequencePosition="1" ReferenceType="URL">https://hardinghomes.net/wp-content/uploads/Harding-Hawthorne-II-Main.jpg</ElevationImage><ElevationImage SequencePosition="2" ReferenceType="URL">https://hardinghomes.net/wp-content/uploads/Harding-Hawthorne-II-LowerA1.jpg</ElevationImage><ElevationImage SequencePosition="3" ReferenceType="URL">https://hardinghomes.net/wp-content/uploads/Harding-Hawthorne-II-LowerB.jpg</ElevationImage><ElevationImage SequencePosition="4" ReferenceType="URL">https://hardinghomes.net/wp-content/uploads/Harding-Hawthorne-II-LowerC.jpg</ElevationImage></PlanImages><PlanWebsite>https://hardinghomes.net/properties/hawthorne-ii/</PlanWebsite></Plan><Plan Type="SingleFamily"><PlanNumber>67399921020583289014110521218</PlanNumber><PlanName>Cottonwood</PlanName><PlanNotAvailable>0</PlanNotAvailable><PlanTypeName>Single Family</PlanTypeName><BasePrice>0.00</BasePrice><BaseSqft>1676</BaseSqft><Baths>2</Baths><HalfBaths>0</HalfBaths><Bedrooms MasterBedLocation="Down">3</Bedrooms><Garage>0.0</Garage><Description>Ranch Plan with Reverse 1 &#189; Story Options,Total Sq. Ft. 1,676 Main Level,3 Bedroom 2 Bath</Description><PlanImages><ElevationImage SequencePosition="1" ReferenceType="URL">https://hardinghomes.net/wp-content/uploads/Harding-Cottonwood-Main.jpg</ElevationImage><ElevationImage SequencePosition="2" ReferenceType="URL">https://hardinghomes.net/wp-content/uploads/Harding-Cottonwood-Lower.jpg</ElevationImage></PlanImages><PlanWebsite>https://hardinghomes.net/properties/cottonwood/</PlanWebsite></Plan><Plan Type="SingleFamily"><PlanNumber>170370611132990297325034785656</PlanNumber><PlanName>Hawthorne I</PlanName><PlanNotAvailable>0</PlanNotAvailable><PlanTypeName>Single Family</PlanTypeName><BasePrice>0.00</BasePrice><BaseSqft>2526</BaseSqft><Baths>3</Baths><HalfBaths>0</HalfBaths><Bedrooms MasterBedLocation="Down">4</Bedrooms><Garage>0.0</Garage><Description>Hawthorne Iis aReverse 1 &#189; Story Plan with 2,526 total Sq. Ft.;1,619 Sq. Ft. Main Level and 907 Sq. Ft. Lower Level. The Hawthorne plan features4 Bedrooms and 3 Baths.</Description><PlanImages><ElevationImage SequencePosition="1" ReferenceType="URL">https://hardinghomes.net/wp-content/uploads/Harding-Hawthorne-I-Main.jpg</ElevationImage><ElevationImage SequencePosition="2" ReferenceType="URL">https://hardinghomes.net/wp-content/uploads/Harding-Hawthorne-I-LowerA.jpg</ElevationImage><ElevationImage SequencePosition="3" ReferenceType="URL">https://hardinghomes.net/wp-content/uploads/Harding-Hawthorne-I-LowerB.jpg</ElevationImage><ElevationImage SequencePosition="4" ReferenceType="URL">https://hardinghomes.net/wp-content/uploads/Harding-Hawthorne-I-LowerC.jpg</ElevationImage></PlanImages><PlanWebsite>https://hardinghomes.net/properties/hawthorne-i/</PlanWebsite></Plan><Plan Type="SingleFamily"><PlanNumber>21479229871105476533807908237</PlanNumber><PlanName>Aspen I</PlanName><PlanNotAvailable>0</PlanNotAvailable><PlanTypeName>Single Family</PlanTypeName><BasePrice>0.00</BasePrice><BaseSqft>1800</BaseSqft><Baths>2</Baths><HalfBaths>1</HalfBaths><Bedrooms MasterBedLocation="Down">3</Bedrooms><Garage>0.0</Garage><Description>The Aspen includes.</Description><PlanImages><ElevationImage SequencePosition="1" ReferenceType="URL">https://hardinghomes.net/wp-content/uploads/Harding-Aspen-I-Main-e1423526218666.jpg</ElevationImage></PlanImages><PlanWebsite>https://hardinghomes.net/properties/aspen-i/</PlanWebsite></Plan></Subdivision></Builder></Corporation></Builders>