<Builders DateGenerated="2021-10-22T10:56:19"><Corporation><CorporateBuilderNumber>27871</CorporateBuilderNumber><CorporateState>AK</CorporateState><CorporateName>Infinity Homes</CorporateName><Builder><BuilderNumber>33906</BuilderNumber><BrandName>Harding Homes of Alaska</BrandName><BrandLogo_Med ReferenceType="URL">https://static.wixstatic.com/media/f66454_16ef07702fd54b69ab6981da78b55d7f~mv2.jpg/v1/fill/w_181,h_153,al_c,q_80,usm_0.66_1.00_0.01/Harding%20Homes%20Logo%20002.webp</BrandLogo_Med><ReportingName>Harding Homes of Alaska</ReportingName><DefaultLeadsEmail LeadsPerMessage="All">leads@thebdx.com</DefaultLeadsEmail><BuilderWebsite>http://infinitybuilthomes.com/</BuilderWebsite><Subdivision Status="Active"><SubdivisionNumber>240522731537260149952390782290</SubdivisionNumber><SubdivisionName>Poplar Trace</SubdivisionName><BuildOnYourLot>0</BuildOnYourLot><SalesOffice><Address OutOfCommunity="0"><Street1>1498 Poplar Trace Way NW</Street1><City> Corydon</City><State>IN</State><ZIP>47112</ZIP></Address><Phone><AreaCode>812</AreaCode><Prefix>909</Prefix><Suffix>9283</Suffix></Phone><Email>Renada.Steurer@infinitybuilthomes.com</Email></SalesOffice><SubDescription>Infinity Homes welcomes you home in historic  where you&#8217;ll find owning a brand new home to be less expensive than renting!&#160;Poplar Trace offers custom and up to quarter acre homesites, wooded homesites, and freshly designed cottage style ranch homes. With Southern Indiana new homes starting in the $240s, Poplar Trace is located off Corydon Ramsey Road in Harrison County with easy access to everything you need including a convenient 30 minute commute to Louisville.&#160;The first state capital of Indiana, Corydon is the type of community that people love to call home with deep sense of community, a quiet lifestyle, thriving local business and plenty of outdoor recreational activities.&#160;Close to work, , and a variety of entertainment venues, Poplar Trace by Infinity Homes is the perfect place for you to call home.</SubDescription><SubImage SequencePosition="1" Title="House1" ReferenceType="URL">https://infinitybuilthomes.com/wp-content/uploads/2021/05/dhi-1.jpg</SubImage><SubImage SequencePosition="2" Title="House1" ReferenceType="URL">https://infinitybuilthomes.com/wp-content/uploads/2021/05/dhi-2.jpg</SubImage><SubImage SequencePosition="3" Title="House1" ReferenceType="URL">https://infinitybuilthomes.com/wp-content/uploads/2021/05/dhi-3.jpg</SubImage><SubImage SequencePosition="4" Title="House1" ReferenceType="URL">https://infinitybuilthomes.com/wp-content/uploads/2021/05/dhi-4.jpg</SubImage><SubImage SequencePosition="5" Title="House1" ReferenceType="URL">https://infinitybuilthomes.com/wp-content/uploads/2021/05/dhi-5.jpg</SubImage><SubImage SequencePosition="6" Title="House1" ReferenceType="URL">https://infinitybuilthomes.com/wp-content/uploads/2021/05/dhi-7.jpg</SubImage><SubImage SequencePosition="7" Title="House1" ReferenceType="URL">https://infinitybuilthomes.com/wp-content/uploads/2021/05/dhi-8.jpg</SubImage><SubImage SequencePosition="8" Title="House1" ReferenceType="URL">https://infinitybuilthomes.com/wp-content/uploads/2021/05/dhi-9.jpg</SubImage><SubImage SequencePosition="9" Title="House1" ReferenceType="URL">https://infinitybuilthomes.com/wp-content/uploads/2021/05/dhi-10.jpg</SubImage><SubImage SequencePosition="10" Title="House1" ReferenceType="URL">https://infinitybuilthomes.com/wp-content/uploads/2021/05/dhi-11.jpg</SubImage><SubImage SequencePosition="11" Title="House1" ReferenceType="URL">https://infinitybuilthomes.com/wp-content/uploads/2021/05/dhi-12.jpg</SubImage><SubImage SequencePosition="12" Title="House1" ReferenceType="URL">https://infinitybuilthomes.com/wp-content/uploads/2021/05/dhi-13.jpg</SubImage><SubImage SequencePosition="13" Title="House1" ReferenceType="URL">https://infinitybuilthomes.com/wp-content/uploads/2021/05/dhi-14.jpg</SubImage><SubImage SequencePosition="14" Title="House1" ReferenceType="URL">https://infinitybuilthomes.com/wp-content/uploads/2021/05/dhi-15.jpg</SubImage><SubImage SequencePosition="15" Title="House1" ReferenceType="URL">https://infinitybuilthomes.com/wp-content/uploads/2021/05/dhi-16.jpg</SubImage><SubImage SequencePosition="16" Title="House1" ReferenceType="URL">https://infinitybuilthomes.com/wp-content/uploads/2021/05/dhi-17.jpg</SubImage><SubImage SequencePosition="17" Title="House1" ReferenceType="URL">https://infinitybuilthomes.com/wp-content/uploads/2021/05/dhi-18.jpg</SubImage><SubImage SequencePosition="18" Title="House1" ReferenceType="URL">https://infinitybuilthomes.com/wp-content/uploads/2021/05/dhi-19.jpg</SubImage><SubImage SequencePosition="19" Title="House1" ReferenceType="URL">https://infinitybuilthomes.com/wp-content/uploads/2021/05/dhi-20.jpg</SubImage><SubImage SequencePosition="20" Title="House1" ReferenceType="URL">https://infinitybuilthomes.com/wp-content/uploads/2021/05/dhi-21.jpg</SubImage><SubImage SequencePosition="21" Title="House1" ReferenceType="URL">https://infinitybuilthomes.com/wp-content/uploads/2021/05/dhi-22.jpg</SubImage><SubImage SequencePosition="22" Title="House1" ReferenceType="URL">https://infinitybuilthomes.com/wp-content/uploads/2021/05/dhi-23.jpg</SubImage><SubImage SequencePosition="23" Title="House1" ReferenceType="URL">https://infinitybuilthomes.com/wp-content/uploads/2021/05/dhi-24.jpg</SubImage><SubImage SequencePosition="24" Title="House1" ReferenceType="URL">https://infinitybuilthomes.com/wp-content/uploads/2021/05/dhi-25.jpg</SubImage><SubImage SequencePosition="25" Title="House1" ReferenceType="URL">https://infinitybuilthomes.com/wp-content/uploads/2021/05/dhi-26.jpg</SubImage><SubImage SequencePosition="26" Title="House1" ReferenceType="URL">https://infinitybuilthomes.com/wp-content/uploads/2021/05/dhi-27.jpg</SubImage><SubImage SequencePosition="27" Title="House1" ReferenceType="URL">https://infinitybuilthomes.com/wp-content/uploads/2021/05/dhi-28.jpg</SubImage><SubImage SequencePosition="28" Title="House1" ReferenceType="URL">https://infinitybuilthomes.com/wp-content/uploads/2021/05/dhi-29.jpg</SubImage><SubImage SequencePosition="29" Title="House1" ReferenceType="URL">https://infinitybuilthomes.com/wp-content/uploads/2021/05/dhi-30.jpg</SubImage><SubImage SequencePosition="30" Title="House1" ReferenceType="URL">https://infinitybuilthomes.com/wp-content/uploads/2021/05/dhi-31.jpg</SubImage><SubImage SequencePosition="31" Title="House1" ReferenceType="URL">https://infinitybuilthomes.com/wp-content/uploads/2021/05/dhi-32.jpg</SubImage><SubImage SequencePosition="32" Title="House1" ReferenceType="URL">https://infinitybuilthomes.com/wp-content/uploads/2021/05/dhi-33.jpg</SubImage><SubImage SequencePosition="33" Title="House1" ReferenceType="URL">https://infinitybuilthomes.com/wp-content/uploads/2021/05/dhi-34.jpg</SubImage><SubImage SequencePosition="34" Title="House1" ReferenceType="URL">https://infinitybuilthomes.com/wp-content/uploads/2021/05/dhi-35.jpg</SubImage><SubImage SequencePosition="35" Title="House1" ReferenceType="URL">https://infinitybuilthomes.com/wp-content/uploads/2021/05/dhi-36.jpg</SubImage><SubImage SequencePosition="36" Title="House1" ReferenceType="URL">https://infinitybuilthomes.com/wp-content/uploads/2021/05/dhi-37.jpg</SubImage><SubImage SequencePosition="37" Title="House1" ReferenceType="URL">https://infinitybuilthomes.com/wp-content/uploads/2021/05/dhi-38.jpg</SubImage><SubImage SequencePosition="38" Title="House1" ReferenceType="URL">https://infinitybuilthomes.com/wp-content/uploads/2021/05/dhi-39.jpg</SubImage><SubImage SequencePosition="39" Title="House1" ReferenceType="URL">https://infinitybuilthomes.com/wp-content/uploads/2021/05/dhi-40.jpg</SubImage><SubImage SequencePosition="40" Title="House1" ReferenceType="URL">https://infinitybuilthomes.com/wp-content/uploads/2021/05/dhi-41.jpg</SubImage><SubImage SequencePosition="41" Title="House1" ReferenceType="URL">https://infinitybuilthomes.com/wp-content/uploads/2021/05/dhi-42.jpg</SubImage><SubImage SequencePosition="42" Title="House1" ReferenceType="URL">https://infinitybuilthomes.com/wp-content/uploads/2021/05/dhi-43.jpg</SubImage><SubWebsite>https://infinitybuilthomes.com/neighborhood/poplar-trace/</SubWebsite></Subdivision><Subdivision Status="Active"><SubdivisionNumber>33906</SubdivisionNumber><SubdivisionName>Harding Homes of Alaska</SubdivisionName><BuildOnYourLot>0</BuildOnYourLot><SalesOffice><Address OutOfCommunity="0"><Street1> 1736 E Main St</Street1><City>New Albany</City><State>IN</State><ZIP>47150</ZIP></Address><Email>info@infinitybuilthomes.com</Email></SalesOffice><SubDescription>With over a decade of home building experience, Infinity Homes builds new homes in Southern Indiana and the greater Louisville, Kentucky area.  Known throughout the area as &#8220;The Neighborhood Builder,&#8221; Infinity Homes builds award-winning homes for award-winning lifestyles.  Offering a wide variety of home styles, price ranges, and communities, Infinity Homes is pleased to have been selected as the 2018,  2019, and 2020 home builder for the Louisville St. Jude Dream Home Giveaway. </SubDescription><SubImage SequencePosition="1" Title="House1" ReferenceType="URL">http://dannysullivanconstruction.com/wp-content/uploads/2018/01/custom-homes-1.jpg</SubImage><SubImage SequencePosition="2" Title="House1" ReferenceType="URL">http://dannysullivanconstruction.com/wp-content/uploads/2018/01/kitchen2.jpg</SubImage><SubWebsite>http://infinitybuilthomes.com/</SubWebsite><Plan Type="SingleFamily"><PlanNumber>25300508727753245716996002783</PlanNumber><PlanName>THE PAISLEE</PlanName><PlanNotAvailable>0</PlanNotAvailable><PlanTypeName>Single Family</PlanTypeName><BasePrice>0.00</BasePrice><BaseSqft>2132</BaseSqft><Baths>3</Baths><HalfBaths>0</HalfBaths><Bedrooms MasterBedLocation="Down">4</Bedrooms><Garage>2.0</Garage><Description>The Paislee offers so much charm from the moment you pull up. The open great room, chef&#8217;s kitchen, and dining area flow right into an optional covered deck. Three bedrooms, including a spacious owner&#8217;s suite with a large bath, add to making The Paislee such a comfortable plan to call home. The optional basement allows for more living space if needed.</Description><PlanImages><ElevationImage SequencePosition="1" ReferenceType="URL">https://infinitybuilthomes.com/wp-content/uploads/2020/10/Paislee_Ele_B_20200918-scaled-e1604094205768-1024x600.jpg</ElevationImage></PlanImages><PlanWebsite>https://infinitybuilthomes.com/plans/the-paislee/</PlanWebsite></Plan><Plan Type="SingleFamily"><PlanNumber>437059200250809805719610235777</PlanNumber><PlanName>The Whitehaven</PlanName><PlanNotAvailable>0</PlanNotAvailable><PlanTypeName>Single Family</PlanTypeName><BasePrice>0.00</BasePrice><BaseSqft>2275</BaseSqft><Baths>3</Baths><HalfBaths>0</HalfBaths><Bedrooms MasterBedLocation="Down">4</Bedrooms><Garage>3.0</Garage><Description>A villa style home by Infinity Homes, The Whitehaven is an open concept home offering up to 2275 finished square feet.&#160; Loaded with versatility, The Whitehaven features a gourmet kitchen with an island and a roomy dining area that adjoins the great room.&#160; The master suite of The Whitehaven showcases a large walk-in closet and a four piece ensuite bath.&#160; Enjoy outdoor living with an included covered patio or deck.&#160; An optional finished basement and golf cart garage are also available.</Description><PlanImages><ElevationImage SequencePosition="1" ReferenceType="URL">https://infinitybuilthomes.com/wp-content/uploads/2019/11/The_Marketing_Group_Infinity_Homes_Whitehaven_Ele_B_20191024-e1572972303351-1024x600.jpg</ElevationImage></PlanImages><PlanWebsite>https://infinitybuilthomes.com/plans/the-whitehaven/</PlanWebsite></Plan><Plan Type="SingleFamily"><PlanNumber>Plan Unknown</PlanNumber><PlanName>Plan Unknown</PlanName><PlanNotAvailable>1</PlanNotAvailable><PlanTypeName>Single Family</PlanTypeName><BasePrice>0.00</BasePrice><BaseSqft>0</BaseSqft><Baths>1</Baths><HalfBaths>0</HalfBaths><Bedrooms MasterBedLocation="Down">1</Bedrooms><Garage>0.0</Garage><PlanImages/><PlanWebsite></PlanWebsite></Plan><Plan Type="SingleFamily"><PlanNumber>614256568099200097415833542326</PlanNumber><PlanName>The Belmont</PlanName><PlanNotAvailable>0</PlanNotAvailable><PlanTypeName>Single Family</PlanTypeName><BasePrice>0.00</BasePrice><BaseSqft>3157</BaseSqft><Baths>3</Baths><HalfBaths>0</HalfBaths><Bedrooms MasterBedLocation="Down">4</Bedrooms><Garage>2.0</Garage><Description>The Belmont offers the desirable modern farmhouse charm starting with the lovely front porch. Upon opening the front door, you are drawn to the open great room, gourmet kitchen with oversized island and dining area that opens to a rear patio. The master suite is large with attached bath and oversized closet. In addition to two more bedrooms, hall bath, laundry room, and two-car garage an optional basement or bonus room can be added.</Description><PlanImages><ElevationImage SequencePosition="1" ReferenceType="URL">https://infinitybuilthomes.com/wp-content/uploads/2021/03/the-belmont-ele-c-20210303.jpg</ElevationImage></PlanImages><PlanWebsite>https://infinitybuilthomes.com/plans/the-belmont/</PlanWebsite></Plan></Subdivision><Subdivision Status="Active"><SubdivisionNumber>371804351610686263028684477237</SubdivisionNumber><SubdivisionName>Heritage Place</SubdivisionName><BuildOnYourLot>0</BuildOnYourLot><SalesOffice><Address OutOfCommunity="0"><Street1>7140 Independence Way</Street1><City> Charlestown</City><State>IN</State><ZIP>47111</ZIP></Address><Phone><AreaCode>812</AreaCode><Prefix>670</Prefix><Suffix>5506</Suffix></Phone><Email>destinee.mackey@infinitybuilthomes.com</Email></SalesOffice><SubDescription>NEW MODEL HOME NOW OPEN | STARTING IN THE $300sWorking in Louisville? Heritage Place is less than 15 minutes away via the East End bridge! Located in the Clark County School District, Heritage Place offers easy access for work, school and play in nearby Charlestown, IN.With larger homesites and a wide selection of ranch style homes, Heritage Place provides recreation opportunities for everyone in the family at The Heritage Place Park which includes a playground, shelter/picnic pavilion, basketball, and pickleball courts.Outdoor enthusiasts will enjoy hiking on the rugged terrain, lake swimming and fishing, and bird watching at the nearby Charlestown State Park.Commuting or playing in Louisville? Heritage Place is a convenient 25 minutes across the river from the hustle and bustle of downtown Louisville!</SubDescription><SubImage SequencePosition="1" Title="House1" ReferenceType="URL">https://infinitybuilthomes.com/wp-content/uploads/2018/11/DHI-1-scaled-e1602276024222.jpg</SubImage><SubImage SequencePosition="2" Title="House1" ReferenceType="URL">https://infinitybuilthomes.com/wp-content/uploads/2018/11/DHI-2-scaled-e1602276016415.jpg</SubImage><SubImage SequencePosition="3" Title="House1" ReferenceType="URL">https://infinitybuilthomes.com/wp-content/uploads/2018/11/DHI-3-scaled-e1602276008747.jpg</SubImage><SubImage SequencePosition="4" Title="House1" ReferenceType="URL">https://infinitybuilthomes.com/wp-content/uploads/2018/11/DHI-4-scaled-e1602275998693.jpg</SubImage><SubImage SequencePosition="5" Title="House1" ReferenceType="URL">https://infinitybuilthomes.com/wp-content/uploads/2018/11/DHI-5-scaled-e1602275990729.jpg</SubImage><SubImage SequencePosition="6" Title="House1" ReferenceType="URL">https://infinitybuilthomes.com/wp-content/uploads/2018/11/DHI-6-scaled-e1602275982823.jpg</SubImage><SubImage SequencePosition="7" Title="House1" ReferenceType="URL">https://infinitybuilthomes.com/wp-content/uploads/2018/11/DHI-7-scaled-e1602275973256.jpg</SubImage><SubImage SequencePosition="8" Title="House1" ReferenceType="URL">https://infinitybuilthomes.com/wp-content/uploads/2018/11/DHI-8-scaled-e1602275965295.jpg</SubImage><SubImage SequencePosition="9" Title="House1" ReferenceType="URL">https://infinitybuilthomes.com/wp-content/uploads/2018/11/DHI-9-scaled-e1602275954482.jpg</SubImage><SubImage SequencePosition="10" Title="House1" ReferenceType="URL">https://infinitybuilthomes.com/wp-content/uploads/2018/11/DHI-10-scaled-e1602275946181.jpg</SubImage><SubImage SequencePosition="11" Title="House1" ReferenceType="URL">https://infinitybuilthomes.com/wp-content/uploads/2018/11/DHI-11-scaled-e1602275938546.jpg</SubImage><SubImage SequencePosition="12" Title="House1" ReferenceType="URL">https://infinitybuilthomes.com/wp-content/uploads/2018/11/DHI-12-scaled-e1602275930871.jpg</SubImage><SubImage SequencePosition="13" Title="House1" ReferenceType="URL">https://infinitybuilthomes.com/wp-content/uploads/2018/11/DHI-13-scaled-e1602275922587.jpg</SubImage><SubImage SequencePosition="14" Title="House1" ReferenceType="URL">https://infinitybuilthomes.com/wp-content/uploads/2018/11/DHI-14-scaled-e1602275913978.jpg</SubImage><SubImage SequencePosition="15" Title="House1" ReferenceType="URL">https://infinitybuilthomes.com/wp-content/uploads/2018/11/DHI-15-scaled-e1602275905777.jpg</SubImage><SubImage SequencePosition="16" Title="House1" ReferenceType="URL">https://infinitybuilthomes.com/wp-content/uploads/2018/11/DHI-16-scaled-e1602275897720.jpg</SubImage><SubImage SequencePosition="17" Title="House1" ReferenceType="URL">https://infinitybuilthomes.com/wp-content/uploads/2018/11/DHI-17-scaled-e1602275889224.jpg</SubImage><SubImage SequencePosition="18" Title="House1" ReferenceType="URL">https://infinitybuilthomes.com/wp-content/uploads/2018/11/DHI-18-scaled-e1602275882469.jpg</SubImage><SubImage SequencePosition="19" Title="House1" ReferenceType="URL">https://infinitybuilthomes.com/wp-content/uploads/2018/11/DHI-19-scaled-e1602275873817.jpg</SubImage><SubImage SequencePosition="20" Title="House1" ReferenceType="URL">https://infinitybuilthomes.com/wp-content/uploads/2018/11/DHI-20-scaled-e1602275861877.jpg</SubImage><SubImage SequencePosition="21" Title="House1" ReferenceType="URL">https://infinitybuilthomes.com/wp-content/uploads/2018/11/DHI-21-scaled-e1602275853606.jpg</SubImage><SubImage SequencePosition="22" Title="House1" ReferenceType="URL">https://infinitybuilthomes.com/wp-content/uploads/2018/11/DHI-22-scaled-e1602275843252.jpg</SubImage><SubImage SequencePosition="23" Title="House1" ReferenceType="URL">https://infinitybuilthomes.com/wp-content/uploads/2018/11/DHI-23-scaled-e1602275834759.jpg</SubImage><SubImage SequencePosition="24" Title="House1" ReferenceType="URL">https://infinitybuilthomes.com/wp-content/uploads/2018/11/DHI-24-scaled-e1602275826882.jpg</SubImage><SubImage SequencePosition="25" Title="House1" ReferenceType="URL">https://infinitybuilthomes.com/wp-content/uploads/2018/11/DHI-25-scaled-e1602275815938.jpg</SubImage><SubImage SequencePosition="26" Title="House1" ReferenceType="URL">https://infinitybuilthomes.com/wp-content/uploads/2018/11/DHI-26-scaled-e1602275808557.jpg</SubImage><SubImage SequencePosition="27" Title="House1" ReferenceType="URL">https://infinitybuilthomes.com/wp-content/uploads/2018/11/DHI-27-scaled-e1602275800841.jpg</SubImage><SubImage SequencePosition="28" Title="House1" ReferenceType="URL">https://infinitybuilthomes.com/wp-content/uploads/2018/11/DHI-28-scaled-e1602275791444.jpg</SubImage><SubImage SequencePosition="29" Title="House1" ReferenceType="URL">https://infinitybuilthomes.com/wp-content/uploads/2018/11/DHI-29-scaled-e1602275783633.jpg</SubImage><SubImage SequencePosition="30" Title="House1" ReferenceType="URL">https://infinitybuilthomes.com/wp-content/uploads/2018/11/DHI-30-scaled-e1602275774971.jpg</SubImage><SubImage SequencePosition="31" Title="House1" ReferenceType="URL">https://infinitybuilthomes.com/wp-content/uploads/2018/11/DHI-31-scaled-e1602275765207.jpg</SubImage><SubImage SequencePosition="32" Title="House1" ReferenceType="URL">https://infinitybuilthomes.com/wp-content/uploads/2018/11/DHI-32-scaled-e1602275756838.jpg</SubImage><SubImage SequencePosition="33" Title="House1" ReferenceType="URL">https://infinitybuilthomes.com/wp-content/uploads/2018/11/DHI-33-scaled-e1602275749247.jpg</SubImage><SubImage SequencePosition="34" Title="House1" ReferenceType="URL">https://infinitybuilthomes.com/wp-content/uploads/2018/11/DHI-34-scaled-e1602275741983.jpg</SubImage><SubImage SequencePosition="35" Title="House1" ReferenceType="URL">https://infinitybuilthomes.com/wp-content/uploads/2018/11/DHI-35-scaled-e1602275733671.jpg</SubImage><SubImage SequencePosition="36" Title="House1" ReferenceType="URL">https://infinitybuilthomes.com/wp-content/uploads/2018/11/DHI-36-scaled-e1602275725196.jpg</SubImage><SubImage SequencePosition="37" Title="House1" ReferenceType="URL">https://infinitybuilthomes.com/wp-content/uploads/2018/11/DHI-37-scaled-e1602275714349.jpg</SubImage><SubImage SequencePosition="38" Title="House1" ReferenceType="URL">https://infinitybuilthomes.com/wp-content/uploads/2018/11/DHI-38-scaled-e1602275703907.jpg</SubImage><SubImage SequencePosition="39" Title="House1" ReferenceType="URL">https://infinitybuilthomes.com/wp-content/uploads/2018/11/DHI-39-scaled-e1602275695441.jpg</SubImage><SubImage SequencePosition="40" Title="House1" ReferenceType="URL">https://infinitybuilthomes.com/wp-content/uploads/2018/11/DHI-40-scaled-e1602275687654.jpg</SubImage><SubImage SequencePosition="41" Title="House1" ReferenceType="URL">https://infinitybuilthomes.com/wp-content/uploads/2018/11/DHI-41-scaled-e1602275676753.jpg</SubImage><SubImage SequencePosition="42" Title="House1" ReferenceType="URL">https://infinitybuilthomes.com/wp-content/uploads/2018/11/DHI-42-scaled-e1602275663473.jpg</SubImage><SubImage SequencePosition="43" Title="House1" ReferenceType="URL">https://infinitybuilthomes.com/wp-content/uploads/2018/11/DHI-43-scaled-e1602275656308.jpg</SubImage><SubImage SequencePosition="44" Title="House1" ReferenceType="URL">https://infinitybuilthomes.com/wp-content/uploads/2018/11/DHI-46-scaled-e1602275619425.jpg</SubImage><SubImage SequencePosition="45" Title="House1" ReferenceType="URL">https://infinitybuilthomes.com/wp-content/uploads/2018/11/DHI-47-scaled-e1602275607211.jpg</SubImage><SubImage SequencePosition="46" Title="House1" ReferenceType="URL">https://infinitybuilthomes.com/wp-content/uploads/2018/11/DHI-48-scaled-e1602275600783.jpg</SubImage><SubImage SequencePosition="47" Title="House1" ReferenceType="URL">https://infinitybuilthomes.com/wp-content/uploads/2018/11/DHI-49-scaled-e1602275591187.jpg</SubImage><SubImage SequencePosition="48" Title="House1" ReferenceType="URL">https://infinitybuilthomes.com/wp-content/uploads/2018/11/DHI-50-scaled-e1602275583570.jpg</SubImage><SubImage SequencePosition="49" Title="House1" ReferenceType="URL">https://infinitybuilthomes.com/wp-content/uploads/2018/11/DHI-51-scaled-e1602275574992.jpg</SubImage><SubWebsite>https://infinitybuilthomes.com/neighborhood/heritage-place/</SubWebsite></Subdivision></Builder></Corporation></Builders>