<Builders DateGenerated="2021-10-22T10:58:25"><Corporation><CorporateBuilderNumber>28025</CorporateBuilderNumber><CorporateState>FL</CorporateState><CorporateName>Insignia Homes</CorporateName><Builder><BuilderNumber>13327</BuilderNumber><BrandName>Hartland Homes</BrandName><BrandLogo_Med ReferenceType="URL">https://www.hartlandhomescorp.com/wp-content/themes/inspyre-hartlandhomes/assets/images/header-brand.png</BrandLogo_Med><ReportingName>Hartland Homes</ReportingName><DefaultLeadsEmail LeadsPerMessage="All">leads@thebdx.com</DefaultLeadsEmail><BuilderWebsite>insigniahomesinc.com</BuilderWebsite><Subdivision Status="Active"><SubdivisionNumber>606834335716684668159357156926</SubdivisionNumber><SubdivisionName>Hattery Farm</SubdivisionName><BuildOnYourLot>0</BuildOnYourLot><SalesOffice><Address OutOfCommunity="0"><Street1>14201 Harrisville Rd</Street1><City>Mt Airy</City><State>MD</State><ZIP>21771</ZIP></Address><Phone><AreaCode>410</AreaCode><Prefix>775</Prefix><Suffix>0688</Suffix></Phone></SalesOffice><SubDescription>Located in the Frederick County side of Mount Airy, the Hattery Farm community offers a peaceful country setting with large yards and beautiful views yet only minutes from charming downtown Mount Airy, Frederick, and convenient to commuting to both the Baltimore and Washington DC metropolitan areas.Award winning Insignia Homes offers 9 flexible floor plans including rancher style and 2-story models that come standard with a large home site, 2-car garage, full unfinished basement with bathroom rough-in and 6'ft sliding glass door, hardwood or laminate flooring in the foyer, well-appointed kitchen with granite counters, maple or oak cabinetry with soft close drawers, stainless steel appliances, recessed lighting, ceramic tile bathroom floors and shower surrounds, high efficiency duel fuel HVAC system, 35-year architectural shingles and so much more!  Insignia also offers many options and upgrades and works closely with customers to make changes allowing customers to build their new home to suit their specific needs and preferences.Only 9 home sites are left ranging from .9-1.5 acres.  Building a new home "your way" has never been so easy and at Hattery Farm there is something for everyone.   If you're looking to live in sought after Mount Airy and can't find exactly what you want in a resale home, stop by Hattery Farm to choose your perfect home site and let Insignia get started building your new home today! Please  for more info or to make an appointment to walk the lots and meet the builder!From Frederick: 70 East to RT 75 North. Right on Old National Pike (RT 144), Left on Woodville Rd.  Cross Old Annapolis Rd To continue on Woodville Rd.  Right on Harrisville Rd to Hattery Farm 1/2 mile on right.Alternate Route:  RT 27 N to Left on Harrisville Rd.  Right on Buffalo Rd, Left on Harrisville Rd to Hattery Farm 2 miles on the left.



&#160;Contact Debi Hensley at , or visit </SubDescription><SubImage SequencePosition="1" Title="House1" ReferenceType="URL">http://www.insigniahomesinc.com/_images/communities/hatteryfarm1_thumb.jpg</SubImage><SubImage SequencePosition="2" Title="House1" ReferenceType="URL">http://www.insigniahomesinc.com/_images/communities/hatteryfarm2_thumb.jpg</SubImage><SubImage SequencePosition="3" Title="House1" ReferenceType="URL">http://www.insigniahomesinc.com/_images/communities/hatteryfarm3_thumb.jpg</SubImage><SubImage SequencePosition="4" Title="House1" ReferenceType="URL">http://www.insigniahomesinc.com/_images/communities/hatteryfarm4_thumb.jpg</SubImage><SubImage SequencePosition="5" Title="House1" ReferenceType="URL">http://www.insigniahomesinc.com/_images/communities/hatteryfarm5_thumb.jpg</SubImage><SubImage SequencePosition="6" Title="House1" ReferenceType="URL">http://www.insigniahomesinc.com/_images/communities/hatteryfarm6_thumb.jpg</SubImage><SubImage SequencePosition="7" Title="House1" ReferenceType="URL">http://www.insigniahomesinc.com/_images/communities/hatteryfarm7_thumb.jpg</SubImage><SubImage SequencePosition="8" Title="House1" ReferenceType="URL">http://www.insigniahomesinc.com/_images/communities/hatteryfarm8_thumb.jpg</SubImage><SubImage SequencePosition="9" Title="House1" ReferenceType="URL">http://www.insigniahomesinc.com/_images/communities/hatteryfarm9_thumb.jpg</SubImage><SubImage SequencePosition="10" Title="House1" ReferenceType="URL">http://www.insigniahomesinc.com/_images/communities/hatteryfarm10_thumb.jpg</SubImage><SubImage SequencePosition="11" Title="House1" ReferenceType="URL">http://www.insigniahomesinc.com/_images/communities/hatteryfarm11_thumb.jpg</SubImage><SubImage SequencePosition="12" Title="House1" ReferenceType="URL">http://www.insigniahomesinc.com/_images/communities/hatteryfarm12_thumb.jpg</SubImage><SubWebsite>https://insigniahomesinc.com/communities_hatteryfarm.php</SubWebsite><Plan Type="SingleFamily"><PlanNumber>681592112303464751130869071177</PlanNumber><PlanName>Potomac</PlanName><PlanNotAvailable>0</PlanNotAvailable><PlanTypeName>Single Family</PlanTypeName><BasePrice>0.00</BasePrice><BaseSqft>3649</BaseSqft><Baths>2</Baths><HalfBaths>1</HalfBaths><Bedrooms MasterBedLocation="Down">4</Bedrooms><Garage>0.0</Garage><Description>3,649 Square Feet, 2-Story Colonial, 4-Bedroom; 2.5 Bath, 1st Floor Library, Large Open Foyer, Spacious Master Suite with, Separate Sitting Room</Description><PlanImages><ElevationImage SequencePosition="1" ReferenceType="URL">http://www.insigniahomesinc.com/_images/models/potomac1_thumb.jpg</ElevationImage><ElevationImage SequencePosition="2" ReferenceType="URL">http://www.insigniahomesinc.com/_images/models/potomac2_thumb.jpg</ElevationImage><ElevationImage SequencePosition="3" ReferenceType="URL">http://www.insigniahomesinc.com/_images/models/potomac3_thumb.jpg</ElevationImage><ElevationImage SequencePosition="4" ReferenceType="URL">http://www.insigniahomesinc.com/_images/models/potomac4_thumb.jpg</ElevationImage><ElevationImage SequencePosition="5" ReferenceType="URL">http://www.insigniahomesinc.com/_images/models/potomac5_thumb.jpg</ElevationImage><ElevationImage SequencePosition="6" ReferenceType="URL">http://www.insigniahomesinc.com/_images/models/potomac6_thumb.jpg</ElevationImage></PlanImages><PlanWebsite>http://www.insigniahomesinc.com/models_potomac.php</PlanWebsite></Plan><Plan Type="SingleFamily"><PlanNumber>322636817802069043019559365481</PlanNumber><PlanName>Talbot</PlanName><PlanNotAvailable>0</PlanNotAvailable><PlanTypeName>Single Family</PlanTypeName><BasePrice>0.00</BasePrice><BaseSqft>1825</BaseSqft><Baths>2</Baths><HalfBaths>1</HalfBaths><Bedrooms MasterBedLocation="Down">3</Bedrooms><Garage>2.0</Garage><Description>1,825 sq. ft, 2-Story Colonial, 3 Bedrooms, 2 1/2 Baths, 2 Car Garage, 9' Ceilings on Main Level</Description><PlanImages><ElevationImage SequencePosition="1" ReferenceType="URL">http://www.insigniahomesinc.com/_images/models/talbot1_thumb.jpg</ElevationImage><ElevationImage SequencePosition="2" ReferenceType="URL">http://www.insigniahomesinc.com/_images/models/talbot2_thumb.jpg</ElevationImage></PlanImages><PlanWebsite>http://www.insigniahomesinc.com/models_talbot.php</PlanWebsite></Plan><Plan Type="SingleFamily"><PlanNumber>122144421938381037922498016165</PlanNumber><PlanName>Huntington</PlanName><PlanNotAvailable>0</PlanNotAvailable><PlanTypeName>Single Family</PlanTypeName><BasePrice>0.00</BasePrice><BaseSqft>2692</BaseSqft><Baths>2</Baths><HalfBaths>1</HalfBaths><Bedrooms MasterBedLocation="Down">4</Bedrooms><Garage>0.0</Garage><Description>2,692 Square Feet, 2-Story Colonial, 4-Bedroom; 2.5 Bath, 9' Ceilings on First Floor, Extremely Flexible Floorplan</Description><PlanImages><ElevationImage SequencePosition="1" ReferenceType="URL">http://www.insigniahomesinc.com/_images/models/huntington1_thumb.jpg</ElevationImage><ElevationImage SequencePosition="2" ReferenceType="URL">http://www.insigniahomesinc.com/_images/models/huntington2_thumb.jpg</ElevationImage><ElevationImage SequencePosition="3" ReferenceType="URL">http://www.insigniahomesinc.com/_images/models/huntington3_thumb.jpg</ElevationImage><ElevationImage SequencePosition="4" ReferenceType="URL">http://www.insigniahomesinc.com/_images/models/huntington4_thumb.jpg</ElevationImage><ElevationImage SequencePosition="5" ReferenceType="URL">http://www.insigniahomesinc.com/_images/models/huntington5_thumb.jpg</ElevationImage><ElevationImage SequencePosition="6" ReferenceType="URL">http://www.insigniahomesinc.com/_images/models/huntington6_thumb.jpg</ElevationImage><ElevationImage SequencePosition="7" ReferenceType="URL">http://www.insigniahomesinc.com/_images/models/huntington7_thumb.jpg</ElevationImage></PlanImages><PlanWebsite>http://www.insigniahomesinc.com/models_huntington.php</PlanWebsite></Plan><Plan Type="SingleFamily"><PlanNumber>642184392897308712338756529542</PlanNumber><PlanName>Greenbrier</PlanName><PlanNotAvailable>0</PlanNotAvailable><PlanTypeName>Single Family</PlanTypeName><BasePrice>0.00</BasePrice><BaseSqft>1830</BaseSqft><Baths>2</Baths><HalfBaths>0</HalfBaths><Bedrooms MasterBedLocation="Down">3</Bedrooms><Garage>0.0</Garage><Description>1,830 Square Feet, 3-Bedroom; 2 Bath, 9' Ceilings on First Floor, E1: $269,990, E2: $270,990, E3: $271,990,  (.xls)</Description><PlanImages><ElevationImage SequencePosition="1" ReferenceType="URL">http://www.insigniahomesinc.com/_images/models/greenbrier1_thumb.jpg</ElevationImage><ElevationImage SequencePosition="2" ReferenceType="URL">http://www.insigniahomesinc.com/_images/models/greenbrier2_thumb.jpg</ElevationImage><ElevationImage SequencePosition="3" ReferenceType="URL">http://www.insigniahomesinc.com/_images/models/greenbrier3_thumb.jpg</ElevationImage></PlanImages><PlanWebsite>http://www.insigniahomesinc.com/models_greenbrier.php</PlanWebsite></Plan><Plan Type="SingleFamily"><PlanNumber>316101520670002067351702632441</PlanNumber><PlanName>Hampton</PlanName><PlanNotAvailable>0</PlanNotAvailable><PlanTypeName>Single Family</PlanTypeName><BasePrice>0.00</BasePrice><BaseSqft>1951</BaseSqft><Baths>2</Baths><HalfBaths>0</HalfBaths><Bedrooms MasterBedLocation="Down">3</Bedrooms><Garage>0.0</Garage><Description>1,951 Square Feet, 3-Bedroom; 2 Bath, 9' Ceilings on First Floor, E1: $272,990, E2: $273,990, E3: $275,990,  (.xls)</Description><PlanImages><ElevationImage SequencePosition="1" ReferenceType="URL">http://www.insigniahomesinc.com/_images/models/hampton1_thumb.jpg</ElevationImage></PlanImages><PlanWebsite>http://www.insigniahomesinc.com/models_hampton.php</PlanWebsite></Plan><Plan Type="SingleFamily"><PlanNumber>354760555259090417471288884510</PlanNumber><PlanName>Brighton</PlanName><PlanNotAvailable>0</PlanNotAvailable><PlanTypeName>Single Family</PlanTypeName><BasePrice>0.00</BasePrice><BaseSqft>2319</BaseSqft><Baths>2</Baths><HalfBaths>1</HalfBaths><Bedrooms MasterBedLocation="Down">4</Bedrooms><Garage>0.0</Garage><Description>2,319 sq. ft., 2-Story Colonial, 4-Bedroom; 2.5 Bath, Deluxe Bath Option</Description><PlanImages><ElevationImage SequencePosition="1" ReferenceType="URL">http://www.insigniahomesinc.com/_images/models/brighton1_thumb.jpg</ElevationImage></PlanImages><PlanWebsite>http://www.insigniahomesinc.com/models_brighton.php</PlanWebsite></Plan><Plan Type="SingleFamily"><PlanNumber>711167557625989611164650826171</PlanNumber><PlanName>Smithfield</PlanName><PlanNotAvailable>0</PlanNotAvailable><PlanTypeName>Single Family</PlanTypeName><BasePrice>0.00</BasePrice><BaseSqft>2963</BaseSqft><Baths>2</Baths><HalfBaths>1</HalfBaths><Bedrooms MasterBedLocation="Down">4</Bedrooms><Garage>0.0</Garage><Description>2,963 Square Feet, 2-Story Colonial, 4-Bedroom; 2.5 Bath, First Floor Library, Open Foyer, Optional Bonus Room</Description><PlanImages><ElevationImage SequencePosition="1" ReferenceType="URL">http://www.insigniahomesinc.com/_images/models/smithfield1_thumb.jpg</ElevationImage><ElevationImage SequencePosition="2" ReferenceType="URL">http://www.insigniahomesinc.com/_images/models/smithfield2_thumb.jpg</ElevationImage><ElevationImage SequencePosition="3" ReferenceType="URL">http://www.insigniahomesinc.com/_images/models/smithfield3_thumb.jpg</ElevationImage><ElevationImage SequencePosition="4" ReferenceType="URL">http://www.insigniahomesinc.com/_images/models/smithfield4_thumb.jpg</ElevationImage><ElevationImage SequencePosition="5" ReferenceType="URL">http://www.insigniahomesinc.com/_images/models/smithfield5_thumb.jpg</ElevationImage></PlanImages><PlanWebsite>http://www.insigniahomesinc.com/models_smithfield.php</PlanWebsite></Plan><Plan Type="SingleFamily"><PlanNumber>739705987756273579308452223937</PlanNumber><PlanName>Windham</PlanName><PlanNotAvailable>0</PlanNotAvailable><PlanTypeName>Single Family</PlanTypeName><BasePrice>0.00</BasePrice><BaseSqft>2267</BaseSqft><Baths>2</Baths><HalfBaths>1</HalfBaths><Bedrooms MasterBedLocation="Down">3</Bedrooms><Garage>0.0</Garage><Description>2,267 sq. ft., Rancher, 3-Bedroom; 2.5 Bath, Great Room, Study &amp; Dining Room</Description><PlanImages><ElevationImage SequencePosition="1" ReferenceType="URL">http://www.insigniahomesinc.com/_images/models/windham1_thumb.jpg</ElevationImage><ElevationImage SequencePosition="2" ReferenceType="URL">http://www.insigniahomesinc.com/_images/models/windham2_thumb.jpg</ElevationImage><ElevationImage SequencePosition="3" ReferenceType="URL">http://www.insigniahomesinc.com/_images/models/windham3_thumb.jpg</ElevationImage></PlanImages><PlanWebsite>http://www.insigniahomesinc.com/models_windham.php</PlanWebsite></Plan><Plan Type="SingleFamily"><PlanNumber>222813647594101052938633175767</PlanNumber><PlanName>Monocacy</PlanName><PlanNotAvailable>0</PlanNotAvailable><PlanTypeName>Single Family</PlanTypeName><BasePrice>0.00</BasePrice><BaseSqft>2573</BaseSqft><Baths>2</Baths><HalfBaths>1</HalfBaths><Bedrooms MasterBedLocation="Down">4</Bedrooms><Garage>0.0</Garage><Description>2,573 sq. ft., 2-Story Colonial, 4-Bedroom; 2.5 Bath, Optional 5th Bedroom, Optional Sitting Room</Description><PlanImages><ElevationImage SequencePosition="1" ReferenceType="URL">http://www.insigniahomesinc.com/_images/models/monocacy1_thumb.jpg</ElevationImage><ElevationImage SequencePosition="2" ReferenceType="URL">http://www.insigniahomesinc.com/_images/models/monocacy2_thumb.jpg</ElevationImage></PlanImages><PlanWebsite>http://www.insigniahomesinc.com/models_monocacy.php</PlanWebsite></Plan><Plan Type="SingleFamily"><PlanNumber>241690459206467673246207189925</PlanNumber><PlanName>Oxford</PlanName><PlanNotAvailable>0</PlanNotAvailable><PlanTypeName>Single Family</PlanTypeName><BasePrice>0.00</BasePrice><BaseSqft>1580</BaseSqft><Baths>2</Baths><HalfBaths>0</HalfBaths><Bedrooms MasterBedLocation="Down">3</Bedrooms><Garage>0.0</Garage><Description>1,580 sq. ft., Split Level, 3-Bedroom; 2 Bath</Description><PlanImages><ElevationImage SequencePosition="1" ReferenceType="URL">http://www.insigniahomesinc.com/_images/models/oxford1_thumb.jpg</ElevationImage><ElevationImage SequencePosition="2" ReferenceType="URL">http://www.insigniahomesinc.com/_images/models/oxford2_thumb.jpg</ElevationImage><ElevationImage SequencePosition="3" ReferenceType="URL">http://www.insigniahomesinc.com/_images/models/oxford3_thumb.jpg</ElevationImage></PlanImages><PlanWebsite>http://www.insigniahomesinc.com/models_oxford.php</PlanWebsite></Plan><Plan Type="SingleFamily"><PlanNumber>65704301819608906485327699409</PlanNumber><PlanName>Cambridge</PlanName><PlanNotAvailable>0</PlanNotAvailable><PlanTypeName>Single Family</PlanTypeName><BasePrice>0.00</BasePrice><BaseSqft>2448</BaseSqft><Baths>2</Baths><HalfBaths>1</HalfBaths><Bedrooms MasterBedLocation="Down">4</Bedrooms><Garage>0.0</Garage><Description>2,448 Square Feet, 4 Bedroom; 2 1/2 Bath, 2-Car Garage, 9' Ceilings First Floor, 2-Story Open Foyer, Large Owner's Suite, Upgrade Master Bath Available</Description><PlanImages><ElevationImage SequencePosition="1" ReferenceType="URL">http://www.insigniahomesinc.com/_images/models/cambridge1_thumb.jpg</ElevationImage><ElevationImage SequencePosition="2" ReferenceType="URL">http://www.insigniahomesinc.com/_images/models/cambridge2_thumb.jpg</ElevationImage></PlanImages><PlanWebsite>http://www.insigniahomesinc.com/models_cambridge.php</PlanWebsite></Plan><Plan Type="SingleFamily"><PlanNumber>759867122081814372506011567649</PlanNumber><PlanName>Coventry</PlanName><PlanNotAvailable>0</PlanNotAvailable><PlanTypeName>Single Family</PlanTypeName><BasePrice>0.00</BasePrice><BaseSqft>1407</BaseSqft><Baths>2</Baths><HalfBaths>0</HalfBaths><Bedrooms MasterBedLocation="Down">3</Bedrooms><Garage>2.0</Garage><Description>1407 sf, Rancher, 3 Bedroom / 2 Full Bath, Greatroom - Open Concept, 2 Car Garage, 9' Ceilings</Description><PlanImages><ElevationImage SequencePosition="1" ReferenceType="URL">http://www.insigniahomesinc.com/_images/models/coventry1_thumb.jpg</ElevationImage><ElevationImage SequencePosition="2" ReferenceType="URL">http://www.insigniahomesinc.com/_images/models/coventry2_thumb.jpg</ElevationImage><ElevationImage SequencePosition="3" ReferenceType="URL">http://www.insigniahomesinc.com/_images/models/coventry3_thumb.jpg</ElevationImage><ElevationImage SequencePosition="4" ReferenceType="URL">http://www.insigniahomesinc.com/_images/models/coventry4_thumb.jpg</ElevationImage></PlanImages><PlanWebsite>http://www.insigniahomesinc.com/models_coventry.php</PlanWebsite></Plan></Subdivision></Builder></Corporation></Builders>