<Builders DateGenerated="2021-10-22T10:54:10"><Corporation><CorporateBuilderNumber>54130</CorporateBuilderNumber><CorporateState>IN</CorporateState><CorporateName>Domega Homes</CorporateName><Builder><BuilderNumber>30554</BuilderNumber><BrandName>Heartland Builders</BrandName><BrandLogo_Med ReferenceType="URL">https://www.heartlandbuild.com/images/heartland-builders-logo.png</BrandLogo_Med><ReportingName>Heartland Builders</ReportingName><DefaultLeadsEmail LeadsPerMessage="All">leads@thebdx.com</DefaultLeadsEmail><BuilderWebsite>http://domegahomes.com/</BuilderWebsite><Subdivision Status="Active"><SubdivisionNumber>30554</SubdivisionNumber><SubdivisionName>Heartland Builders</SubdivisionName><BuildOnYourLot>0</BuildOnYourLot><SalesOffice><Address OutOfCommunity="0"><Street1>952 Peachcrest Drive</Street1><City>Pueblo</City><State>CO</State><ZIP>81005</ZIP></Address><Phone><AreaCode>719</AreaCode><Prefix>566</Prefix><Suffix>8245</Suffix></Phone><Email>sales@domegahomes.com</Email></SalesOffice><SubDescription>Over 40 years of AWARD WINNING EXPERIENCE Where lifestyle, design, and energy efficiency meet</SubDescription><SubImage SequencePosition="1" Title="House1" ReferenceType="URL">https://static.wixstatic.com/media/2cccd9_ae676e4895e94121a278a6f7e5ff9115~mv2_d_3000_1804_s_2.jpg/v1/fill/w_1582,h_951,al_c,q_85,usm_0.66_1.00_0.01/2cccd9_ae676e4895e94121a278a6f7e5ff9115~mv2_d_3000_1804_s_2.jpg</SubImage><SubImage SequencePosition="2" Title="House1" ReferenceType="URL">https://static.wixstatic.com/media/2cccd9_7e3982b437d64fd68493388d6308f010~mv2_d_7080_3982_s_4_2.jpg/v1/fill/w_1583,h_890,al_c,q_85,usm_0.66_1.00_0.01/2cccd9_7e3982b437d64fd68493388d6308f010~mv2_d_7080_3982_s_4_2.jpg</SubImage><SubImage SequencePosition="3" Title="House1" ReferenceType="URL">https://static.wixstatic.com/media/2cccd9_68c44a25c3d448818218cf4747008813~mv2_d_7680_4320_s_4_2.jpg/v1/fill/w_1583,h_890,al_c,q_85,usm_0.66_1.00_0.01/2cccd9_68c44a25c3d448818218cf4747008813~mv2_d_7680_4320_s_4_2.jpg</SubImage><SubImage SequencePosition="4" Title="House1" ReferenceType="URL">https://static.wixstatic.com/media/2cccd9_8a3bf9da6c66466d96aeae2093287c52~mv2_d_7080_3982_s_4_2.jpg/v1/fill/w_1583,h_890,al_c,q_85,usm_0.66_1.00_0.01/2cccd9_8a3bf9da6c66466d96aeae2093287c52~mv2_d_7080_3982_s_4_2.jpg</SubImage><SubWebsite>http://domegahomes.com/</SubWebsite></Subdivision></Builder></Corporation></Builders>