<Builders DateGenerated="2021-10-22T10:56:02"><Corporation><CorporateBuilderNumber>33243</CorporateBuilderNumber><CorporateState>NM</CorporateState><CorporateName>Heinz Built Homes LLC</CorporateName><Builder><BuilderNumber>49123</BuilderNumber><BrandName>Homes By Kim Brooks</BrandName><BrandLogo_Med ReferenceType="URL">https://static.wixstatic.com/media/4fa1e5_a0da954babfa4eefa8034dc4bdbe68ac.jpg/v1/fill/w_269,h_92,al_c,q_80,usm_0.66_1.00_0.01/4fa1e5_a0da954babfa4eefa8034dc4bdbe68ac.webp</BrandLogo_Med><ReportingName>Homes By Kim Brooks</ReportingName><DefaultLeadsEmail LeadsPerMessage="All">leads@thebdx.com</DefaultLeadsEmail><BuilderWebsite>http://www.heinzbuilt.com/</BuilderWebsite><Subdivision Status="Active"><SubdivisionNumber>49123</SubdivisionNumber><SubdivisionName>Homes By Kim Brooks</SubdivisionName><BuildOnYourLot>0</BuildOnYourLot><SalesOffice><Address OutOfCommunity="0"><Street1>6261 W Founders Dr</Street1><City>Eagle</City><State>ID</State><ZIP>83616</ZIP></Address><Phone><AreaCode>208</AreaCode><Prefix>288</Prefix><Suffix>5495</Suffix></Phone><Email>heinzbuilt@yahoo.com</Email></SalesOffice><SubDescription>Heinz Built Homes LLC, is primarily a &#8220;custom&#8221; builder, not a &#8220;spec&#8221; builder. This means that we design and build for our clients what they want, where they want. This reduces the costs of the home, as we are not building in holding costs while we wait for a buyer. This also means you pay for all the things you love about your home without getting those few features or designs you don&#8217;t really care about that someone else thought you should have. It&#8217;s a home built for you.</SubDescription><SubWebsite>http://www.heinzbuilt.com/</SubWebsite></Subdivision></Builder></Corporation></Builders>