<Builders DateGenerated="2021-10-22T10:55:59"><Corporation><CorporateBuilderNumber>51294</CorporateBuilderNumber><CorporateState>WV</CorporateState><CorporateName>Hennessey Homes Inc.</CorporateName><Builder><BuilderNumber>40385</BuilderNumber><BrandName>Home Pro Custom Builders</BrandName><BrandLogo_Med ReferenceType="URL">http://www.homeprowv.com/data/tinyMCE_Images/HomeProLogo.jpg</BrandLogo_Med><ReportingName>Home Pro Custom Builders</ReportingName><DefaultLeadsEmail LeadsPerMessage="All">leads@thebdx.com</DefaultLeadsEmail><BuilderWebsite>http://www.hennesseyhomesinc.com/</BuilderWebsite><Subdivision Status="Active"><SubdivisionNumber>40385</SubdivisionNumber><SubdivisionName>Home Pro Custom Builders</SubdivisionName><BuildOnYourLot>0</BuildOnYourLot><SalesOffice><Address OutOfCommunity="0"><Street1>W7101 Firelane 2</Street1><City>Menasha</City><State>WI</State><ZIP>54952</ZIP></Address><Phone><AreaCode>920</AreaCode><Prefix>470</Prefix><Suffix>9691</Suffix></Phone><Email>build@hennesseyhomesinc.com</Email></SalesOffice><SubDescription>Hennessey Homes Inc. is a leading Fox Cities home builder with a proven record of excellence in designing and managing quality construction projects in the Fox Valley - Appleton, WI area for over 25 years. No matter the size of your new home construction project, the experienced professionals at Hennessey Homes Inc. will plan, design, construct, and maintain your new home project. You'll Be Glad You Chose Us! Effective planning is crucial to the successful completion of any project. Before starting the project, our team of experts will first assess your needs and goals. Then we provide you with an cost estimate and time-line for completion. From beginning to end you will be involved every step of the way. Cost-Effective Services Eliminate all the items on your to-do list by calling the experts at Hennessey Homes Inc. You'll be glad you did! We have many years of experience and work hard to make sure the job is done right while saving you time, money, and aggravation. We'll be there whenever you need us.</SubDescription><SubImage SequencePosition="1" Title="House1" ReferenceType="URL">http://www.hennesseyhomesinc.com/image/53817730.jpg</SubImage><SubWebsite>http://www.hennesseyhomesinc.com/</SubWebsite></Subdivision></Builder></Corporation></Builders>