<Builders DateGenerated="2021-10-22T10:56:11"><Corporation><CorporateBuilderNumber>52082</CorporateBuilderNumber><CorporateState>KY</CorporateState><CorporateName>Heavenly-Homes</CorporateName><Builder><BuilderNumber>28312</BuilderNumber><BrandName>Kinder Construction</BrandName><BrandLogo_Med ReferenceType="URL">https://static.wixstatic.com/media/857450_709443a66a64485482f4dfcc98e9da82~mv2.png/v1/fill/w_97,h_100,al_c,q_85,usm_0.66_1.00_0.01/857450_709443a66a64485482f4dfcc98e9da82~mv2.webp</BrandLogo_Med><ReportingName>Kinder Construction</ReportingName><DefaultLeadsEmail LeadsPerMessage="All">leads@thebdx.com</DefaultLeadsEmail><BuilderWebsite>heavenly-homes.com</BuilderWebsite><Subdivision Status="Active"><SubdivisionNumber>28312</SubdivisionNumber><SubdivisionName>Kinder Construction</SubdivisionName><BuildOnYourLot>0</BuildOnYourLot><SalesOffice><Address OutOfCommunity="0"><Street1>10810 Katy Freeway #205</Street1><City>Houston</City><State>TX</State><ZIP>77043</ZIP></Address><Phone><AreaCode>281</AreaCode><Prefix>582</Prefix><Suffix>6596</Suffix></Phone><Email>info@heavenly-homes.com</Email></SalesOffice><SubDescription>Heavenly Homes is dedicated to staying on the leading edge of technology, energy efficiency and construction techniques in order to provide you a home of the future. From conception to completion, on your lot, or ours, Heavenly Homes is the right choice for all your home building needs. Please feel free to contact us with any questions or inquiries you may have, or to schedule a consultation. We thank you kindly for visiting our site, and your interest in working with us. We look forward to hearing from you soon!</SubDescription><SubImage SequencePosition="1" Title="House1" ReferenceType="URL">https://heavenly-homes.com/wp-content/uploads/2016/04/about-header.jpg</SubImage><SubImage SequencePosition="2" Title="House1" ReferenceType="URL">https://heavenly-homes.com/wp-content/uploads/2016/04/about-footer.jpg</SubImage><SubWebsite>heavenly-homes.com</SubWebsite><Plan Type="SingleFamily"><PlanNumber>404427409793656776750880508779</PlanNumber><PlanName>FLOOR PLAN 7215</PlanName><PlanNotAvailable>0</PlanNotAvailable><PlanTypeName>Single Family</PlanTypeName><BasePrice>0.00</BasePrice><BaseSqft>7215</BaseSqft><Baths>7</Baths><HalfBaths>1</HalfBaths><Bedrooms MasterBedLocation="Down">6</Bedrooms><Garage>5.0</Garage><Description>Full Bar/Grotto, Full Pool Bath, 1st floor game, Open Kitchen / Family / Dinning</Description><PlanImages><ElevationImage SequencePosition="1" ReferenceType="URL">https://heavenly-homes.com/wp-content/uploads/2016/04/Floor-Plan-7515.jpg</ElevationImage><ElevationImage SequencePosition="2" ReferenceType="URL">https://heavenly-homes.com/wp-content/uploads/2016/04/15-Willowcreek-Ranch-Rd2-1.jpg</ElevationImage><ElevationImage SequencePosition="3" ReferenceType="URL">https://heavenly-homes.com/wp-content/uploads/2016/04/fl7215-1.jpg</ElevationImage><ElevationImage SequencePosition="4" ReferenceType="URL">https://heavenly-homes.com/wp-content/uploads/2016/04/fl7215-2.jpg</ElevationImage><ElevationImage SequencePosition="5" ReferenceType="URL">https://heavenly-homes.com/wp-content/uploads/2016/04/fl7215-3.jpg</ElevationImage><ElevationImage SequencePosition="6" ReferenceType="URL">https://heavenly-homes.com/wp-content/uploads/2016/04/fl7215-4.jpg</ElevationImage><ElevationImage SequencePosition="7" ReferenceType="URL">https://heavenly-homes.com/wp-content/uploads/2016/04/fl7215-5.jpg</ElevationImage></PlanImages><PlanWebsite>https://heavenly-homes.com/2016/03/28/floor-plan-7215/</PlanWebsite></Plan><Plan Type="SingleFamily"><PlanNumber>69142942288733285510687170370</PlanNumber><PlanName>FLOOR PLAN 5642</PlanName><PlanNotAvailable>0</PlanNotAvailable><PlanTypeName>Single Family</PlanTypeName><BasePrice>0.00</BasePrice><BaseSqft>5642</BaseSqft><Baths>4</Baths><HalfBaths>1</HalfBaths><Bedrooms MasterBedLocation="Down">5</Bedrooms><Garage>2.0</Garage><Description>Game Room Down, Large Wine Grotto, Open Kitchen / Family / Breakfast</Description><PlanImages><ElevationImage SequencePosition="1" ReferenceType="URL">https://heavenly-homes.com/wp-content/uploads/2016/04/image_5642.jpg</ElevationImage></PlanImages><PlanWebsite>https://heavenly-homes.com/2016/03/28/floor-plan-5642/</PlanWebsite></Plan><Plan Type="SingleFamily"><PlanNumber>526855649505697397338206630500</PlanNumber><PlanName>FLOOR PLAN 3609</PlanName><PlanNotAvailable>0</PlanNotAvailable><PlanTypeName>Single Family</PlanTypeName><BasePrice>0.00</BasePrice><BaseSqft>3609</BaseSqft><Baths>3</Baths><HalfBaths>1</HalfBaths><Bedrooms MasterBedLocation="Down">3</Bedrooms><Garage>3.0</Garage><Description>Theater Room</Description><PlanImages><ElevationImage SequencePosition="1" ReferenceType="URL">https://heavenly-homes.com/wp-content/uploads/2016/04/Floor-Plan-3609-600x1333.jpg</ElevationImage><ElevationImage SequencePosition="2" ReferenceType="URL">https://heavenly-homes.com/wp-content/uploads/2016/04/Kitchen-3.jpg</ElevationImage><ElevationImage SequencePosition="3" ReferenceType="URL">https://heavenly-homes.com/wp-content/uploads/2016/04/Foyer-2.jpg</ElevationImage><ElevationImage SequencePosition="4" ReferenceType="URL">https://heavenly-homes.com/wp-content/uploads/2016/04/Family-3.jpg</ElevationImage><ElevationImage SequencePosition="5" ReferenceType="URL">https://heavenly-homes.com/wp-content/uploads/2016/04/Family-2-1.jpg</ElevationImage><ElevationImage SequencePosition="6" ReferenceType="URL">https://heavenly-homes.com/wp-content/uploads/2016/04/Bath-3.jpg</ElevationImage><ElevationImage SequencePosition="7" ReferenceType="URL">https://heavenly-homes.com/wp-content/uploads/2016/04/1-Front.jpg</ElevationImage></PlanImages><PlanWebsite>https://heavenly-homes.com/2016/03/28/floor-plan-3609/</PlanWebsite></Plan><Plan Type="SingleFamily"><PlanNumber>328909338103578219845407322578</PlanNumber><PlanName>FLOOR PLAN 4744</PlanName><PlanNotAvailable>0</PlanNotAvailable><PlanTypeName>Single Family</PlanTypeName><BasePrice>0.00</BasePrice><BaseSqft>4744</BaseSqft><Baths>4</Baths><HalfBaths>2</HalfBaths><Bedrooms MasterBedLocation="Down">4</Bedrooms><Garage>3.0</Garage><Description>Game Room, Covered Balcony and Lanai</Description><PlanImages><ElevationImage SequencePosition="1" ReferenceType="URL">https://heavenly-homes.com/wp-content/uploads/2016/04/Floor-Plan-4744-600x1333.jpg</ElevationImage><ElevationImage SequencePosition="2" ReferenceType="URL">https://heavenly-homes.com/wp-content/uploads/2016/04/2-Front-View3-1.jpg</ElevationImage><ElevationImage SequencePosition="3" ReferenceType="URL">https://heavenly-homes.com/wp-content/uploads/2016/04/Bathroom-14.jpg</ElevationImage><ElevationImage SequencePosition="4" ReferenceType="URL">https://heavenly-homes.com/wp-content/uploads/2016/04/Bathroom-24.jpg</ElevationImage><ElevationImage SequencePosition="5" ReferenceType="URL">https://heavenly-homes.com/wp-content/uploads/2016/04/Bedroom4.jpg</ElevationImage><ElevationImage SequencePosition="6" ReferenceType="URL">https://heavenly-homes.com/wp-content/uploads/2016/04/Dining4.jpg</ElevationImage><ElevationImage SequencePosition="7" ReferenceType="URL">https://heavenly-homes.com/wp-content/uploads/2016/04/Foyer4-1.jpg</ElevationImage><ElevationImage SequencePosition="8" ReferenceType="URL">https://heavenly-homes.com/wp-content/uploads/2016/04/Kitchen4-1.jpg</ElevationImage><ElevationImage SequencePosition="9" ReferenceType="URL">https://heavenly-homes.com/wp-content/uploads/2016/04/Living-33.jpg</ElevationImage><ElevationImage SequencePosition="10" ReferenceType="URL">https://heavenly-homes.com/wp-content/uploads/2016/04/Living-43.jpg</ElevationImage><ElevationImage SequencePosition="11" ReferenceType="URL">https://heavenly-homes.com/wp-content/uploads/2016/04/Sitting-Room3.jpg</ElevationImage><ElevationImage SequencePosition="12" ReferenceType="URL">https://heavenly-homes.com/wp-content/uploads/2016/04/Study4.jpg</ElevationImage></PlanImages><PlanWebsite>https://heavenly-homes.com/2016/03/28/floor-plan-4744/</PlanWebsite></Plan><Plan Type="SingleFamily"><PlanNumber>489211750304660026921758643706</PlanNumber><PlanName>FLOOR PLAN 4081</PlanName><PlanNotAvailable>0</PlanNotAvailable><PlanTypeName>Single Family</PlanTypeName><BasePrice>0.00</BasePrice><BaseSqft>4081</BaseSqft><Baths>4</Baths><HalfBaths>2</HalfBaths><Bedrooms MasterBedLocation="Down">4</Bedrooms><Garage>4.0</Garage><Description>Kids Cave, Wet Bar, Service Kitchen, Covered Porch, Study</Description><PlanImages><ElevationImage SequencePosition="1" ReferenceType="URL">https://heavenly-homes.com/wp-content/uploads/2016/08/4081-Floorplan.jpg</ElevationImage><ElevationImage SequencePosition="2" ReferenceType="URL">https://heavenly-homes.com/wp-content/uploads/2016/08/1Q7B0024-1024x687.jpg</ElevationImage><ElevationImage SequencePosition="3" ReferenceType="URL">https://heavenly-homes.com/wp-content/uploads/2016/08/1Q7B0023-copy-1024x683.jpg</ElevationImage><ElevationImage SequencePosition="4" ReferenceType="URL">https://heavenly-homes.com/wp-content/uploads/2016/08/1Q7B0026-1024x684.jpg</ElevationImage><ElevationImage SequencePosition="5" ReferenceType="URL">https://heavenly-homes.com/wp-content/uploads/2016/08/1Q7B0029-Edit-1024x685.jpg</ElevationImage><ElevationImage SequencePosition="6" ReferenceType="URL">https://heavenly-homes.com/wp-content/uploads/2016/08/1Q7B0096-1024x688.jpg</ElevationImage><ElevationImage SequencePosition="7" ReferenceType="URL">https://heavenly-homes.com/wp-content/uploads/2016/08/1Q7B0034-686x1024.jpg</ElevationImage><ElevationImage SequencePosition="8" ReferenceType="URL">https://heavenly-homes.com/wp-content/uploads/2016/08/1Q7B0085-1024x684.jpg</ElevationImage><ElevationImage SequencePosition="9" ReferenceType="URL">https://heavenly-homes.com/wp-content/uploads/2016/08/1Q7B0058-1024x683.jpg</ElevationImage><ElevationImage SequencePosition="10" ReferenceType="URL">https://heavenly-homes.com/wp-content/uploads/2016/08/1Q7B0048-1024x683.jpg</ElevationImage><ElevationImage SequencePosition="11" ReferenceType="URL">https://heavenly-homes.com/wp-content/uploads/2016/08/1Q7B0050-1024x683.jpg</ElevationImage><ElevationImage SequencePosition="12" ReferenceType="URL">https://heavenly-homes.com/wp-content/uploads/2016/08/1Q7B0049-1024x683.jpg</ElevationImage><ElevationImage SequencePosition="13" ReferenceType="URL">https://heavenly-homes.com/wp-content/uploads/2016/08/1Q7B0053-1024x683.jpg</ElevationImage><ElevationImage SequencePosition="14" ReferenceType="URL">https://heavenly-homes.com/wp-content/uploads/2016/08/1Q7B0064-1024x692.jpg</ElevationImage><ElevationImage SequencePosition="15" ReferenceType="URL">https://heavenly-homes.com/wp-content/uploads/2016/08/1Q7B0039-1024x683.jpg</ElevationImage><ElevationImage SequencePosition="16" ReferenceType="URL">https://heavenly-homes.com/wp-content/uploads/2016/08/1Q7B0046-Edit-1024x683.jpg</ElevationImage></PlanImages><PlanWebsite>https://heavenly-homes.com/2016/08/16/floor-plan-4081/</PlanWebsite></Plan><Plan Type="SingleFamily"><PlanNumber>369564982299412062521354228809</PlanNumber><PlanName>FLOOR PLAN 4563</PlanName><PlanNotAvailable>0</PlanNotAvailable><PlanTypeName>Single Family</PlanTypeName><BasePrice>0.00</BasePrice><BaseSqft>4563</BaseSqft><Baths>4</Baths><HalfBaths>1</HalfBaths><Bedrooms MasterBedLocation="Down">4</Bedrooms><Garage>3.0</Garage><Description>Exercise Room, Game Room, Wine Room, Summer Kitchen, Veranda</Description><PlanImages><ElevationImage SequencePosition="1" ReferenceType="URL">https://heavenly-homes.com/wp-content/uploads/2020/04/full-floorplan.png</ElevationImage></PlanImages><PlanWebsite>https://heavenly-homes.com/2020/04/16/floor-plan-4563/</PlanWebsite></Plan><Plan Type="SingleFamily"><PlanNumber>433665190609789676010355419865</PlanNumber><PlanName>FLOOR PLAN 4316</PlanName><PlanNotAvailable>0</PlanNotAvailable><PlanTypeName>Single Family</PlanTypeName><BasePrice>0.00</BasePrice><BaseSqft>4352</BaseSqft><Baths>3</Baths><HalfBaths>1</HalfBaths><Bedrooms MasterBedLocation="Down">4</Bedrooms><Garage>3.0</Garage><Description>Game Room, Lounge, Lanai</Description><PlanImages><ElevationImage SequencePosition="1" ReferenceType="URL">https://heavenly-homes.com/wp-content/uploads/2016/04/Overview_4316.gif</ElevationImage><ElevationImage SequencePosition="2" ReferenceType="URL">https://heavenly-homes.com/wp-content/uploads/2016/04/4316-1.jpg</ElevationImage><ElevationImage SequencePosition="3" ReferenceType="URL">https://heavenly-homes.com/wp-content/uploads/2016/04/Bath-1-1.jpg</ElevationImage><ElevationImage SequencePosition="4" ReferenceType="URL">https://heavenly-homes.com/wp-content/uploads/2016/04/Bath-2.jpg</ElevationImage><ElevationImage SequencePosition="5" ReferenceType="URL">https://heavenly-homes.com/wp-content/uploads/2016/04/Dining-2.jpg</ElevationImage><ElevationImage SequencePosition="6" ReferenceType="URL">https://heavenly-homes.com/wp-content/uploads/2016/04/Family-1.jpg</ElevationImage><ElevationImage SequencePosition="7" ReferenceType="URL">https://heavenly-homes.com/wp-content/uploads/2016/04/Kitchen-2.jpg</ElevationImage><ElevationImage SequencePosition="8" ReferenceType="URL">https://heavenly-homes.com/wp-content/uploads/2016/04/Staircase-1.jpg</ElevationImage></PlanImages><PlanWebsite>https://heavenly-homes.com/2016/03/28/floor-plan-4316/</PlanWebsite></Plan><Plan Type="SingleFamily"><PlanNumber>645822402730748746364231479212</PlanNumber><PlanName>FLOOR PLAN 3505</PlanName><PlanNotAvailable>0</PlanNotAvailable><PlanTypeName>Single Family</PlanTypeName><BasePrice>0.00</BasePrice><BaseSqft>3505</BaseSqft><Baths>3</Baths><HalfBaths>0</HalfBaths><Bedrooms MasterBedLocation="Down">3</Bedrooms><Garage>2.0</Garage><Description>Raised Theater Room, and Lanai</Description><PlanImages><ElevationImage SequencePosition="1" ReferenceType="URL">https://heavenly-homes.com/wp-content/uploads/2016/04/Floor-Plan-35052-600x1418.jpg</ElevationImage></PlanImages><PlanWebsite>https://heavenly-homes.com/2016/03/24/floor-plan-3505/</PlanWebsite></Plan><Plan Type="SingleFamily"><PlanNumber>135828592425454914712736067100</PlanNumber><PlanName>FLOOR PLAN 8257</PlanName><PlanNotAvailable>0</PlanNotAvailable><PlanTypeName>Single Family</PlanTypeName><BasePrice>0.00</BasePrice><BaseSqft>8270</BaseSqft><Baths>6</Baths><HalfBaths>2</HalfBaths><Bedrooms MasterBedLocation="Down">6</Bedrooms><Garage>4.0</Garage><Description>Exercise Room, Sun Terrace, Game Room, Library, 2 Stroy Living Room</Description><PlanImages><ElevationImage SequencePosition="1" ReferenceType="URL">https://heavenly-homes.com/wp-content/uploads/2019/09/Floor-Plan-8257-1.png</ElevationImage><ElevationImage SequencePosition="2" ReferenceType="URL">https://heavenly-homes.com/wp-content/uploads/2019/09/LWR_Photo-8.jpg</ElevationImage><ElevationImage SequencePosition="3" ReferenceType="URL">https://heavenly-homes.com/wp-content/uploads/2019/09/LWR_Photo-1.jpg</ElevationImage><ElevationImage SequencePosition="4" ReferenceType="URL">https://heavenly-homes.com/wp-content/uploads/2019/09/LWR_Photo-2.jpg</ElevationImage><ElevationImage SequencePosition="5" ReferenceType="URL">https://heavenly-homes.com/wp-content/uploads/2019/09/LWR_Photo-7.jpg</ElevationImage></PlanImages><PlanWebsite>https://heavenly-homes.com/2019/09/26/floor-plan-8257/</PlanWebsite></Plan><Plan Type="SingleFamily"><PlanNumber>341633299836042070378644791936</PlanNumber><PlanName>FLOOR PLAN 6313</PlanName><PlanNotAvailable>0</PlanNotAvailable><PlanTypeName>Single Family</PlanTypeName><BasePrice>0.00</BasePrice><BaseSqft>6313</BaseSqft><Baths>3</Baths><HalfBaths>1</HalfBaths><Bedrooms MasterBedLocation="Down">3</Bedrooms><Garage>3.0</Garage><Description>Upstairs Game Room, Future Theater, and Lanai</Description><PlanImages><ElevationImage SequencePosition="1" ReferenceType="URL">https://heavenly-homes.com/wp-content/uploads/2016/04/floorplan6313-1.jpg</ElevationImage><ElevationImage SequencePosition="2" ReferenceType="URL">https://heavenly-homes.com/wp-content/uploads/2016/04/1-Front-View-1.jpg</ElevationImage><ElevationImage SequencePosition="3" ReferenceType="URL">https://heavenly-homes.com/wp-content/uploads/2016/04/Bathroom.jpg</ElevationImage><ElevationImage SequencePosition="4" ReferenceType="URL">https://heavenly-homes.com/wp-content/uploads/2016/04/Bedroom.jpg</ElevationImage><ElevationImage SequencePosition="5" ReferenceType="URL">https://heavenly-homes.com/wp-content/uploads/2016/04/Ceiling.jpg</ElevationImage><ElevationImage SequencePosition="6" ReferenceType="URL">https://heavenly-homes.com/wp-content/uploads/2016/04/Dining.jpg</ElevationImage><ElevationImage SequencePosition="7" ReferenceType="URL">https://heavenly-homes.com/wp-content/uploads/2016/04/Foyer.jpg</ElevationImage><ElevationImage SequencePosition="8" ReferenceType="URL">https://heavenly-homes.com/wp-content/uploads/2016/04/Kitchen.jpg</ElevationImage><ElevationImage SequencePosition="9" ReferenceType="URL">https://heavenly-homes.com/wp-content/uploads/2016/04/Living.jpg</ElevationImage><ElevationImage SequencePosition="10" ReferenceType="URL">https://heavenly-homes.com/wp-content/uploads/2016/04/Living2.jpg</ElevationImage><ElevationImage SequencePosition="11" ReferenceType="URL">https://heavenly-homes.com/wp-content/uploads/2016/04/Study.jpg</ElevationImage><ElevationImage SequencePosition="12" ReferenceType="URL">https://heavenly-homes.com/wp-content/uploads/2016/04/Wet-Bar.jpg</ElevationImage></PlanImages><PlanWebsite>https://heavenly-homes.com/2016/03/28/floor-plan-6313/</PlanWebsite></Plan><Plan Type="SingleFamily"><PlanNumber>531724897594539218167673303750</PlanNumber><PlanName>FLOOR PLAN 4400</PlanName><PlanNotAvailable>0</PlanNotAvailable><PlanTypeName>Single Family</PlanTypeName><BasePrice>0.00</BasePrice><BaseSqft>4400</BaseSqft><Baths>3</Baths><HalfBaths>1</HalfBaths><Bedrooms MasterBedLocation="Down">4</Bedrooms><Garage>3.0</Garage><Description>Media Room, Covered Porch, Courtyard</Description><PlanImages><ElevationImage SequencePosition="1" ReferenceType="URL">https://heavenly-homes.com/wp-content/uploads/2016/04/Floor-Plan-4400.jpg</ElevationImage></PlanImages><PlanWebsite>https://heavenly-homes.com/2016/03/28/floor-plan-4400/</PlanWebsite></Plan><Plan Type="SingleFamily"><PlanNumber>801504255414745217736659968297</PlanNumber><PlanName>FLOOR PLAN 4269</PlanName><PlanNotAvailable>0</PlanNotAvailable><PlanTypeName>Single Family</PlanTypeName><BasePrice>0.00</BasePrice><BaseSqft>4269</BaseSqft><Baths>4</Baths><HalfBaths>2</HalfBaths><Bedrooms MasterBedLocation="Down">4</Bedrooms><Garage>3.0</Garage><Description>Upstairs Media, Upstairs Bar, Future Elevator, Study, Open Kitchen/Family/Dining, Covered Patio</Description><PlanImages><ElevationImage SequencePosition="1" ReferenceType="URL">https://heavenly-homes.com/wp-content/uploads/2018/03/overview-4269.jpg</ElevationImage></PlanImages><PlanWebsite>https://heavenly-homes.com/2018/03/22/floor-plan-4269/</PlanWebsite></Plan><Plan Type="SingleFamily"><PlanNumber>713924930693881464508755449121</PlanNumber><PlanName>FLOOR PLAN 4699</PlanName><PlanNotAvailable>0</PlanNotAvailable><PlanTypeName>Single Family</PlanTypeName><BasePrice>0.00</BasePrice><BaseSqft>4699</BaseSqft><Baths>5</Baths><HalfBaths>1</HalfBaths><Bedrooms MasterBedLocation="Down">5</Bedrooms><Garage>3.0</Garage><Description>Upstairs Game Room, Outdoor Kitchen and Full Kid&#8217;s Study</Description><PlanImages><ElevationImage SequencePosition="1" ReferenceType="URL">https://heavenly-homes.com/wp-content/uploads/2016/04/FloorPlan_4699.jpg</ElevationImage><ElevationImage SequencePosition="2" ReferenceType="URL">https://heavenly-homes.com/wp-content/uploads/2016/04/Indian-Creek-1-1.jpg</ElevationImage><ElevationImage SequencePosition="3" ReferenceType="URL">https://heavenly-homes.com/wp-content/uploads/2016/04/Indian-Creek-2.jpg</ElevationImage><ElevationImage SequencePosition="4" ReferenceType="URL">https://heavenly-homes.com/wp-content/uploads/2016/04/Kitchen-1-1.jpg</ElevationImage><ElevationImage SequencePosition="5" ReferenceType="URL">https://heavenly-homes.com/wp-content/uploads/2016/04/Living-1.jpg</ElevationImage><ElevationImage SequencePosition="6" ReferenceType="URL">https://heavenly-homes.com/wp-content/uploads/2016/04/Master-1.jpg</ElevationImage><ElevationImage SequencePosition="7" ReferenceType="URL">https://heavenly-homes.com/wp-content/uploads/2016/04/Study-2.jpg</ElevationImage><ElevationImage SequencePosition="8" ReferenceType="URL">https://heavenly-homes.com/wp-content/uploads/2016/04/Utility.jpg</ElevationImage><ElevationImage SequencePosition="9" ReferenceType="URL">https://heavenly-homes.com/wp-content/uploads/2016/04/Wine.jpg</ElevationImage></PlanImages><PlanWebsite>https://heavenly-homes.com/2016/03/28/floor-plan-4699/</PlanWebsite></Plan><Plan Type="SingleFamily"><PlanNumber>921738692058733673557872226162</PlanNumber><PlanName>FLOOR PLAN 4112</PlanName><PlanNotAvailable>0</PlanNotAvailable><PlanTypeName>Single Family</PlanTypeName><BasePrice>0.00</BasePrice><BaseSqft>4112</BaseSqft><Baths>3</Baths><HalfBaths>1</HalfBaths><Bedrooms MasterBedLocation="Down">3</Bedrooms><Garage>3.0</Garage><Description>Theater, Observatory</Description><PlanImages><ElevationImage SequencePosition="1" ReferenceType="URL">https://heavenly-homes.com/wp-content/uploads/2016/04/Floor-Plan-4112.jpg</ElevationImage></PlanImages><PlanWebsite>https://heavenly-homes.com/2016/03/28/floor-plan-4112/</PlanWebsite></Plan><Plan Type="SingleFamily"><PlanNumber>473545554765930794791732329842</PlanNumber><PlanName>FLOOR PLAN 3296</PlanName><PlanNotAvailable>0</PlanNotAvailable><PlanTypeName>Single Family</PlanTypeName><BasePrice>0.00</BasePrice><BaseSqft>3296</BaseSqft><Baths>3</Baths><HalfBaths>1</HalfBaths><Bedrooms MasterBedLocation="Down">4</Bedrooms><Garage>3.0</Garage><Description>Covered Patio, Covered Porch, Optional Bedroom, Loft, Study</Description><PlanImages><ElevationImage SequencePosition="1" ReferenceType="URL">https://heavenly-homes.com/wp-content/uploads/2018/05/FloorPlan_3296.jpg</ElevationImage></PlanImages><PlanWebsite>https://heavenly-homes.com/2018/05/18/floor-plan-3296/</PlanWebsite></Plan><Plan Type="SingleFamily"><PlanNumber>915068555547510877689754756860</PlanNumber><PlanName>FLOOR PLAN 3580</PlanName><PlanNotAvailable>0</PlanNotAvailable><PlanTypeName>Single Family</PlanTypeName><BasePrice>0.00</BasePrice><BaseSqft>3580</BaseSqft><Baths>3</Baths><HalfBaths>1</HalfBaths><Bedrooms MasterBedLocation="Down">3</Bedrooms><Garage>4.0</Garage><Description>Theater Room</Description><PlanImages><ElevationImage SequencePosition="1" ReferenceType="URL">https://heavenly-homes.com/wp-content/uploads/2016/04/floorplan-3580-600x1233-1.jpg</ElevationImage><ElevationImage SequencePosition="2" ReferenceType="URL">https://heavenly-homes.com/wp-content/uploads/2016/04/1-6602.jpg</ElevationImage><ElevationImage SequencePosition="3" ReferenceType="URL">https://heavenly-homes.com/wp-content/uploads/2016/04/2-6602.jpg</ElevationImage><ElevationImage SequencePosition="4" ReferenceType="URL">https://heavenly-homes.com/wp-content/uploads/2016/04/Cooktop.jpg</ElevationImage><ElevationImage SequencePosition="5" ReferenceType="URL">https://heavenly-homes.com/wp-content/uploads/2016/04/dining2.jpg</ElevationImage><ElevationImage SequencePosition="6" ReferenceType="URL">https://heavenly-homes.com/wp-content/uploads/2016/04/family2-2.jpg</ElevationImage><ElevationImage SequencePosition="7" ReferenceType="URL">https://heavenly-homes.com/wp-content/uploads/2016/04/foyer-1.jpg</ElevationImage><ElevationImage SequencePosition="8" ReferenceType="URL">https://heavenly-homes.com/wp-content/uploads/2016/04/glasscabinets.jpg</ElevationImage><ElevationImage SequencePosition="9" ReferenceType="URL">https://heavenly-homes.com/wp-content/uploads/2016/04/kitchen-2.jpg</ElevationImage></PlanImages><PlanWebsite>https://heavenly-homes.com/2016/03/24/floor-plan-3580/</PlanWebsite></Plan><Plan Type="SingleFamily"><PlanNumber>162546649774124343033225147533</PlanNumber><PlanName>FLOOR PLAN 5930</PlanName><PlanNotAvailable>0</PlanNotAvailable><PlanTypeName>Single Family</PlanTypeName><BasePrice>0.00</BasePrice><BaseSqft>5930</BaseSqft><Baths>5</Baths><HalfBaths>1</HalfBaths><Bedrooms MasterBedLocation="Down">6</Bedrooms><Garage>4.0</Garage><Description>Game Room, Theater, Verandah, and Lanai</Description><PlanImages><ElevationImage SequencePosition="1" ReferenceType="URL">https://heavenly-homes.com/wp-content/uploads/2016/04/floorplan5930.jpg</ElevationImage><ElevationImage SequencePosition="2" ReferenceType="URL">https://heavenly-homes.com/wp-content/uploads/2016/04/1Fisherman-Ct1.jpg</ElevationImage><ElevationImage SequencePosition="3" ReferenceType="URL">https://heavenly-homes.com/wp-content/uploads/2016/04/1Rear.jpg</ElevationImage><ElevationImage SequencePosition="4" ReferenceType="URL">https://heavenly-homes.com/wp-content/uploads/2016/04/Bath4.jpg</ElevationImage><ElevationImage SequencePosition="5" ReferenceType="URL">https://heavenly-homes.com/wp-content/uploads/2016/04/Butlers2.jpg</ElevationImage><ElevationImage SequencePosition="6" ReferenceType="URL">https://heavenly-homes.com/wp-content/uploads/2016/04/Dining5.jpg</ElevationImage><ElevationImage SequencePosition="7" ReferenceType="URL">https://heavenly-homes.com/wp-content/uploads/2016/04/Family4.jpg</ElevationImage><ElevationImage SequencePosition="8" ReferenceType="URL">https://heavenly-homes.com/wp-content/uploads/2016/04/Foyer4.jpg</ElevationImage><ElevationImage SequencePosition="9" ReferenceType="URL">https://heavenly-homes.com/wp-content/uploads/2016/04/Game2.jpg</ElevationImage><ElevationImage SequencePosition="10" ReferenceType="URL">https://heavenly-homes.com/wp-content/uploads/2016/04/Kitchen4.jpg</ElevationImage><ElevationImage SequencePosition="11" ReferenceType="URL">https://heavenly-homes.com/wp-content/uploads/2016/04/Landing2.jpg</ElevationImage><ElevationImage SequencePosition="12" ReferenceType="URL">https://heavenly-homes.com/wp-content/uploads/2016/04/Master3.jpg</ElevationImage><ElevationImage SequencePosition="13" ReferenceType="URL">https://heavenly-homes.com/wp-content/uploads/2016/04/Nursery2.jpg</ElevationImage><ElevationImage SequencePosition="14" ReferenceType="URL">https://heavenly-homes.com/wp-content/uploads/2016/04/Patio3.jpg</ElevationImage><ElevationImage SequencePosition="15" ReferenceType="URL">https://heavenly-homes.com/wp-content/uploads/2016/04/Powder-13.jpg</ElevationImage><ElevationImage SequencePosition="16" ReferenceType="URL">https://heavenly-homes.com/wp-content/uploads/2016/04/Powder-22.jpg</ElevationImage><ElevationImage SequencePosition="17" ReferenceType="URL">https://heavenly-homes.com/wp-content/uploads/2016/04/Theater2.jpg</ElevationImage><ElevationImage SequencePosition="18" ReferenceType="URL">https://heavenly-homes.com/wp-content/uploads/2016/04/Wine2.jpg</ElevationImage></PlanImages><PlanWebsite>https://heavenly-homes.com/2016/03/28/floor-plan-5930/</PlanWebsite></Plan><Plan Type="SingleFamily"><PlanNumber>810583593247764637375743560703</PlanNumber><PlanName>FLOOR PLAN 5150</PlanName><PlanNotAvailable>0</PlanNotAvailable><PlanTypeName>Single Family</PlanTypeName><BasePrice>0.00</BasePrice><BaseSqft>5150</BaseSqft><Baths>4</Baths><HalfBaths>1</HalfBaths><Bedrooms MasterBedLocation="Down">4</Bedrooms><Garage>2.0</Garage><Description>Downstairs media room, Large Casita, open kitchen family breakfast</Description><PlanImages><ElevationImage SequencePosition="1" ReferenceType="URL">https://heavenly-homes.com/wp-content/uploads/2016/04/image_5150.jpg</ElevationImage><ElevationImage SequencePosition="2" ReferenceType="URL">https://heavenly-homes.com/wp-content/uploads/2016/04/5150-elev.png</ElevationImage><ElevationImage SequencePosition="3" ReferenceType="URL">https://heavenly-homes.com/wp-content/uploads/2016/04/DSC_0612.png</ElevationImage><ElevationImage SequencePosition="4" ReferenceType="URL">https://heavenly-homes.com/wp-content/uploads/2016/04/DSC_0614.jpg</ElevationImage><ElevationImage SequencePosition="5" ReferenceType="URL">https://heavenly-homes.com/wp-content/uploads/2016/04/DSC_0620.jpg</ElevationImage><ElevationImage SequencePosition="6" ReferenceType="URL">https://heavenly-homes.com/wp-content/uploads/2016/04/DSC_0626.jpg</ElevationImage><ElevationImage SequencePosition="7" ReferenceType="URL">https://heavenly-homes.com/wp-content/uploads/2016/04/DSC_0639.jpg</ElevationImage><ElevationImage SequencePosition="8" ReferenceType="URL">https://heavenly-homes.com/wp-content/uploads/2016/04/DSC_0650.jpg</ElevationImage><ElevationImage SequencePosition="9" ReferenceType="URL">https://heavenly-homes.com/wp-content/uploads/2016/04/DSC_0654.jpg</ElevationImage><ElevationImage SequencePosition="10" ReferenceType="URL">https://heavenly-homes.com/wp-content/uploads/2016/04/DSC_0661.jpg</ElevationImage><ElevationImage SequencePosition="11" ReferenceType="URL">https://heavenly-homes.com/wp-content/uploads/2016/04/DSC_0662.jpg</ElevationImage><ElevationImage SequencePosition="12" ReferenceType="URL">https://heavenly-homes.com/wp-content/uploads/2016/04/DSC_0668.jpg</ElevationImage><ElevationImage SequencePosition="13" ReferenceType="URL">https://heavenly-homes.com/wp-content/uploads/2016/04/DSC_0679.jpg</ElevationImage><ElevationImage SequencePosition="14" ReferenceType="URL">https://heavenly-homes.com/wp-content/uploads/2016/04/DSC_0694.jpg</ElevationImage></PlanImages><PlanWebsite>https://heavenly-homes.com/2016/03/28/floor-plan-5150/</PlanWebsite></Plan><Plan Type="SingleFamily"><PlanNumber>989512991104431649422777957043</PlanNumber><PlanName>FLOOR PLAN 3403</PlanName><PlanNotAvailable>0</PlanNotAvailable><PlanTypeName>Single Family</PlanTypeName><BasePrice>0.00</BasePrice><BaseSqft>3403</BaseSqft><Baths>3</Baths><HalfBaths>1</HalfBaths><Bedrooms MasterBedLocation="Down">3</Bedrooms><Garage>2.0</Garage><Description>Patio</Description><PlanImages><ElevationImage SequencePosition="1" ReferenceType="URL">https://heavenly-homes.com/wp-content/uploads/2016/04/image_3403.jpg</ElevationImage></PlanImages><PlanWebsite>https://heavenly-homes.com/2016/03/28/floor-plan-3403/</PlanWebsite></Plan><Plan Type="SingleFamily"><PlanNumber>153401197098338966796917224441</PlanNumber><PlanName>FLOOR PLAN 3849</PlanName><PlanNotAvailable>0</PlanNotAvailable><PlanTypeName>Single Family</PlanTypeName><BasePrice>0.00</BasePrice><BaseSqft>3849</BaseSqft><Baths>4</Baths><HalfBaths>1</HalfBaths><Bedrooms MasterBedLocation="Down">4</Bedrooms><Garage>3.0</Garage><Description>Loft, Breezway, Study, Open Kitchen/Family/Breakfast, Covered Porch</Description><PlanImages><ElevationImage SequencePosition="1" ReferenceType="URL">https://heavenly-homes.com/wp-content/uploads/2018/03/Overview-3849.jpg</ElevationImage></PlanImages><PlanWebsite>https://heavenly-homes.com/2018/03/22/floor-plan-3849/</PlanWebsite></Plan><Plan Type="SingleFamily"><PlanNumber>12536919283710572947098867148</PlanNumber><PlanName>FLOOR PLAN 4710</PlanName><PlanNotAvailable>0</PlanNotAvailable><PlanTypeName>Single Family</PlanTypeName><BasePrice>0.00</BasePrice><BaseSqft>4710</BaseSqft><Baths>3</Baths><HalfBaths>1</HalfBaths><Bedrooms MasterBedLocation="Down">4</Bedrooms><Garage>3.0</Garage><Description>Retreat, Courtyard, Patio and Media Room</Description><PlanImages><ElevationImage SequencePosition="1" ReferenceType="URL">https://heavenly-homes.com/wp-content/uploads/2016/04/floorplan47101-600x723.jpg</ElevationImage><ElevationImage SequencePosition="2" ReferenceType="URL">https://heavenly-homes.com/wp-content/uploads/2016/04/5754.jpg</ElevationImage><ElevationImage SequencePosition="3" ReferenceType="URL">https://heavenly-homes.com/wp-content/uploads/2016/04/bath.jpg</ElevationImage><ElevationImage SequencePosition="4" ReferenceType="URL">https://heavenly-homes.com/wp-content/uploads/2016/04/family1-1.jpg</ElevationImage><ElevationImage SequencePosition="5" ReferenceType="URL">https://heavenly-homes.com/wp-content/uploads/2016/04/foyer1.jpg</ElevationImage><ElevationImage SequencePosition="6" ReferenceType="URL">https://heavenly-homes.com/wp-content/uploads/2016/04/ktichen1.jpg</ElevationImage><ElevationImage SequencePosition="7" ReferenceType="URL">https://heavenly-homes.com/wp-content/uploads/2016/04/study1.jpg</ElevationImage><ElevationImage SequencePosition="8" ReferenceType="URL">https://heavenly-homes.com/wp-content/uploads/2016/04/wine1.jpg</ElevationImage></PlanImages><PlanWebsite>https://heavenly-homes.com/2016/03/28/floor-plan-4710/</PlanWebsite></Plan><Plan Type="SingleFamily"><PlanNumber>649249335962018593105171713764</PlanNumber><PlanName>FLOOR PLAN 3770</PlanName><PlanNotAvailable>0</PlanNotAvailable><PlanTypeName>Single Family</PlanTypeName><BasePrice>0.00</BasePrice><BaseSqft>3770</BaseSqft><Baths>3</Baths><HalfBaths>1</HalfBaths><Bedrooms MasterBedLocation="Down">3</Bedrooms><Garage>3.0</Garage><Description>Shop, Lanai, and Motor Courte</Description><PlanImages><ElevationImage SequencePosition="1" ReferenceType="URL">https://heavenly-homes.com/wp-content/uploads/2016/04/Floor-Plan-3770-600x772.jpg</ElevationImage></PlanImages><PlanWebsite>https://heavenly-homes.com/2016/03/28/floor-plan-3770/</PlanWebsite></Plan><Plan Type="SingleFamily"><PlanNumber>578362956131525709928243281935</PlanNumber><PlanName>FLOOR PLAN 11,079</PlanName><PlanNotAvailable>0</PlanNotAvailable><PlanTypeName>Single Family</PlanTypeName><BasePrice>0.00</BasePrice><BaseSqft>11079</BaseSqft><Baths>5</Baths><HalfBaths>3</HalfBaths><Bedrooms MasterBedLocation="Down">4</Bedrooms><Garage>3.0</Garage><Description>Theater, Sunken Lounge, Massage, Wine Grotto, 2 Game Rooms, Workshop</Description><PlanImages><ElevationImage SequencePosition="1" ReferenceType="URL">https://heavenly-homes.com/wp-content/uploads/2020/05/floor-plan.jpg</ElevationImage></PlanImages><PlanWebsite>https://heavenly-homes.com/2020/05/20/floor-plan-11079/</PlanWebsite></Plan><Plan Type="SingleFamily"><PlanNumber>256337303903150170188584948902</PlanNumber><PlanName>FLOOR PLAN 9,098</PlanName><PlanNotAvailable>0</PlanNotAvailable><PlanTypeName>Single Family</PlanTypeName><BasePrice>0.00</BasePrice><BaseSqft>0</BaseSqft><Baths>5</Baths><HalfBaths>2</HalfBaths><Bedrooms MasterBedLocation="Down">5</Bedrooms><Garage>34.0</Garage><Description>Theater, Man Cave,  Wine Grotto,  Zen Garden, Casita</Description><PlanImages><ElevationImage SequencePosition="1" ReferenceType="URL">https://heavenly-homes.com/wp-content/uploads/2021/07/floorplan_9098.png</ElevationImage><ElevationImage SequencePosition="2" ReferenceType="URL">https://heavenly-homes.com/wp-content/uploads/2021/07/Williams-Ranch-01-1.jpg</ElevationImage><ElevationImage SequencePosition="3" ReferenceType="URL">https://heavenly-homes.com/wp-content/uploads/2021/07/Williams-Ranch-02.jpg</ElevationImage><ElevationImage SequencePosition="4" ReferenceType="URL">https://heavenly-homes.com/wp-content/uploads/2021/07/Williams-Ranch-03.jpg</ElevationImage><ElevationImage SequencePosition="5" ReferenceType="URL">https://heavenly-homes.com/wp-content/uploads/2021/07/Williams-Ranch-04.jpg</ElevationImage><ElevationImage SequencePosition="6" ReferenceType="URL">https://heavenly-homes.com/wp-content/uploads/2021/07/Williams-Ranch-05.jpg</ElevationImage><ElevationImage SequencePosition="7" ReferenceType="URL">https://heavenly-homes.com/wp-content/uploads/2021/07/Williams-Ranch-06.jpg</ElevationImage><ElevationImage SequencePosition="8" ReferenceType="URL">https://heavenly-homes.com/wp-content/uploads/2021/07/Williams-Ranch-07.jpg</ElevationImage><ElevationImage SequencePosition="9" ReferenceType="URL">https://heavenly-homes.com/wp-content/uploads/2021/07/Williams-Ranch-08.jpg</ElevationImage><ElevationImage SequencePosition="10" ReferenceType="URL">https://heavenly-homes.com/wp-content/uploads/2021/07/Williams-Ranch-11.jpg</ElevationImage><ElevationImage SequencePosition="11" ReferenceType="URL">https://heavenly-homes.com/wp-content/uploads/2021/07/Williams-Ranch-13.jpg</ElevationImage></PlanImages><PlanWebsite>https://heavenly-homes.com/2021/07/13/floor-plan-9098/</PlanWebsite></Plan><Plan Type="SingleFamily"><PlanNumber>90449799999331390479802256828</PlanNumber><PlanName>FLOOR PLAN 4428</PlanName><PlanNotAvailable>0</PlanNotAvailable><PlanTypeName>Single Family</PlanTypeName><BasePrice>0.00</BasePrice><BaseSqft>4428</BaseSqft><Baths>3</Baths><HalfBaths>1</HalfBaths><Bedrooms MasterBedLocation="Down">3</Bedrooms><Garage>3.0</Garage><Description>Lanai, Game Room, Porte Cochere</Description><PlanImages><ElevationImage SequencePosition="1" ReferenceType="URL">https://heavenly-homes.com/wp-content/uploads/2016/04/Floorplan44281.jpg</ElevationImage></PlanImages><PlanWebsite>https://heavenly-homes.com/2016/03/28/floor-plan-4428/</PlanWebsite></Plan><Plan Type="SingleFamily"><PlanNumber>600656928999882796920523748884</PlanNumber><PlanName>FLOOR PLAN 6979</PlanName><PlanNotAvailable>0</PlanNotAvailable><PlanTypeName>Single Family</PlanTypeName><BasePrice>0.00</BasePrice><BaseSqft>6979</BaseSqft><Baths>5</Baths><HalfBaths>1</HalfBaths><Bedrooms MasterBedLocation="Down">6</Bedrooms><Garage>4.0</Garage><Description>Upstairs Game Room, Future Theater, and Lanai</Description><PlanImages><ElevationImage SequencePosition="1" ReferenceType="URL">https://heavenly-homes.com/wp-content/uploads/2016/04/floorplan69791-2.jpg</ElevationImage></PlanImages><PlanWebsite>https://heavenly-homes.com/2016/03/28/floor-plan-6979/</PlanWebsite></Plan><Plan Type="SingleFamily"><PlanNumber>801397095518251989708203537855</PlanNumber><PlanName>FLOOR PLAN 4493</PlanName><PlanNotAvailable>0</PlanNotAvailable><PlanTypeName>Single Family</PlanTypeName><BasePrice>0.00</BasePrice><BaseSqft>4493</BaseSqft><Baths>3</Baths><HalfBaths>1</HalfBaths><Bedrooms MasterBedLocation="Down">4</Bedrooms><Garage>2.0</Garage><Description>Open Family/Kitchen</Description><PlanImages><ElevationImage SequencePosition="1" ReferenceType="URL">https://heavenly-homes.com/wp-content/uploads/2016/04/image_4493.jpg</ElevationImage><ElevationImage SequencePosition="2" ReferenceType="URL">https://heavenly-homes.com/wp-content/uploads/2016/08/4493-elevation-1024x684.jpg</ElevationImage><ElevationImage SequencePosition="3" ReferenceType="URL">https://heavenly-homes.com/wp-content/uploads/2016/08/day_backyard-1024x678.jpg</ElevationImage><ElevationImage SequencePosition="4" ReferenceType="URL">https://heavenly-homes.com/wp-content/uploads/2016/08/DSC_9836-1024x684.jpg</ElevationImage><ElevationImage SequencePosition="5" ReferenceType="URL">https://heavenly-homes.com/wp-content/uploads/2016/08/DSC_9716-1024x684.jpg</ElevationImage><ElevationImage SequencePosition="6" ReferenceType="URL">https://heavenly-homes.com/wp-content/uploads/2016/08/DSC_9761-1024x684.jpg</ElevationImage><ElevationImage SequencePosition="7" ReferenceType="URL">https://heavenly-homes.com/wp-content/uploads/2016/08/DSC_9706-1024x684.jpg</ElevationImage><ElevationImage SequencePosition="8" ReferenceType="URL">https://heavenly-homes.com/wp-content/uploads/2016/08/DSC_9702-1024x684.jpg</ElevationImage><ElevationImage SequencePosition="9" ReferenceType="URL">https://heavenly-homes.com/wp-content/uploads/2016/08/DSC_9694-1024x684.jpg</ElevationImage><ElevationImage SequencePosition="10" ReferenceType="URL">https://heavenly-homes.com/wp-content/uploads/2016/08/DSC_9758-1024x684.jpg</ElevationImage><ElevationImage SequencePosition="11" ReferenceType="URL">https://heavenly-homes.com/wp-content/uploads/2016/08/DSC_9722-1024x684.jpg</ElevationImage></PlanImages><PlanWebsite>https://heavenly-homes.com/2016/03/28/floor-plan-4493/</PlanWebsite></Plan><Plan Type="SingleFamily"><PlanNumber>954679832236053075659969969169</PlanNumber><PlanName>FLOORPLAN 4264</PlanName><PlanNotAvailable>0</PlanNotAvailable><PlanTypeName>Single Family</PlanTypeName><BasePrice>0.00</BasePrice><BaseSqft>4264</BaseSqft><Baths>4</Baths><HalfBaths>1</HalfBaths><Bedrooms MasterBedLocation="Down">4</Bedrooms><Garage>3.0</Garage><Description>Courtyard, Covered Patio, Upstairs Game Room</Description><PlanImages><ElevationImage SequencePosition="1" ReferenceType="URL">https://heavenly-homes.com/wp-content/uploads/2018/05/65_DSC_2184_copy.jpg</ElevationImage><ElevationImage SequencePosition="2" ReferenceType="URL">https://heavenly-homes.com/wp-content/uploads/2016/12/HOEFLER-BROCHURE_FP.jpg</ElevationImage><ElevationImage SequencePosition="3" ReferenceType="URL">https://heavenly-homes.com/wp-content/uploads/2018/05/01_DSC_2115.jpg</ElevationImage><ElevationImage SequencePosition="4" ReferenceType="URL">https://heavenly-homes.com/wp-content/uploads/2018/05/03_DSC_2117.jpg</ElevationImage><ElevationImage SequencePosition="5" ReferenceType="URL">https://heavenly-homes.com/wp-content/uploads/2018/05/05_DSC_2119.jpg</ElevationImage><ElevationImage SequencePosition="6" ReferenceType="URL">https://heavenly-homes.com/wp-content/uploads/2018/05/06_DSC_2120.jpg</ElevationImage><ElevationImage SequencePosition="7" ReferenceType="URL">https://heavenly-homes.com/wp-content/uploads/2018/05/11_DSC_2126.jpg</ElevationImage><ElevationImage SequencePosition="8" ReferenceType="URL">https://heavenly-homes.com/wp-content/uploads/2018/05/13_DSC_2130.jpg</ElevationImage><ElevationImage SequencePosition="9" ReferenceType="URL">https://heavenly-homes.com/wp-content/uploads/2018/05/17_DSC_2133.jpg</ElevationImage><ElevationImage SequencePosition="10" ReferenceType="URL">https://heavenly-homes.com/wp-content/uploads/2018/05/20_DSC_2136.jpg</ElevationImage><ElevationImage SequencePosition="11" ReferenceType="URL">https://heavenly-homes.com/wp-content/uploads/2018/05/33_DSC_2157.jpg</ElevationImage><ElevationImage SequencePosition="12" ReferenceType="URL">https://heavenly-homes.com/wp-content/uploads/2018/05/38_DSC_2162.jpg</ElevationImage><ElevationImage SequencePosition="13" ReferenceType="URL">https://heavenly-homes.com/wp-content/uploads/2018/05/39_DSC_2163.jpg</ElevationImage><ElevationImage SequencePosition="14" ReferenceType="URL">https://heavenly-homes.com/wp-content/uploads/2018/05/42_DSC_2166.jpg</ElevationImage><ElevationImage SequencePosition="15" ReferenceType="URL">https://heavenly-homes.com/wp-content/uploads/2018/05/47_DSC_2171.jpg</ElevationImage><ElevationImage SequencePosition="16" ReferenceType="URL">https://heavenly-homes.com/wp-content/uploads/2018/05/55_DSC_2172.jpg</ElevationImage><ElevationImage SequencePosition="17" ReferenceType="URL">https://heavenly-homes.com/wp-content/uploads/2018/05/56_DSC_2173.jpg</ElevationImage><ElevationImage SequencePosition="18" ReferenceType="URL">https://heavenly-homes.com/wp-content/uploads/2018/05/65_DSC_2184_copy.jpg</ElevationImage><ElevationImage SequencePosition="19" ReferenceType="URL">https://heavenly-homes.com/wp-content/uploads/2018/05/67_DSC_2186_copy.jpg</ElevationImage></PlanImages><PlanWebsite>https://heavenly-homes.com/2016/12/05/floor-plan-4264/</PlanWebsite></Plan><Plan Type="SingleFamily"><PlanNumber>228245590072423195565144475384</PlanNumber><PlanName>FLOOR PLAN 3889</PlanName><PlanNotAvailable>0</PlanNotAvailable><PlanTypeName>Single Family</PlanTypeName><BasePrice>0.00</BasePrice><BaseSqft>3889</BaseSqft><Baths>3</Baths><HalfBaths>1</HalfBaths><Bedrooms MasterBedLocation="Down">3</Bedrooms><Garage>3.0</Garage><Description>Shop in Garage, Wine Grotto, Open Kitchen/Family/Breakfast</Description><PlanImages><ElevationImage SequencePosition="1" ReferenceType="URL">https://heavenly-homes.com/wp-content/uploads/2017/03/DSC_9664-copy-Custom.jpg</ElevationImage><ElevationImage SequencePosition="2" ReferenceType="URL">https://heavenly-homes.com/wp-content/uploads/2016/04/fp3889.jpg</ElevationImage><ElevationImage SequencePosition="3" ReferenceType="URL">https://heavenly-homes.com/wp-content/uploads/2017/03/DSC_9634-Custom.jpg</ElevationImage><ElevationImage SequencePosition="4" ReferenceType="URL">https://heavenly-homes.com/wp-content/uploads/2017/03/DSC_9637-Custom.jpg</ElevationImage><ElevationImage SequencePosition="5" ReferenceType="URL">https://heavenly-homes.com/wp-content/uploads/2017/03/DSC_9638-Custom.jpg</ElevationImage><ElevationImage SequencePosition="6" ReferenceType="URL">https://heavenly-homes.com/wp-content/uploads/2017/03/DSC_9640-Custom.jpg</ElevationImage><ElevationImage SequencePosition="7" ReferenceType="URL">https://heavenly-homes.com/wp-content/uploads/2017/03/DSC_9642-Custom.jpg</ElevationImage><ElevationImage SequencePosition="8" ReferenceType="URL">https://heavenly-homes.com/wp-content/uploads/2017/03/DSC_9645-Custom.jpg</ElevationImage><ElevationImage SequencePosition="9" ReferenceType="URL">https://heavenly-homes.com/wp-content/uploads/2017/03/DSC_9648-Custom.jpg</ElevationImage><ElevationImage SequencePosition="10" ReferenceType="URL">https://heavenly-homes.com/wp-content/uploads/2017/03/DSC_9650-Custom.jpg</ElevationImage><ElevationImage SequencePosition="11" ReferenceType="URL">https://heavenly-homes.com/wp-content/uploads/2017/03/DSC_9655-Custom.jpg</ElevationImage><ElevationImage SequencePosition="12" ReferenceType="URL">https://heavenly-homes.com/wp-content/uploads/2017/03/DSC_9656-Custom.jpg</ElevationImage><ElevationImage SequencePosition="13" ReferenceType="URL">https://heavenly-homes.com/wp-content/uploads/2017/03/DSC_9657-copy-Custom.jpg</ElevationImage><ElevationImage SequencePosition="14" ReferenceType="URL">https://heavenly-homes.com/wp-content/uploads/2017/03/DSC_9659-Custom.jpg</ElevationImage><ElevationImage SequencePosition="15" ReferenceType="URL">https://heavenly-homes.com/wp-content/uploads/2017/03/DSC_9663-copy-Custom.jpg</ElevationImage><ElevationImage SequencePosition="16" ReferenceType="URL">https://heavenly-homes.com/wp-content/uploads/2017/03/DSC_9664-copy-Custom.jpg</ElevationImage><ElevationImage SequencePosition="17" ReferenceType="URL">https://heavenly-homes.com/wp-content/uploads/2017/03/DSC_9666-copy-Custom.jpg</ElevationImage><ElevationImage SequencePosition="18" ReferenceType="URL">https://heavenly-homes.com/wp-content/uploads/2017/03/DSC_9667-copy-Custom.jpg</ElevationImage><ElevationImage SequencePosition="19" ReferenceType="URL">https://heavenly-homes.com/wp-content/uploads/2017/03/DSC_9670-copy-Custom.jpg</ElevationImage></PlanImages><PlanWebsite>https://heavenly-homes.com/2016/03/28/floor-plan-3889/</PlanWebsite></Plan><Plan Type="SingleFamily"><PlanNumber>371625914647016338488231304820</PlanNumber><PlanName>FLOOR PLAN 4668</PlanName><PlanNotAvailable>0</PlanNotAvailable><PlanTypeName>Single Family</PlanTypeName><BasePrice>0.00</BasePrice><BaseSqft>4668</BaseSqft><Baths>4</Baths><HalfBaths>1</HalfBaths><Bedrooms MasterBedLocation="Down">4</Bedrooms><Garage>2.0</Garage><Description>Open Family / Kitchen</Description><PlanImages><ElevationImage SequencePosition="1" ReferenceType="URL">https://heavenly-homes.com/wp-content/uploads/2018/05/16_DSC_2808.png</ElevationImage><ElevationImage SequencePosition="2" ReferenceType="URL">https://heavenly-homes.com/wp-content/uploads/2016/04/image_4668.jpg</ElevationImage><ElevationImage SequencePosition="3" ReferenceType="URL">https://heavenly-homes.com/wp-content/uploads/2018/05/05_DSC_2795.png</ElevationImage><ElevationImage SequencePosition="4" ReferenceType="URL">https://heavenly-homes.com/wp-content/uploads/2018/05/07_DSC_2797.png</ElevationImage><ElevationImage SequencePosition="5" ReferenceType="URL">https://heavenly-homes.com/wp-content/uploads/2018/05/11_DSC_2802.png</ElevationImage><ElevationImage SequencePosition="6" ReferenceType="URL">https://heavenly-homes.com/wp-content/uploads/2018/05/16_DSC_2808.png</ElevationImage><ElevationImage SequencePosition="7" ReferenceType="URL">https://heavenly-homes.com/wp-content/uploads/2018/05/18_DSC_2810.png</ElevationImage></PlanImages><PlanWebsite>https://heavenly-homes.com/2016/03/28/floor-plan-4668/</PlanWebsite></Plan><Plan Type="SingleFamily"><PlanNumber>501054918305359388785411548026</PlanNumber><PlanName>FLOOR PLAN 6593</PlanName><PlanNotAvailable>0</PlanNotAvailable><PlanTypeName>Single Family</PlanTypeName><BasePrice>0.00</BasePrice><BaseSqft>6593</BaseSqft><Baths>5</Baths><HalfBaths>2</HalfBaths><Bedrooms MasterBedLocation="Down">5</Bedrooms><Garage>4.0</Garage><Description>Downstairs Media and Game room, large lanai, open kitchen / family / breakfast, upstairs kids retreat, wine closet, covered porch</Description><PlanImages><ElevationImage SequencePosition="1" ReferenceType="URL">https://heavenly-homes.com/wp-content/uploads/2019/03/6593-front-view.jpg</ElevationImage><ElevationImage SequencePosition="2" ReferenceType="URL">https://heavenly-homes.com/wp-content/uploads/2018/08/6593_small.jpg</ElevationImage><ElevationImage SequencePosition="3" ReferenceType="URL">https://heavenly-homes.com/wp-content/uploads/2019/02/5-Copper-20190125-IMG_9139-HDR-WEB.jpg</ElevationImage><ElevationImage SequencePosition="4" ReferenceType="URL">https://heavenly-homes.com/wp-content/uploads/2019/02/5-Copper-20190125-IMG_9299-HDR-WEB.jpg</ElevationImage><ElevationImage SequencePosition="5" ReferenceType="URL">https://heavenly-homes.com/wp-content/uploads/2019/02/5-Copper-20190125-IMG_9296-HDR-WEB.jpg</ElevationImage><ElevationImage SequencePosition="6" ReferenceType="URL">https://heavenly-homes.com/wp-content/uploads/2019/02/5-Copper-20190125-IMG_9295-WEB.jpg</ElevationImage><ElevationImage SequencePosition="7" ReferenceType="URL">https://heavenly-homes.com/wp-content/uploads/2019/02/5-Copper-20190125-IMG_9290-HDR-WEB.jpg</ElevationImage><ElevationImage SequencePosition="8" ReferenceType="URL">https://heavenly-homes.com/wp-content/uploads/2019/02/5-Copper-20190125-IMG_9287-HDR-WEB.jpg</ElevationImage><ElevationImage SequencePosition="9" ReferenceType="URL">https://heavenly-homes.com/wp-content/uploads/2019/02/5-Copper-20190125-IMG_9284-HDR-WEB.jpg</ElevationImage><ElevationImage SequencePosition="10" ReferenceType="URL">https://heavenly-homes.com/wp-content/uploads/2019/02/5-Copper-20190125-IMG_9278-HDR-WEB.jpg</ElevationImage><ElevationImage SequencePosition="11" ReferenceType="URL">https://heavenly-homes.com/wp-content/uploads/2019/02/5-Copper-20190125-IMG_9275-HDR-WEB.jpg</ElevationImage><ElevationImage SequencePosition="12" ReferenceType="URL">https://heavenly-homes.com/wp-content/uploads/2019/02/5-Copper-20190125-IMG_9244-HDR-WEB.jpg</ElevationImage><ElevationImage SequencePosition="13" ReferenceType="URL">https://heavenly-homes.com/wp-content/uploads/2019/02/5-Copper-20190125-IMG_9211-HDR-WEB.jpg</ElevationImage><ElevationImage SequencePosition="14" ReferenceType="URL">https://heavenly-homes.com/wp-content/uploads/2019/02/5-Copper-20190125-IMG_9203-HDR-WEB.jpg</ElevationImage><ElevationImage SequencePosition="15" ReferenceType="URL">https://heavenly-homes.com/wp-content/uploads/2019/02/5-Copper-20190125-IMG_9200-HDR-WEB.jpg</ElevationImage><ElevationImage SequencePosition="16" ReferenceType="URL">https://heavenly-homes.com/wp-content/uploads/2019/02/5-Copper-20190125-IMG_9188-HDR-WEB.jpg</ElevationImage><ElevationImage SequencePosition="17" ReferenceType="URL">https://heavenly-homes.com/wp-content/uploads/2019/02/5-Copper-20190125-IMG_9187-WEB.jpg</ElevationImage><ElevationImage SequencePosition="18" ReferenceType="URL">https://heavenly-homes.com/wp-content/uploads/2019/02/5-Copper-20190125-IMG_9182-WEB.jpg</ElevationImage><ElevationImage SequencePosition="19" ReferenceType="URL">https://heavenly-homes.com/wp-content/uploads/2019/02/5-Copper-20190125-IMG_9178-HDR-WEB.jpg</ElevationImage><ElevationImage SequencePosition="20" ReferenceType="URL">https://heavenly-homes.com/wp-content/uploads/2019/02/5-Copper-20190125-IMG_9173-HDR-WEB.jpg</ElevationImage><ElevationImage SequencePosition="21" ReferenceType="URL">https://heavenly-homes.com/wp-content/uploads/2019/02/5-Copper-20190125-IMG_9167-HDR-WEB.jpg</ElevationImage><ElevationImage SequencePosition="22" ReferenceType="URL">https://heavenly-homes.com/wp-content/uploads/2019/02/5-Copper-20190125-IMG_9164-HDR-WEB.jpg</ElevationImage><ElevationImage SequencePosition="23" ReferenceType="URL">https://heavenly-homes.com/wp-content/uploads/2019/02/5-Copper-20190125-IMG_9161-HDR-WEB.jpg</ElevationImage><ElevationImage SequencePosition="24" ReferenceType="URL">https://heavenly-homes.com/wp-content/uploads/2019/02/5-Copper-20190125-IMG_9158-HDR-WEB.jpg</ElevationImage><ElevationImage SequencePosition="25" ReferenceType="URL">https://heavenly-homes.com/wp-content/uploads/2019/02/5-Copper-20190125-IMG_9155-HDR-WEB.jpg</ElevationImage><ElevationImage SequencePosition="26" ReferenceType="URL">https://heavenly-homes.com/wp-content/uploads/2019/02/5-Copper-20190125-IMG_9152-HDR-WEB.jpg</ElevationImage><ElevationImage SequencePosition="27" ReferenceType="URL">https://heavenly-homes.com/wp-content/uploads/2019/02/5-Copper-20190125-IMG_9149-HDR-WEB.jpg</ElevationImage><ElevationImage SequencePosition="28" ReferenceType="URL">https://heavenly-homes.com/wp-content/uploads/2019/02/5-Copper-20190125-IMG_9142-HDR-WEB.jpg</ElevationImage><ElevationImage SequencePosition="29" ReferenceType="URL">https://heavenly-homes.com/wp-content/uploads/2019/02/5-Copper-20190125-IMG_9290-HDR-WEB-2.jpg</ElevationImage><ElevationImage SequencePosition="30" ReferenceType="URL">https://heavenly-homes.com/wp-content/uploads/2019/02/5-Copper-20190125-IMG_9184-WEB.jpg</ElevationImage><ElevationImage SequencePosition="31" ReferenceType="URL">https://heavenly-homes.com/wp-content/uploads/2019/02/5-Copper-20190125-IMG_9172-HDR-WEB.jpg</ElevationImage><ElevationImage SequencePosition="32" ReferenceType="URL">https://heavenly-homes.com/wp-content/uploads/2019/02/5-Copper-20190125-IMG_9146-HDR-WEB.jpg</ElevationImage><ElevationImage SequencePosition="33" ReferenceType="URL">https://heavenly-homes.com/wp-content/uploads/2019/03/6593-front-view.jpg</ElevationImage><ElevationImage SequencePosition="34" ReferenceType="URL">https://heavenly-homes.com/wp-content/uploads/2019/03/6593-left-view.jpg</ElevationImage><ElevationImage SequencePosition="35" ReferenceType="URL">https://heavenly-homes.com/wp-content/uploads/2019/03/6593-right-view.jpg</ElevationImage></PlanImages><PlanWebsite>https://heavenly-homes.com/2016/03/28/floor-plan-6593/</PlanWebsite></Plan><Plan Type="SingleFamily"><PlanNumber>700034158717052691484613963017</PlanNumber><PlanName>FLOOR PLAN 5606</PlanName><PlanNotAvailable>0</PlanNotAvailable><PlanTypeName>Single Family</PlanTypeName><BasePrice>0.00</BasePrice><BaseSqft>5606</BaseSqft><Baths>5</Baths><HalfBaths>0</HalfBaths><Bedrooms MasterBedLocation="Down">4</Bedrooms><Garage>3.0</Garage><Description>Exercise Room, Loft, Game Room, Library</Description><PlanImages><ElevationImage SequencePosition="1" ReferenceType="URL">https://heavenly-homes.com/wp-content/uploads/2020/03/03.20.20_28742-PLEASANT-FOREST-DR_MARKETING-BROCHURE-1-1.jpg</ElevationImage></PlanImages><PlanWebsite>https://heavenly-homes.com/2020/03/23/floor-plan-5606/</PlanWebsite></Plan><Plan Type="SingleFamily"><PlanNumber>8202359133264178373069546048</PlanNumber><PlanName>FLOOR PLAN 7011</PlanName><PlanNotAvailable>0</PlanNotAvailable><PlanTypeName>Single Family</PlanTypeName><BasePrice>0.00</BasePrice><BaseSqft>7011</BaseSqft><Baths>7</Baths><HalfBaths>1</HalfBaths><Bedrooms MasterBedLocation="Down">7</Bedrooms><Garage>4.0</Garage><Description>Porte Cochere, Media, Covered Patio, Study, Game Room</Description><PlanImages><ElevationImage SequencePosition="1" ReferenceType="URL">https://heavenly-homes.com/wp-content/uploads/2016/08/7011-floorPlan.jpg</ElevationImage></PlanImages><PlanWebsite>https://heavenly-homes.com/2016/08/16/floor-plan-7011/</PlanWebsite></Plan><Plan Type="SingleFamily"><PlanNumber>135926355298920624900593839944</PlanNumber><PlanName>FLOOR PLAN 3412</PlanName><PlanNotAvailable>0</PlanNotAvailable><PlanTypeName>Single Family</PlanTypeName><BasePrice>0.00</BasePrice><BaseSqft>3412</BaseSqft><Baths>2</Baths><HalfBaths>1</HalfBaths><Bedrooms MasterBedLocation="Down">3</Bedrooms><Garage>3.0</Garage><Description>Theater, Covered Porch, Verandah</Description><PlanImages><ElevationImage SequencePosition="1" ReferenceType="URL">https://heavenly-homes.com/wp-content/uploads/2016/04/Floor-Plans-3412-600x1462-2.jpg</ElevationImage></PlanImages><PlanWebsite>https://heavenly-homes.com/2016/03/28/floor-plan-3412/</PlanWebsite></Plan><Plan Type="SingleFamily"><PlanNumber>100646764528501428927014712429</PlanNumber><PlanName>FLOOR PLAN 5621</PlanName><PlanNotAvailable>0</PlanNotAvailable><PlanTypeName>Single Family</PlanTypeName><BasePrice>0.00</BasePrice><BaseSqft>5621</BaseSqft><Baths>4</Baths><HalfBaths>2</HalfBaths><Bedrooms MasterBedLocation="Down">4</Bedrooms><Garage>3.0</Garage><Description>Craft, Wet Bar, Covered Patio, Game Room, Study, Sunroom</Description><PlanImages><ElevationImage SequencePosition="1" ReferenceType="URL">https://heavenly-homes.com/wp-content/uploads/2018/08/5621_layout.png</ElevationImage><ElevationImage SequencePosition="2" ReferenceType="URL">https://heavenly-homes.com/wp-content/uploads/2018/08/24_20_Royal_King_Nits_00.jpg</ElevationImage><ElevationImage SequencePosition="3" ReferenceType="URL">https://heavenly-homes.com/wp-content/uploads/2018/08/32_20_Royal_King_Nits_06.jpg</ElevationImage><ElevationImage SequencePosition="4" ReferenceType="URL">https://heavenly-homes.com/wp-content/uploads/2018/08/25_20_Royal_King_Nits_01.jpg</ElevationImage><ElevationImage SequencePosition="5" ReferenceType="URL">https://heavenly-homes.com/wp-content/uploads/2018/08/03_20_Royal_King_02.jpg</ElevationImage><ElevationImage SequencePosition="6" ReferenceType="URL">https://heavenly-homes.com/wp-content/uploads/2018/08/04_20_Royal_King_03.jpg</ElevationImage><ElevationImage SequencePosition="7" ReferenceType="URL">https://heavenly-homes.com/wp-content/uploads/2018/08/05_20_Royal_King_04.jpg</ElevationImage><ElevationImage SequencePosition="8" ReferenceType="URL">https://heavenly-homes.com/wp-content/uploads/2018/08/09_20_Royal_King_008.jpg</ElevationImage><ElevationImage SequencePosition="9" ReferenceType="URL">https://heavenly-homes.com/wp-content/uploads/2018/08/12_20_Royal_King_012.jpg</ElevationImage><ElevationImage SequencePosition="10" ReferenceType="URL">https://heavenly-homes.com/wp-content/uploads/2018/08/30_20_Royal_King_011.jpg</ElevationImage><ElevationImage SequencePosition="11" ReferenceType="URL">https://heavenly-homes.com/wp-content/uploads/2018/08/19_20_Royal_King_020.jpg</ElevationImage></PlanImages><PlanWebsite>https://heavenly-homes.com/2016/08/16/floor-plan-5621/</PlanWebsite></Plan><Plan Type="SingleFamily"><PlanNumber>19650771239604340066455990077</PlanNumber><PlanName>FLOOR PLAN 5616</PlanName><PlanNotAvailable>0</PlanNotAvailable><PlanTypeName>Single Family</PlanTypeName><BasePrice>0.00</BasePrice><BaseSqft>5616</BaseSqft><Baths>4</Baths><HalfBaths>1</HalfBaths><Bedrooms MasterBedLocation="Down">5</Bedrooms><Garage>4.0</Garage><Description>Open Family/Kitchen, Pool Bath, 1st Floor Game Room, Patio</Description><PlanImages><ElevationImage SequencePosition="1" ReferenceType="URL">https://heavenly-homes.com/wp-content/uploads/2016/04/image_5616.jpg</ElevationImage><ElevationImage SequencePosition="2" ReferenceType="URL">https://heavenly-homes.com/wp-content/uploads/2016/08/DSC_2531-copy.jpg</ElevationImage><ElevationImage SequencePosition="3" ReferenceType="URL">https://heavenly-homes.com/wp-content/uploads/2016/08/DSC_2530-copy.jpg</ElevationImage><ElevationImage SequencePosition="4" ReferenceType="URL">https://heavenly-homes.com/wp-content/uploads/2016/08/DSC_2539-copy.jpg</ElevationImage><ElevationImage SequencePosition="5" ReferenceType="URL">https://heavenly-homes.com/wp-content/uploads/2016/08/DSC_2469.jpg</ElevationImage><ElevationImage SequencePosition="6" ReferenceType="URL">https://heavenly-homes.com/wp-content/uploads/2016/08/DSC_2535-copy.jpg</ElevationImage><ElevationImage SequencePosition="7" ReferenceType="URL">https://heavenly-homes.com/wp-content/uploads/2016/08/DSC_2534-copy.jpg</ElevationImage><ElevationImage SequencePosition="8" ReferenceType="URL">https://heavenly-homes.com/wp-content/uploads/2016/08/DSC_2542-copy.jpg</ElevationImage><ElevationImage SequencePosition="9" ReferenceType="URL">https://heavenly-homes.com/wp-content/uploads/2016/08/DSC_2533-copy.jpg</ElevationImage><ElevationImage SequencePosition="10" ReferenceType="URL">https://heavenly-homes.com/wp-content/uploads/2016/08/DSC_2543-copy.jpg</ElevationImage><ElevationImage SequencePosition="11" ReferenceType="URL">https://heavenly-homes.com/wp-content/uploads/2016/08/DSC_2541-copy.jpg</ElevationImage><ElevationImage SequencePosition="12" ReferenceType="URL">https://heavenly-homes.com/wp-content/uploads/2016/08/DSC_2540-copy.jpg</ElevationImage><ElevationImage SequencePosition="13" ReferenceType="URL">https://heavenly-homes.com/wp-content/uploads/2016/08/DSC_2544.jpg</ElevationImage><ElevationImage SequencePosition="14" ReferenceType="URL">https://heavenly-homes.com/wp-content/uploads/2016/08/DSC_2545-copy.jpg</ElevationImage><ElevationImage SequencePosition="15" ReferenceType="URL">https://heavenly-homes.com/wp-content/uploads/2016/08/DSC_2549-copy.jpg</ElevationImage><ElevationImage SequencePosition="16" ReferenceType="URL">https://heavenly-homes.com/wp-content/uploads/2016/08/DSC_2548-copy.jpg</ElevationImage><ElevationImage SequencePosition="17" ReferenceType="URL">https://heavenly-homes.com/wp-content/uploads/2016/08/DSC_2484.jpg</ElevationImage><ElevationImage SequencePosition="18" ReferenceType="URL">https://heavenly-homes.com/wp-content/uploads/2016/08/DSC_2479.jpg</ElevationImage><ElevationImage SequencePosition="19" ReferenceType="URL">https://heavenly-homes.com/wp-content/uploads/2016/08/DSC_2488.jpg</ElevationImage><ElevationImage SequencePosition="20" ReferenceType="URL">https://heavenly-homes.com/wp-content/uploads/2016/08/DSC_2526.jpg</ElevationImage><ElevationImage SequencePosition="21" ReferenceType="URL">https://heavenly-homes.com/wp-content/uploads/2016/08/DSC_2514.jpg</ElevationImage><ElevationImage SequencePosition="22" ReferenceType="URL">https://heavenly-homes.com/wp-content/uploads/2016/08/DSC_2496.jpg</ElevationImage><ElevationImage SequencePosition="23" ReferenceType="URL">https://heavenly-homes.com/wp-content/uploads/2016/08/DSC_2493.jpg</ElevationImage><ElevationImage SequencePosition="24" ReferenceType="URL">https://heavenly-homes.com/wp-content/uploads/2016/08/DSC_2519.jpg</ElevationImage><ElevationImage SequencePosition="25" ReferenceType="URL">https://heavenly-homes.com/wp-content/uploads/2016/08/DSC_2509.jpg</ElevationImage><ElevationImage SequencePosition="26" ReferenceType="URL">https://heavenly-homes.com/wp-content/uploads/2016/08/DSC_2522.jpg</ElevationImage><ElevationImage SequencePosition="27" ReferenceType="URL">https://heavenly-homes.com/wp-content/uploads/2016/08/DSC_2504.jpg</ElevationImage><ElevationImage SequencePosition="28" ReferenceType="URL">https://heavenly-homes.com/wp-content/uploads/2016/08/DSC_2497.jpg</ElevationImage><ElevationImage SequencePosition="29" ReferenceType="URL">https://heavenly-homes.com/wp-content/uploads/2016/08/DSC_2500.jpg</ElevationImage><ElevationImage SequencePosition="30" ReferenceType="URL">https://heavenly-homes.com/wp-content/uploads/2016/08/DSC_2499.jpg</ElevationImage><ElevationImage SequencePosition="31" ReferenceType="URL">https://heavenly-homes.com/wp-content/uploads/2016/08/DSC_2501.jpg</ElevationImage><ElevationImage SequencePosition="32" ReferenceType="URL">https://heavenly-homes.com/wp-content/uploads/2016/08/DSC_2510.jpg</ElevationImage><ElevationImage SequencePosition="33" ReferenceType="URL">https://heavenly-homes.com/wp-content/uploads/2016/08/DSC_2503.jpg</ElevationImage><ElevationImage SequencePosition="34" ReferenceType="URL">https://heavenly-homes.com/wp-content/uploads/2016/08/DSC_2505.jpg</ElevationImage><ElevationImage SequencePosition="35" ReferenceType="URL">https://heavenly-homes.com/wp-content/uploads/2016/08/DSC_2515.jpg</ElevationImage><ElevationImage SequencePosition="36" ReferenceType="URL">https://heavenly-homes.com/wp-content/uploads/2016/08/DSC_2490.jpg</ElevationImage><ElevationImage SequencePosition="37" ReferenceType="URL">https://heavenly-homes.com/wp-content/uploads/2016/08/DSC_2513.jpg</ElevationImage><ElevationImage SequencePosition="38" ReferenceType="URL">https://heavenly-homes.com/wp-content/uploads/2016/08/DSC_2523.jpg</ElevationImage><ElevationImage SequencePosition="39" ReferenceType="URL">https://heavenly-homes.com/wp-content/uploads/2016/08/DSC_2521.jpg</ElevationImage><ElevationImage SequencePosition="40" ReferenceType="URL">https://heavenly-homes.com/wp-content/uploads/2016/08/DSC_2525.jpg</ElevationImage><ElevationImage SequencePosition="41" ReferenceType="URL">https://heavenly-homes.com/wp-content/uploads/2016/08/DSC_2491.jpg</ElevationImage><ElevationImage SequencePosition="42" ReferenceType="URL">https://heavenly-homes.com/wp-content/uploads/2016/08/DSC_2527.jpg</ElevationImage></PlanImages><PlanWebsite>https://heavenly-homes.com/2016/03/28/floor-plan-5616/</PlanWebsite></Plan><Plan Type="SingleFamily"><PlanNumber>195071577356993465112525430787</PlanNumber><PlanName>FLOOR PLAN 5040</PlanName><PlanNotAvailable>0</PlanNotAvailable><PlanTypeName>Single Family</PlanTypeName><BasePrice>0.00</BasePrice><BaseSqft>5040</BaseSqft><Baths>4</Baths><HalfBaths>1</HalfBaths><Bedrooms MasterBedLocation="Down">4</Bedrooms><Garage>2.0</Garage><Description>Downstairs Wine Room, Oversized Garage, Covered Porch, Open Kitchen Layout with Butlers Pantry, Upstairs Theatre</Description><PlanImages><ElevationImage SequencePosition="1" ReferenceType="URL">https://heavenly-homes.com/wp-content/uploads/2020/04/Floor-Plan-5040.png</ElevationImage><ElevationImage SequencePosition="2" ReferenceType="URL">https://heavenly-homes.com/wp-content/uploads/2020/04/IMG-20200404-WA0002.jpg</ElevationImage><ElevationImage SequencePosition="3" ReferenceType="URL">https://heavenly-homes.com/wp-content/uploads/2020/04/IMG-20200404-WA0004.jpg</ElevationImage><ElevationImage SequencePosition="4" ReferenceType="URL">https://heavenly-homes.com/wp-content/uploads/2020/04/IMG-20200404-WA0005.jpg</ElevationImage><ElevationImage SequencePosition="5" ReferenceType="URL">https://heavenly-homes.com/wp-content/uploads/2020/04/IMG-20200404-WA0006.jpg</ElevationImage><ElevationImage SequencePosition="6" ReferenceType="URL">https://heavenly-homes.com/wp-content/uploads/2020/04/IMG-20200404-WA0007.jpg</ElevationImage><ElevationImage SequencePosition="7" ReferenceType="URL">https://heavenly-homes.com/wp-content/uploads/2020/04/IMG-20200404-WA0008.jpg</ElevationImage><ElevationImage SequencePosition="8" ReferenceType="URL">https://heavenly-homes.com/wp-content/uploads/2020/04/IMG-20200404-WA0009.jpg</ElevationImage><ElevationImage SequencePosition="9" ReferenceType="URL">https://heavenly-homes.com/wp-content/uploads/2020/04/IMG-20200404-WA0010.jpg</ElevationImage><ElevationImage SequencePosition="10" ReferenceType="URL">https://heavenly-homes.com/wp-content/uploads/2020/04/IMG-20200404-WA0011.jpg</ElevationImage><ElevationImage SequencePosition="11" ReferenceType="URL">https://heavenly-homes.com/wp-content/uploads/2020/04/IMG-20200404-WA0012.jpg</ElevationImage><ElevationImage SequencePosition="12" ReferenceType="URL">https://heavenly-homes.com/wp-content/uploads/2020/04/IMG-20200404-WA0013.jpg</ElevationImage><ElevationImage SequencePosition="13" ReferenceType="URL">https://heavenly-homes.com/wp-content/uploads/2020/04/IMG-20200404-WA0014.jpg</ElevationImage><ElevationImage SequencePosition="14" ReferenceType="URL">https://heavenly-homes.com/wp-content/uploads/2020/04/IMG-20200404-WA0015.jpg</ElevationImage><ElevationImage SequencePosition="15" ReferenceType="URL">https://heavenly-homes.com/wp-content/uploads/2020/04/IMG-20200404-WA0016.jpg</ElevationImage><ElevationImage SequencePosition="16" ReferenceType="URL">https://heavenly-homes.com/wp-content/uploads/2020/04/IMG-20200404-WA0017.jpg</ElevationImage><ElevationImage SequencePosition="17" ReferenceType="URL">https://heavenly-homes.com/wp-content/uploads/2020/04/IMG-20200404-WA0018.jpg</ElevationImage></PlanImages><PlanWebsite>https://heavenly-homes.com/2020/01/20/floor-plan-5040/</PlanWebsite></Plan><Plan Type="SingleFamily"><PlanNumber>188233616121060187506880801678</PlanNumber><PlanName>FLOOR PLAN 6238</PlanName><PlanNotAvailable>0</PlanNotAvailable><PlanTypeName>Single Family</PlanTypeName><BasePrice>0.00</BasePrice><BaseSqft>6238</BaseSqft><Baths>4</Baths><HalfBaths>1</HalfBaths><Bedrooms MasterBedLocation="Down">4</Bedrooms><Garage>3.0</Garage><Description>Game Room, Covered Verandah, Balcony</Description><PlanImages><ElevationImage SequencePosition="1" ReferenceType="URL">https://heavenly-homes.com/wp-content/uploads/2016/04/floorplan6238.jpg</ElevationImage><ElevationImage SequencePosition="2" ReferenceType="URL">https://heavenly-homes.com/wp-content/uploads/2016/04/PV-elevation1.jpg</ElevationImage><ElevationImage SequencePosition="3" ReferenceType="URL">https://heavenly-homes.com/wp-content/uploads/2016/04/Rear-elev1.jpg</ElevationImage><ElevationImage SequencePosition="4" ReferenceType="URL">https://heavenly-homes.com/wp-content/uploads/2016/04/Closet1.jpg</ElevationImage><ElevationImage SequencePosition="5" ReferenceType="URL">https://heavenly-homes.com/wp-content/uploads/2016/04/Dining2.jpg</ElevationImage><ElevationImage SequencePosition="6" ReferenceType="URL">https://heavenly-homes.com/wp-content/uploads/2016/04/Elevator1.jpg</ElevationImage><ElevationImage SequencePosition="7" ReferenceType="URL">https://heavenly-homes.com/wp-content/uploads/2016/04/Family1.jpg</ElevationImage><ElevationImage SequencePosition="8" ReferenceType="URL">https://heavenly-homes.com/wp-content/uploads/2016/04/Foyer1.jpg</ElevationImage><ElevationImage SequencePosition="9" ReferenceType="URL">https://heavenly-homes.com/wp-content/uploads/2016/04/Great-11.jpg</ElevationImage><ElevationImage SequencePosition="10" ReferenceType="URL">https://heavenly-homes.com/wp-content/uploads/2016/04/GreatEntry1.jpg</ElevationImage><ElevationImage SequencePosition="11" ReferenceType="URL">https://heavenly-homes.com/wp-content/uploads/2016/04/Kitchen1.jpg</ElevationImage><ElevationImage SequencePosition="12" ReferenceType="URL">https://heavenly-homes.com/wp-content/uploads/2016/04/Master-21.jpg</ElevationImage><ElevationImage SequencePosition="13" ReferenceType="URL">https://heavenly-homes.com/wp-content/uploads/2016/04/patio11.jpg</ElevationImage><ElevationImage SequencePosition="14" ReferenceType="URL">https://heavenly-homes.com/wp-content/uploads/2016/04/patio21.jpg</ElevationImage><ElevationImage SequencePosition="15" ReferenceType="URL">https://heavenly-homes.com/wp-content/uploads/2016/04/Powder1.jpg</ElevationImage><ElevationImage SequencePosition="16" ReferenceType="URL">https://heavenly-homes.com/wp-content/uploads/2016/04/Study1.jpg</ElevationImage></PlanImages><PlanWebsite>https://heavenly-homes.com/2016/03/28/floor-plan-6238/</PlanWebsite></Plan><Plan Type="SingleFamily"><PlanNumber>812921551644166183083612482752</PlanNumber><PlanName>FLOOR PLAN 5544</PlanName><PlanNotAvailable>0</PlanNotAvailable><PlanTypeName>Single Family</PlanTypeName><BasePrice>0.00</BasePrice><BaseSqft>5544</BaseSqft><Baths>4</Baths><HalfBaths>2</HalfBaths><Bedrooms MasterBedLocation="Down">5</Bedrooms><Garage>3.0</Garage><Description>Game Room, Theater, Lanai, Wine Closet</Description><PlanImages><ElevationImage SequencePosition="1" ReferenceType="URL">https://heavenly-homes.com/wp-content/uploads/2016/04/FloorPlan_55441.jpg</ElevationImage><ElevationImage SequencePosition="2" ReferenceType="URL">https://heavenly-homes.com/wp-content/uploads/2016/04/4809-Elm-1.jpg</ElevationImage><ElevationImage SequencePosition="3" ReferenceType="URL">https://heavenly-homes.com/wp-content/uploads/2016/04/Bath.jpg</ElevationImage><ElevationImage SequencePosition="4" ReferenceType="URL">https://heavenly-homes.com/wp-content/uploads/2016/04/Dining-1.jpg</ElevationImage><ElevationImage SequencePosition="5" ReferenceType="URL">https://heavenly-homes.com/wp-content/uploads/2016/04/Family.jpg</ElevationImage><ElevationImage SequencePosition="6" ReferenceType="URL">https://heavenly-homes.com/wp-content/uploads/2016/04/Foyer-1.jpg</ElevationImage><ElevationImage SequencePosition="7" ReferenceType="URL">https://heavenly-homes.com/wp-content/uploads/2016/04/Kitchen-1.jpg</ElevationImage><ElevationImage SequencePosition="8" ReferenceType="URL">https://heavenly-homes.com/wp-content/uploads/2016/04/Master.jpg</ElevationImage><ElevationImage SequencePosition="9" ReferenceType="URL">https://heavenly-homes.com/wp-content/uploads/2016/04/Powder.jpg</ElevationImage><ElevationImage SequencePosition="10" ReferenceType="URL">https://heavenly-homes.com/wp-content/uploads/2016/04/Staircase.jpg</ElevationImage><ElevationImage SequencePosition="11" ReferenceType="URL">https://heavenly-homes.com/wp-content/uploads/2016/04/Study-1.jpg</ElevationImage></PlanImages><PlanWebsite>https://heavenly-homes.com/2016/03/28/floor-plan-5544/</PlanWebsite></Plan><Plan Type="SingleFamily"><PlanNumber>35456131770428051646496164954</PlanNumber><PlanName>FLOOR PLAN 5204</PlanName><PlanNotAvailable>0</PlanNotAvailable><PlanTypeName>Single Family</PlanTypeName><BasePrice>0.00</BasePrice><BaseSqft>5204</BaseSqft><Baths>5</Baths><HalfBaths>1</HalfBaths><Bedrooms MasterBedLocation="Down">5</Bedrooms><Garage>3.0</Garage><Description>Downstairs media room, Large Casita, open kitchen family breakfast</Description><PlanImages><ElevationImage SequencePosition="1" ReferenceType="URL">https://heavenly-homes.com/wp-content/uploads/2016/04/floorplan-5204-1.jpg</ElevationImage><ElevationImage SequencePosition="2" ReferenceType="URL">https://heavenly-homes.com/wp-content/uploads/2016/04/6-Copper-Bottom-1-1.jpg</ElevationImage><ElevationImage SequencePosition="3" ReferenceType="URL">https://heavenly-homes.com/wp-content/uploads/2016/04/CB-bath.jpg</ElevationImage><ElevationImage SequencePosition="4" ReferenceType="URL">https://heavenly-homes.com/wp-content/uploads/2016/04/CB-craft1.jpg</ElevationImage><ElevationImage SequencePosition="5" ReferenceType="URL">https://heavenly-homes.com/wp-content/uploads/2016/04/CB-dining1.jpg</ElevationImage><ElevationImage SequencePosition="6" ReferenceType="URL">https://heavenly-homes.com/wp-content/uploads/2016/04/CB-kitchen.jpg</ElevationImage><ElevationImage SequencePosition="7" ReferenceType="URL">https://heavenly-homes.com/wp-content/uploads/2016/04/CB-living3.jpg</ElevationImage><ElevationImage SequencePosition="8" ReferenceType="URL">https://heavenly-homes.com/wp-content/uploads/2016/04/CB-master4.jpg</ElevationImage><ElevationImage SequencePosition="9" ReferenceType="URL">https://heavenly-homes.com/wp-content/uploads/2016/04/CB-mud.jpg</ElevationImage><ElevationImage SequencePosition="10" ReferenceType="URL">https://heavenly-homes.com/wp-content/uploads/2016/04/CB-study.jpg</ElevationImage></PlanImages><PlanWebsite>https://heavenly-homes.com/2016/03/28/floor-plan-5204/</PlanWebsite></Plan><Plan Type="SingleFamily"><PlanNumber>549536530145527374704628705302</PlanNumber><PlanName>FLOOR PLAN 4520</PlanName><PlanNotAvailable>0</PlanNotAvailable><PlanTypeName>Single Family</PlanTypeName><BasePrice>0.00</BasePrice><BaseSqft>4520</BaseSqft><Baths>5</Baths><HalfBaths>1</HalfBaths><Bedrooms MasterBedLocation="Down">4</Bedrooms><Garage>3.0</Garage><Description>Wine Room, Game Room, Retreat, Covered Porch, Study</Description><PlanImages><ElevationImage SequencePosition="1" ReferenceType="URL">https://heavenly-homes.com/wp-content/uploads/2017/03/DSC_0398-2-copy.jpg</ElevationImage><ElevationImage SequencePosition="2" ReferenceType="URL">https://heavenly-homes.com/wp-content/uploads/2016/08/4520-FloorPlan.jpg</ElevationImage><ElevationImage SequencePosition="3" ReferenceType="URL">https://heavenly-homes.com/wp-content/uploads/2017/03/DSC_0407.jpg</ElevationImage><ElevationImage SequencePosition="4" ReferenceType="URL">https://heavenly-homes.com/wp-content/uploads/2017/03/DSC_0404.jpg</ElevationImage><ElevationImage SequencePosition="5" ReferenceType="URL">https://heavenly-homes.com/wp-content/uploads/2017/03/DSC_0403.jpg</ElevationImage><ElevationImage SequencePosition="6" ReferenceType="URL">https://heavenly-homes.com/wp-content/uploads/2017/03/DSC_0402-copy.jpg</ElevationImage><ElevationImage SequencePosition="7" ReferenceType="URL">https://heavenly-homes.com/wp-content/uploads/2017/03/DSC_0400-copy.jpg</ElevationImage><ElevationImage SequencePosition="8" ReferenceType="URL">https://heavenly-homes.com/wp-content/uploads/2017/03/DSC_0398-2-copy.jpg</ElevationImage><ElevationImage SequencePosition="9" ReferenceType="URL">https://heavenly-homes.com/wp-content/uploads/2017/03/DSC_0385.jpg</ElevationImage><ElevationImage SequencePosition="10" ReferenceType="URL">https://heavenly-homes.com/wp-content/uploads/2017/03/DSC_0384.jpg</ElevationImage><ElevationImage SequencePosition="11" ReferenceType="URL">https://heavenly-homes.com/wp-content/uploads/2017/03/DSC_0381.jpg</ElevationImage><ElevationImage SequencePosition="12" ReferenceType="URL">https://heavenly-homes.com/wp-content/uploads/2017/03/DSC_0379.jpg</ElevationImage><ElevationImage SequencePosition="13" ReferenceType="URL">https://heavenly-homes.com/wp-content/uploads/2017/03/DSC_0377.jpg</ElevationImage><ElevationImage SequencePosition="14" ReferenceType="URL">https://heavenly-homes.com/wp-content/uploads/2017/03/DSC_0376.jpg</ElevationImage><ElevationImage SequencePosition="15" ReferenceType="URL">https://heavenly-homes.com/wp-content/uploads/2017/03/DSC_0373.jpg</ElevationImage><ElevationImage SequencePosition="16" ReferenceType="URL">https://heavenly-homes.com/wp-content/uploads/2017/03/DSC_0369.jpg</ElevationImage><ElevationImage SequencePosition="17" ReferenceType="URL">https://heavenly-homes.com/wp-content/uploads/2017/03/DSC_0366.jpg</ElevationImage><ElevationImage SequencePosition="18" ReferenceType="URL">https://heavenly-homes.com/wp-content/uploads/2017/03/DSC_0364.jpg</ElevationImage><ElevationImage SequencePosition="19" ReferenceType="URL">https://heavenly-homes.com/wp-content/uploads/2017/03/DSC_0361.jpg</ElevationImage></PlanImages><PlanWebsite>https://heavenly-homes.com/2016/08/16/floor-plan-4520/</PlanWebsite></Plan><Plan Type="SingleFamily"><PlanNumber>963161093974986679710204767275</PlanNumber><PlanName>FLOOR PLAN 3848</PlanName><PlanNotAvailable>0</PlanNotAvailable><PlanTypeName>Single Family</PlanTypeName><BasePrice>0.00</BasePrice><BaseSqft>3848</BaseSqft><Baths>3</Baths><HalfBaths>1</HalfBaths><Bedrooms MasterBedLocation="Down">4</Bedrooms><Garage>4.0</Garage><Description>Game Room and Media Room</Description><PlanImages><ElevationImage SequencePosition="1" ReferenceType="URL">https://heavenly-homes.com/wp-content/uploads/2016/04/floor-plan-3848-562x1024.jpg</ElevationImage><ElevationImage SequencePosition="2" ReferenceType="URL">https://heavenly-homes.com/wp-content/uploads/2016/04/6510.jpg</ElevationImage><ElevationImage SequencePosition="3" ReferenceType="URL">https://heavenly-homes.com/wp-content/uploads/2016/04/6510small.jpg</ElevationImage><ElevationImage SequencePosition="4" ReferenceType="URL">https://heavenly-homes.com/wp-content/uploads/2016/04/Aubanys.jpg</ElevationImage><ElevationImage SequencePosition="5" ReferenceType="URL">https://heavenly-homes.com/wp-content/uploads/2016/04/backslpash.jpg</ElevationImage><ElevationImage SequencePosition="6" ReferenceType="URL">https://heavenly-homes.com/wp-content/uploads/2016/04/bath-2.jpg</ElevationImage><ElevationImage SequencePosition="7" ReferenceType="URL">https://heavenly-homes.com/wp-content/uploads/2016/04/Bedroom-1.jpg</ElevationImage><ElevationImage SequencePosition="8" ReferenceType="URL">https://heavenly-homes.com/wp-content/uploads/2016/04/Boys.jpg</ElevationImage><ElevationImage SequencePosition="9" ReferenceType="URL">https://heavenly-homes.com/wp-content/uploads/2016/04/dining.jpg</ElevationImage><ElevationImage SequencePosition="10" ReferenceType="URL">https://heavenly-homes.com/wp-content/uploads/2016/04/Family-2.jpg</ElevationImage><ElevationImage SequencePosition="11" ReferenceType="URL">https://heavenly-homes.com/wp-content/uploads/2016/04/family2-1.jpg</ElevationImage><ElevationImage SequencePosition="12" ReferenceType="URL">https://heavenly-homes.com/wp-content/uploads/2016/04/Game-Room.jpg</ElevationImage><ElevationImage SequencePosition="13" ReferenceType="URL">https://heavenly-homes.com/wp-content/uploads/2016/04/garage.jpg</ElevationImage><ElevationImage SequencePosition="14" ReferenceType="URL">https://heavenly-homes.com/wp-content/uploads/2016/04/grill.jpg</ElevationImage><ElevationImage SequencePosition="15" ReferenceType="URL">https://heavenly-homes.com/wp-content/uploads/2016/04/Gym.jpg</ElevationImage><ElevationImage SequencePosition="16" ReferenceType="URL">https://heavenly-homes.com/wp-content/uploads/2016/04/hutch.jpg</ElevationImage><ElevationImage SequencePosition="17" ReferenceType="URL">https://heavenly-homes.com/wp-content/uploads/2016/04/kitchen-features.jpg</ElevationImage><ElevationImage SequencePosition="18" ReferenceType="URL">https://heavenly-homes.com/wp-content/uploads/2016/04/kitchen-1.jpg</ElevationImage><ElevationImage SequencePosition="19" ReferenceType="URL">https://heavenly-homes.com/wp-content/uploads/2016/04/mirrors.jpg</ElevationImage><ElevationImage SequencePosition="20" ReferenceType="URL">https://heavenly-homes.com/wp-content/uploads/2016/04/Powder-1.jpg</ElevationImage><ElevationImage SequencePosition="21" ReferenceType="URL">https://heavenly-homes.com/wp-content/uploads/2016/04/Shower.jpg</ElevationImage><ElevationImage SequencePosition="22" ReferenceType="URL">https://heavenly-homes.com/wp-content/uploads/2016/04/staircase.jpg</ElevationImage><ElevationImage SequencePosition="23" ReferenceType="URL">https://heavenly-homes.com/wp-content/uploads/2016/04/Tub.jpg</ElevationImage></PlanImages><PlanWebsite>https://heavenly-homes.com/2016/03/28/floor-plan-3848/</PlanWebsite></Plan><Plan Type="SingleFamily"><PlanNumber>104283906676540153884365352962</PlanNumber><PlanName>FLOOR PLAN 3872</PlanName><PlanNotAvailable>0</PlanNotAvailable><PlanTypeName>Single Family</PlanTypeName><BasePrice>0.00</BasePrice><BaseSqft>3872</BaseSqft><Baths>2</Baths><HalfBaths>1</HalfBaths><Bedrooms MasterBedLocation="Down">3</Bedrooms><Garage>4.0</Garage><Description>Patio</Description><PlanImages><ElevationImage SequencePosition="1" ReferenceType="URL">https://heavenly-homes.com/wp-content/uploads/2016/04/Overview-3872.png</ElevationImage></PlanImages><PlanWebsite>https://heavenly-homes.com/2016/03/28/floor-plan-3872/</PlanWebsite></Plan><Plan Type="SingleFamily"><PlanNumber>269514204330789443049447938748</PlanNumber><PlanName>FLOOR PLAN 4352</PlanName><PlanNotAvailable>0</PlanNotAvailable><PlanTypeName>Single Family</PlanTypeName><BasePrice>0.00</BasePrice><BaseSqft>4352</BaseSqft><Baths>3</Baths><HalfBaths>1</HalfBaths><Bedrooms MasterBedLocation="Down">4</Bedrooms><Garage>3.0</Garage><Description>Game Room, Lounge, Lanai</Description><PlanImages><ElevationImage SequencePosition="1" ReferenceType="URL">https://heavenly-homes.com/wp-content/uploads/2016/04/Floor-Plan-4352.jpg</ElevationImage><ElevationImage SequencePosition="2" ReferenceType="URL">https://heavenly-homes.com/wp-content/uploads/2016/04/266062.jpg</ElevationImage><ElevationImage SequencePosition="3" ReferenceType="URL">https://heavenly-homes.com/wp-content/uploads/2016/04/bath1.jpg</ElevationImage><ElevationImage SequencePosition="4" ReferenceType="URL">https://heavenly-homes.com/wp-content/uploads/2016/04/dining1.jpg</ElevationImage><ElevationImage SequencePosition="5" ReferenceType="URL">https://heavenly-homes.com/wp-content/uploads/2016/04/Kitchen5.jpg</ElevationImage><ElevationImage SequencePosition="6" ReferenceType="URL">https://heavenly-homes.com/wp-content/uploads/2016/04/Living-2.jpg</ElevationImage><ElevationImage SequencePosition="7" ReferenceType="URL">https://heavenly-homes.com/wp-content/uploads/2016/04/theater.jpg</ElevationImage><ElevationImage SequencePosition="8" ReferenceType="URL">https://heavenly-homes.com/wp-content/uploads/2016/04/166061.jpg</ElevationImage></PlanImages><PlanWebsite>https://heavenly-homes.com/2016/03/28/floor-plan-4352/</PlanWebsite></Plan><Plan Type="SingleFamily"><PlanNumber>190865798662066244293813170390</PlanNumber><PlanName>FLOOR PLAN 3901</PlanName><PlanNotAvailable>0</PlanNotAvailable><PlanTypeName>Single Family</PlanTypeName><BasePrice>0.00</BasePrice><BaseSqft>3901</BaseSqft><Baths>3</Baths><HalfBaths>1</HalfBaths><Bedrooms MasterBedLocation="Down">4</Bedrooms><Garage>2.0</Garage><Description>Game Room, Covered Patio</Description><PlanImages><ElevationImage SequencePosition="1" ReferenceType="URL">https://heavenly-homes.com/wp-content/uploads/2016/03/Candlelight-3.jpg</ElevationImage><ElevationImage SequencePosition="2" ReferenceType="URL">https://heavenly-homes.com/wp-content/uploads/2016/04/Overview_3901.png</ElevationImage><ElevationImage SequencePosition="3" ReferenceType="URL">https://heavenly-homes.com/wp-content/uploads/2016/03/Candlelight-3.jpg</ElevationImage><ElevationImage SequencePosition="4" ReferenceType="URL">https://heavenly-homes.com/wp-content/uploads/2016/04/Dining-7.jpg</ElevationImage><ElevationImage SequencePosition="5" ReferenceType="URL">https://heavenly-homes.com/wp-content/uploads/2016/04/Entry.jpg</ElevationImage><ElevationImage SequencePosition="6" ReferenceType="URL">https://heavenly-homes.com/wp-content/uploads/2016/04/Family-4.jpg</ElevationImage><ElevationImage SequencePosition="7" ReferenceType="URL">https://heavenly-homes.com/wp-content/uploads/2016/04/Kitchen-5.jpg</ElevationImage><ElevationImage SequencePosition="8" ReferenceType="URL">https://heavenly-homes.com/wp-content/uploads/2016/04/Master-2.jpg</ElevationImage><ElevationImage SequencePosition="9" ReferenceType="URL">https://heavenly-homes.com/wp-content/uploads/2016/04/Powder-2.jpg</ElevationImage></PlanImages><PlanWebsite>https://heavenly-homes.com/2016/03/28/floor-plan-3901/</PlanWebsite></Plan><Plan Type="SingleFamily"><PlanNumber>78503492809252371167853627608</PlanNumber><PlanName>FLOOR PLAN 4599</PlanName><PlanNotAvailable>0</PlanNotAvailable><PlanTypeName>Single Family</PlanTypeName><BasePrice>0.00</BasePrice><BaseSqft>4599</BaseSqft><Baths>4</Baths><HalfBaths>1</HalfBaths><Bedrooms MasterBedLocation="Down">4</Bedrooms><Garage>3.0</Garage><Description>Game Room, Covered Porch, Study</Description><PlanImages><ElevationImage SequencePosition="1" ReferenceType="URL">https://heavenly-homes.com/wp-content/uploads/2016/08/4599-floorPlan.jpg</ElevationImage></PlanImages><PlanWebsite>https://heavenly-homes.com/2016/08/16/floor-plan-4599/</PlanWebsite></Plan><Plan Type="SingleFamily"><PlanNumber>203812550246466536748688267263</PlanNumber><PlanName>FLOOR PLAN 4400-1</PlanName><PlanNotAvailable>0</PlanNotAvailable><PlanTypeName>Single Family</PlanTypeName><BasePrice>0.00</BasePrice><BaseSqft>4400</BaseSqft><Baths>3</Baths><HalfBaths>1</HalfBaths><Bedrooms MasterBedLocation="Down">4</Bedrooms><Garage>3.0</Garage><Description>Open Family/Kitchen, Media Room, Game Room, Patio</Description><PlanImages><ElevationImage SequencePosition="1" ReferenceType="URL">https://heavenly-homes.com/wp-content/uploads/2016/04/image_4400.jpg</ElevationImage><ElevationImage SequencePosition="2" ReferenceType="URL">https://heavenly-homes.com/wp-content/uploads/2017/07/1Q7B4019-copy.jpg</ElevationImage><ElevationImage SequencePosition="3" ReferenceType="URL">https://heavenly-homes.com/wp-content/uploads/2017/07/1Q7B4016-1.jpg</ElevationImage><ElevationImage SequencePosition="4" ReferenceType="URL">https://heavenly-homes.com/wp-content/uploads/2017/07/1Q7B4007-1.jpg</ElevationImage><ElevationImage SequencePosition="5" ReferenceType="URL">https://heavenly-homes.com/wp-content/uploads/2017/07/1Q7B3999-1.jpg</ElevationImage><ElevationImage SequencePosition="6" ReferenceType="URL">https://heavenly-homes.com/wp-content/uploads/2017/07/1Q7B3997-1.jpg</ElevationImage><ElevationImage SequencePosition="7" ReferenceType="URL">https://heavenly-homes.com/wp-content/uploads/2017/07/1Q7B4104-copy.jpg</ElevationImage><ElevationImage SequencePosition="8" ReferenceType="URL">https://heavenly-homes.com/wp-content/uploads/2017/07/1Q7B4099-copy.jpg</ElevationImage><ElevationImage SequencePosition="9" ReferenceType="URL">https://heavenly-homes.com/wp-content/uploads/2017/07/1Q7B4069.jpg</ElevationImage><ElevationImage SequencePosition="10" ReferenceType="URL">https://heavenly-homes.com/wp-content/uploads/2017/07/1Q7B4061.jpg</ElevationImage><ElevationImage SequencePosition="11" ReferenceType="URL">https://heavenly-homes.com/wp-content/uploads/2017/07/1Q7B4056.jpg</ElevationImage><ElevationImage SequencePosition="12" ReferenceType="URL">https://heavenly-homes.com/wp-content/uploads/2017/07/1Q7B4052.jpg</ElevationImage><ElevationImage SequencePosition="13" ReferenceType="URL">https://heavenly-homes.com/wp-content/uploads/2017/07/1Q7B4050.jpg</ElevationImage><ElevationImage SequencePosition="14" ReferenceType="URL">https://heavenly-homes.com/wp-content/uploads/2017/07/1Q7B4046.jpg</ElevationImage><ElevationImage SequencePosition="15" ReferenceType="URL">https://heavenly-homes.com/wp-content/uploads/2017/07/1Q7B4045.jpg</ElevationImage><ElevationImage SequencePosition="16" ReferenceType="URL">https://heavenly-homes.com/wp-content/uploads/2017/07/1Q7B4042.jpg</ElevationImage><ElevationImage SequencePosition="17" ReferenceType="URL">https://heavenly-homes.com/wp-content/uploads/2017/07/1Q7B4041.jpg</ElevationImage><ElevationImage SequencePosition="18" ReferenceType="URL">https://heavenly-homes.com/wp-content/uploads/2017/07/1Q7B4036.jpg</ElevationImage><ElevationImage SequencePosition="19" ReferenceType="URL">https://heavenly-homes.com/wp-content/uploads/2017/07/1Q7B4035.jpg</ElevationImage><ElevationImage SequencePosition="20" ReferenceType="URL">https://heavenly-homes.com/wp-content/uploads/2017/07/1Q7B4034-copy.jpg</ElevationImage><ElevationImage SequencePosition="21" ReferenceType="URL">https://heavenly-homes.com/wp-content/uploads/2017/07/1Q7B4026.jpg</ElevationImage><ElevationImage SequencePosition="22" ReferenceType="URL">https://heavenly-homes.com/wp-content/uploads/2017/07/1Q7B4021.jpg</ElevationImage></PlanImages><PlanWebsite>https://heavenly-homes.com/2016/03/28/floor-plan-4400-1/</PlanWebsite></Plan><Plan Type="SingleFamily"><PlanNumber>221844917909734245082779539282</PlanNumber><PlanName>FLOOR PLAN 8398</PlanName><PlanNotAvailable>0</PlanNotAvailable><PlanTypeName>Single Family</PlanTypeName><BasePrice>0.00</BasePrice><BaseSqft>8938</BaseSqft><Baths>6</Baths><HalfBaths>2</HalfBaths><Bedrooms MasterBedLocation="Down">4</Bedrooms><Garage>3.0</Garage><Description>Guest House, Game Room, Outdoor Living, Exercise Room, Media Room</Description><PlanImages><ElevationImage SequencePosition="1" ReferenceType="URL">https://heavenly-homes.com/wp-content/uploads/2020/01/floor-plan-elev.png</ElevationImage><ElevationImage SequencePosition="2" ReferenceType="URL">https://heavenly-homes.com/wp-content/uploads/2020/01/Blasingame_Photo-1.png</ElevationImage><ElevationImage SequencePosition="3" ReferenceType="URL">https://heavenly-homes.com/wp-content/uploads/2020/01/Blasingame_Photo-2.png</ElevationImage><ElevationImage SequencePosition="4" ReferenceType="URL">https://heavenly-homes.com/wp-content/uploads/2020/01/Blasingame_Photo-13.png</ElevationImage><ElevationImage SequencePosition="5" ReferenceType="URL">https://heavenly-homes.com/wp-content/uploads/2020/01/Blasingame_Photo-16.png</ElevationImage><ElevationImage SequencePosition="6" ReferenceType="URL">https://heavenly-homes.com/wp-content/uploads/2020/01/Blasingame_Photo-17.png</ElevationImage><ElevationImage SequencePosition="7" ReferenceType="URL">https://heavenly-homes.com/wp-content/uploads/2020/01/Blasingame_Photo-27.png</ElevationImage><ElevationImage SequencePosition="8" ReferenceType="URL">https://heavenly-homes.com/wp-content/uploads/2020/01/Blasingame_Photo-28.png</ElevationImage><ElevationImage SequencePosition="9" ReferenceType="URL">https://heavenly-homes.com/wp-content/uploads/2020/01/Blasingame_Photo-60.png</ElevationImage></PlanImages><PlanWebsite>https://heavenly-homes.com/2020/01/28/floor-plan-8398/</PlanWebsite></Plan></Subdivision></Builder></Corporation></Builders>