<Builders DateGenerated="2021-10-22T10:55:00"><Corporation><CorporateBuilderNumber>12625</CorporateBuilderNumber><CorporateState>DE</CorporateState><CorporateName>Epick Homes</CorporateName><Builder><BuilderNumber>13783</BuilderNumber><BrandName>Atlantic Homes</BrandName><BrandLogo_Med ReferenceType="URL">http://resortcustomhomes.com/wp-content/uploads/2015/10/resort-custom-homes-delware-logo-small.png</BrandLogo_Med><ReportingName>Atlantic Homes</ReportingName><DefaultLeadsEmail LeadsPerMessage="All">leads@thebdx.com</DefaultLeadsEmail><BuilderWebsite>epickhomes.com</BuilderWebsite><Subdivision Status="Active"><SubdivisionNumber>13783</SubdivisionNumber><SubdivisionName>Atlantic Homes</SubdivisionName><BuildOnYourLot>0</BuildOnYourLot><SalesOffice><Address OutOfCommunity="0"><Street1>901 Bruce Road Suite #100</Street1><City>Chico</City><State>CA</State><ZIP>95928</ZIP></Address><Phone><AreaCode>530</AreaCode><Prefix>891</Prefix><Suffix>4757</Suffix></Phone><Email>office@addison-homes.com</Email></SalesOffice><SubDescription>Founded in 1977 by Pete Giampaoli, the name was derived from the Giampaoli family. EPICK is 'Elizabeth, Pete Including Chris and Kyle.'Our company has earned a reputation for timeless design, old world craftsmanship, and a relentless dedication to customer satisfaction. Epick does not just build homes, we create quality neighborhoodsFlexibility is a wonderful quality in both people and floor plans. That's why Epick Homes features many ways to personalize your living space to your lifestyle. Large bonus spaces are provided for hobby and shop areas. These can also be expanded and incorporated in to super family rooms. Dens can become home offices or guest rooms. The kitchens invite culinary excellence and are open for entertaining.</SubDescription><SubImage SequencePosition="1" Title="House1" ReferenceType="URL">http://epickhomes.com/images/gallery/th_274 (2)_scaled.jpg</SubImage><SubImage SequencePosition="2" Title="House1" ReferenceType="URL">http://epickhomes.com/images/gallery/th_3140 Kitchen_scaled.jpg</SubImage><SubImage SequencePosition="3" Title="House1" ReferenceType="URL">http://epickhomes.com/images/gallery/th_1962 Ext_scaled.jpg</SubImage><SubImage SequencePosition="4" Title="House1" ReferenceType="URL">http://epickhomes.com/images/gallery/th_5354a21e13c7ea32608c4a0e8f660236l-m3448138228xd-w1020_h770_q80_scaled.jpg</SubImage><SubImage SequencePosition="5" Title="House1" ReferenceType="URL">http://epickhomes.com/images/gallery/th_Dining Room_scaled.jpg</SubImage><SubImage SequencePosition="6" Title="House1" ReferenceType="URL">http://epickhomes.com/images/gallery/th_Grey flooring_scaled.jpg</SubImage><SubImage SequencePosition="7" Title="House1" ReferenceType="URL">http://epickhomes.com/images/gallery/th_IMG_1220_scaled.jpg</SubImage><SubImage SequencePosition="8" Title="House1" ReferenceType="URL">http://epickhomes.com/images/gallery/th_IMG_20200320_121935519 (2)_rotated_scaled.jpg</SubImage><SubImage SequencePosition="9" Title="House1" ReferenceType="URL">http://epickhomes.com/images/gallery/th_LVP_scaled.jpg</SubImage><SubImage SequencePosition="10" Title="House1" ReferenceType="URL">http://epickhomes.com/images/gallery/th_Social 1_scaled.jpg</SubImage><SubImage SequencePosition="11" Title="House1" ReferenceType="URL">http://epickhomes.com/images/gallery/th_IMG_3929 (2)_scaled.jpg</SubImage><SubImage SequencePosition="12" Title="House1" ReferenceType="URL">http://epickhomes.com/images/gallery/th_Social 8 (3)_scaled.jpg</SubImage><SubImage SequencePosition="13" Title="House1" ReferenceType="URL">http://epickhomes.com/images/gallery/th_Tile1.jpg</SubImage><SubImage SequencePosition="14" Title="House1" ReferenceType="URL">http://epickhomes.com/images/gallery/th_masterbath2.jpg</SubImage><SubImage SequencePosition="15" Title="House1" ReferenceType="URL">http://epickhomes.com/images/gallery/th_lot79.jpg</SubImage><SubImage SequencePosition="16" Title="House1" ReferenceType="URL">http://epickhomes.com/images/gallery/th_Light.jpg</SubImage><SubImage SequencePosition="17" Title="House1" ReferenceType="URL">http://epickhomes.com/images/gallery/th_kitchen2.jpg</SubImage><SubImage SequencePosition="18" Title="House1" ReferenceType="URL">http://epickhomes.com/images/gallery/th_Kitchen1.jpg</SubImage><SubImage SequencePosition="19" Title="House1" ReferenceType="URL">http://epickhomes.com/images/gallery/th_IMG_0576.jpg</SubImage><SubImage SequencePosition="20" Title="House1" ReferenceType="URL">http://epickhomes.com/images/gallery/th_IMG_0574.jpg</SubImage><SubImage SequencePosition="21" Title="House1" ReferenceType="URL">http://epickhomes.com/images/gallery/th_house4.jpg</SubImage><SubImage SequencePosition="22" Title="House1" ReferenceType="URL">http://epickhomes.com/images/gallery/th_Exterior1.jpg</SubImage><SubImage SequencePosition="23" Title="House1" ReferenceType="URL">http://epickhomes.com/images/gallery/th_Appliances1.jpg</SubImage><SubImage SequencePosition="24" Title="House1" ReferenceType="URL">http://epickhomes.com/images/gallery/th_IMG_0287.jpg</SubImage><SubImage SequencePosition="25" Title="House1" ReferenceType="URL">http://epickhomes.com/images/gallery/th_IMG_0292.jpg</SubImage><SubImage SequencePosition="26" Title="House1" ReferenceType="URL">http://epickhomes.com/images/gallery/th_IMG_0293.jpg</SubImage><SubImage SequencePosition="27" Title="House1" ReferenceType="URL">http://epickhomes.com/images/gallery/th_IMG_0578.jpg</SubImage><SubImage SequencePosition="28" Title="House1" ReferenceType="URL">http://epickhomes.com/images/gallery/th_Subdivisions-010.jpg</SubImage><SubImage SequencePosition="29" Title="House1" ReferenceType="URL">http://epickhomes.com/images/gallery/th_Subdivisions-024.jpg</SubImage><SubImage SequencePosition="30" Title="House1" ReferenceType="URL">http://epickhomes.com/images/gallery/th_Subdivisions-041.jpg</SubImage><SubImage SequencePosition="31" Title="House1" ReferenceType="URL">http://epickhomes.com/images/gallery/th_Subdivisions-045.jpg</SubImage><SubImage SequencePosition="32" Title="House1" ReferenceType="URL">http://epickhomes.com/images/gallery/th_Subdivisions-047.jpg</SubImage><SubImage SequencePosition="33" Title="House1" ReferenceType="URL">http://epickhomes.com/images/gallery/th_Subdivisions-048.jpg</SubImage><SubImage SequencePosition="34" Title="House1" ReferenceType="URL">http://epickhomes.com/images/gallery/th_Subdivisions-057.jpg</SubImage><SubImage SequencePosition="35" Title="House1" ReferenceType="URL">http://epickhomes.com/images/gallery/th_Subdivisions-061.jpg</SubImage><SubImage SequencePosition="36" Title="House1" ReferenceType="URL">http://epickhomes.com/images/gallery/th_Subdivisions-064.jpg</SubImage><SubImage SequencePosition="37" Title="House1" ReferenceType="URL">http://epickhomes.com/images/gallery/th_Subdivisions-074.jpg</SubImage><SubImage SequencePosition="38" Title="House1" ReferenceType="URL">http://epickhomes.com/images/gallery/th_Subdivisions-075.jpg</SubImage><SubImage SequencePosition="39" Title="House1" ReferenceType="URL">http://epickhomes.com/images/gallery/th_Subdivisions-091.jpg</SubImage><SubImage SequencePosition="40" Title="House1" ReferenceType="URL">http://epickhomes.com/images/gallery/th_Subdivisions-111.jpg</SubImage><SubImage SequencePosition="41" Title="House1" ReferenceType="URL">http://epickhomes.com/images/gallery/th_Subdivisions-143.jpg</SubImage><SubImage SequencePosition="42" Title="House1" ReferenceType="URL">http://epickhomes.com/images/gallery/th_Subdivisions-154.jpg</SubImage><SubImage SequencePosition="43" Title="House1" ReferenceType="URL">http://epickhomes.com/images/gallery/th_Subdivisions-156.jpg</SubImage><SubImage SequencePosition="44" Title="House1" ReferenceType="URL">http://epickhomes.com/images/gallery/th_Subdivisions-162.jpg</SubImage><SubImage SequencePosition="45" Title="House1" ReferenceType="URL">http://epickhomes.com/images/gallery/th_Subdivisions-242.jpg</SubImage><SubImage SequencePosition="46" Title="House1" ReferenceType="URL">http://epickhomes.com/images/gallery/th_Subdivisions-247.jpg</SubImage><SubImage SequencePosition="47" Title="House1" ReferenceType="URL">http://epickhomes.com/images/gallery/th_Gallery-Pic.jpg</SubImage><SubImage SequencePosition="48" Title="House1" ReferenceType="URL">http://epickhomes.com/images/gallery/th_Gallery-pic-2.jpg</SubImage><SubImage SequencePosition="49" Title="House1" ReferenceType="URL">http://epickhomes.com/images/gallery/th_Gallery-pic-3.jpg</SubImage><SubImage SequencePosition="50" Title="House1" ReferenceType="URL">http://epickhomes.com/images/gallery/th_Gallery-pic-4.jpg</SubImage><SubImage SequencePosition="51" Title="House1" ReferenceType="URL">http://epickhomes.com/images/gallery/th_Gallery-pic-5.jpg</SubImage><SubImage SequencePosition="52" Title="House1" ReferenceType="URL">http://epickhomes.com/images/gallery/th_Tile1.jpg</SubImage><SubImage SequencePosition="53" Title="House1" ReferenceType="URL">http://epickhomes.com/images/gallery/th_masterbath2.jpg</SubImage><SubImage SequencePosition="54" Title="House1" ReferenceType="URL">http://epickhomes.com/images/gallery/th_lot79.jpg</SubImage><SubImage SequencePosition="55" Title="House1" ReferenceType="URL">http://epickhomes.com/images/gallery/th_Light.jpg</SubImage><SubImage SequencePosition="56" Title="House1" ReferenceType="URL">http://epickhomes.com/images/gallery/th_kitchen2.jpg</SubImage><SubImage SequencePosition="57" Title="House1" ReferenceType="URL">http://epickhomes.com/images/gallery/th_Kitchen1.jpg</SubImage><SubImage SequencePosition="58" Title="House1" ReferenceType="URL">http://epickhomes.com/images/gallery/th_IMG_0576.jpg</SubImage><SubImage SequencePosition="59" Title="House1" ReferenceType="URL">http://epickhomes.com/images/gallery/th_IMG_0574.jpg</SubImage><SubImage SequencePosition="60" Title="House1" ReferenceType="URL">http://epickhomes.com/images/gallery/th_house4.jpg</SubImage><SubImage SequencePosition="61" Title="House1" ReferenceType="URL">http://epickhomes.com/images/gallery/th_Exterior1.jpg</SubImage><SubImage SequencePosition="62" Title="House1" ReferenceType="URL">http://epickhomes.com/images/gallery/th_Appliances1.jpg</SubImage><SubImage SequencePosition="63" Title="House1" ReferenceType="URL">http://epickhomes.com/images/gallery/th_IMG_0287.jpg</SubImage><SubWebsite>epickhomes.com</SubWebsite><Plan Type="SingleFamily"><PlanNumber>390986968813565275811453742322</PlanNumber><PlanName>The Birch</PlanName><PlanNotAvailable>0</PlanNotAvailable><PlanTypeName>Single Family</PlanTypeName><BasePrice>0.00</BasePrice><BaseSqft>2050</BaseSqft><Baths>2</Baths><HalfBaths>0</HalfBaths><Bedrooms MasterBedLocation="Down">3</Bedrooms><Garage>0.0</Garage><Description>
                        Our quality assurance starts at design with exceptional engineers and architects creating detailed construction drawings and continues through selection of subcontractors and on-site construction supervision by experienced project managers and superintendents.
All new homes come with a 10 year structural warranty program and a 1 year Fit and Finish program.Outstanding Features At No Extra Cost</Description><PlanImages><ElevationImage SequencePosition="1" ReferenceType="URL">http://epickhomes.com/img/2049-01th.jpg</ElevationImage><ElevationImage SequencePosition="2" ReferenceType="URL">http://epickhomes.com/img/2049-02th.jpg</ElevationImage><ElevationImage SequencePosition="3" ReferenceType="URL">http://epickhomes.com/img/2049-03th.jpg</ElevationImage><ElevationImage SequencePosition="4" ReferenceType="URL">http://epickhomes.com/img/2049-04th.jpg</ElevationImage><ElevationImage SequencePosition="5" ReferenceType="URL">http://epickhomes.com/img/2049-05th.jpg</ElevationImage><ElevationImage SequencePosition="6" ReferenceType="URL">http://epickhomes.com/img/2049-06th.jpg</ElevationImage><ElevationImage SequencePosition="7" ReferenceType="URL">http://epickhomes.com/img/2049-07th.jpg</ElevationImage><ElevationImage SequencePosition="8" ReferenceType="URL">http://epickhomes.com/img/2049-08th.jpg</ElevationImage></PlanImages><PlanWebsite>https://epickhomes.com/floorplans/2049/2049-index.php</PlanWebsite></Plan><Plan Type="SingleFamily"><PlanNumber>955502786628393984941136853579</PlanNumber><PlanName>The Redwood</PlanName><PlanNotAvailable>0</PlanNotAvailable><PlanTypeName>Single Family</PlanTypeName><BasePrice>0.00</BasePrice><BaseSqft>2040</BaseSqft><Baths>2</Baths><HalfBaths>1</HalfBaths><Bedrooms MasterBedLocation="Down">4</Bedrooms><Garage>0.0</Garage><Description>
                        Our quality assurance starts at design with exceptional engineers and architects creating detailed construction drawings and continues through selection of subcontractors and on-site construction supervision by experienced project managers and superintendents.
All new homes come with a 10 year structural warranty program and a 1 year Fit and Finish program.Outstanding Features At No Extra Cost</Description><PlanImages><ElevationImage SequencePosition="1" ReferenceType="URL">http://epickhomes.com/img/2040-01th.jpg</ElevationImage><ElevationImage SequencePosition="2" ReferenceType="URL">http://epickhomes.com/img/2040-02th.jpg</ElevationImage><ElevationImage SequencePosition="3" ReferenceType="URL">http://epickhomes.com/img/2040-03th.jpg</ElevationImage><ElevationImage SequencePosition="4" ReferenceType="URL">http://epickhomes.com/img/2040-04th.jpg</ElevationImage></PlanImages><PlanWebsite>https://epickhomes.com/floorplans/2040/2040-index.php</PlanWebsite></Plan><Plan Type="SingleFamily"><PlanNumber>435472879879352453031259410844</PlanNumber><PlanName>The Sequoia with Super Family Room</PlanName><PlanNotAvailable>0</PlanNotAvailable><PlanTypeName>Single Family</PlanTypeName><BasePrice>0.00</BasePrice><BaseSqft>1863</BaseSqft><Baths>2</Baths><HalfBaths>1</HalfBaths><Bedrooms MasterBedLocation="Down">4</Bedrooms><Garage>0.0</Garage><Description>
                        Our quality assurance starts at design with exceptional engineers and architects creating detailed construction drawings and continues through selection of subcontractors and on-site construction supervision by experienced project managers and superintendents.
All new homes come with a 10 year structural warranty program and a 1 year Fit and Finish program.Outstanding Features At No Extra Cost</Description><PlanImages><ElevationImage SequencePosition="1" ReferenceType="URL">http://epickhomes.com/img/1863-01th.jpg</ElevationImage><ElevationImage SequencePosition="2" ReferenceType="URL">http://epickhomes.com/img/1863-02th.jpg</ElevationImage><ElevationImage SequencePosition="3" ReferenceType="URL">http://epickhomes.com/img/1863-03th.jpg</ElevationImage><ElevationImage SequencePosition="4" ReferenceType="URL">http://epickhomes.com/img/1863-04th.jpg</ElevationImage><ElevationImage SequencePosition="5" ReferenceType="URL">http://epickhomes.com/img/1863-05th.jpg</ElevationImage><ElevationImage SequencePosition="6" ReferenceType="URL">http://epickhomes.com/img/1863-06th.jpg</ElevationImage><ElevationImage SequencePosition="7" ReferenceType="URL">http://epickhomes.com/img/1863-07th.jpg</ElevationImage><ElevationImage SequencePosition="8" ReferenceType="URL">http://epickhomes.com/img/1863-08th.jpg</ElevationImage><ElevationImage SequencePosition="9" ReferenceType="URL">http://epickhomes.com/img/1863-09th.jpg</ElevationImage><ElevationImage SequencePosition="10" ReferenceType="URL">http://epickhomes.com/img/1863-10th.jpg</ElevationImage><ElevationImage SequencePosition="11" ReferenceType="URL">http://epickhomes.com/img/1863-11th.jpg</ElevationImage></PlanImages><PlanWebsite>https://epickhomes.com/floorplans/1863/1863-index.php</PlanWebsite></Plan><Plan Type="SingleFamily"><PlanNumber>550007152265620706784594361841</PlanNumber><PlanName>The Alder</PlanName><PlanNotAvailable>0</PlanNotAvailable><PlanTypeName>Single Family</PlanTypeName><BasePrice>0.00</BasePrice><BaseSqft>2209</BaseSqft><Baths>3</Baths><HalfBaths>0</HalfBaths><Bedrooms MasterBedLocation="Down">4</Bedrooms><Garage>0.0</Garage><Description>
                        Our quality assurance starts at design with exceptional engineers and architects creating detailed construction drawings and continues through selection of subcontractors and on-site construction supervision by experienced project managers and superintendents.
All new homes come with a 10 year structural warranty program and a 1 year Fit and Finish program.Outstanding Features At No Extra Cost</Description><PlanImages><ElevationImage SequencePosition="1" ReferenceType="URL">http://epickhomes.com/../../2204/img/img/2204-01th.jpg</ElevationImage><ElevationImage SequencePosition="2" ReferenceType="URL">http://epickhomes.com/../../2204/img/img/2204-02th.jpg</ElevationImage><ElevationImage SequencePosition="3" ReferenceType="URL">http://epickhomes.com/../../2204/img/img/2204-03th.jpg</ElevationImage><ElevationImage SequencePosition="4" ReferenceType="URL">http://epickhomes.com/../../2204/img/img/2204-04th.jpg</ElevationImage><ElevationImage SequencePosition="5" ReferenceType="URL">http://epickhomes.com/../../2204/img/img/2204-05th.jpg</ElevationImage><ElevationImage SequencePosition="6" ReferenceType="URL">http://epickhomes.com/../../2204/img/img/2204-06th.jpg</ElevationImage><ElevationImage SequencePosition="7" ReferenceType="URL">http://epickhomes.com/../../2204/img/img/2204-07th.jpg</ElevationImage><ElevationImage SequencePosition="8" ReferenceType="URL">http://epickhomes.com/../../2204/img/img/2204-08th.jpg</ElevationImage></PlanImages><PlanWebsite>https://epickhomes.com/floorplans/2204/2204-index.php</PlanWebsite></Plan><Plan Type="SingleFamily"><PlanNumber>672464181499422947372603848642</PlanNumber><PlanName>The Hickory</PlanName><PlanNotAvailable>0</PlanNotAvailable><PlanTypeName>Single Family</PlanTypeName><BasePrice>0.00</BasePrice><BaseSqft>1697</BaseSqft><Baths>2</Baths><HalfBaths>0</HalfBaths><Bedrooms MasterBedLocation="Down">3</Bedrooms><Garage>0.0</Garage><Description>
                        Our quality assurance starts at design with exceptional engineers and architects creating detailed construction drawings and continues through selection of subcontractors and on-site construction supervision by experienced project managers and superintendents.
All new homes come with a 10 year structural warranty program and a 1 year Fit and Finish program.Outstanding Features At No Extra Cost</Description><PlanImages><ElevationImage SequencePosition="1" ReferenceType="URL">http://epickhomes.com/img/1697-01th.jpg</ElevationImage><ElevationImage SequencePosition="2" ReferenceType="URL">http://epickhomes.com/img/1697-02th.jpg</ElevationImage><ElevationImage SequencePosition="3" ReferenceType="URL">http://epickhomes.com/img/1697-03th.jpg</ElevationImage><ElevationImage SequencePosition="4" ReferenceType="URL">http://epickhomes.com/img/1697-04th.jpg</ElevationImage><ElevationImage SequencePosition="5" ReferenceType="URL">http://epickhomes.com/img/1697-05th.jpg</ElevationImage><ElevationImage SequencePosition="6" ReferenceType="URL">http://epickhomes.com/img/1697-06th.jpg</ElevationImage><ElevationImage SequencePosition="7" ReferenceType="URL">http://epickhomes.com/img/1697-07th.jpg</ElevationImage><ElevationImage SequencePosition="8" ReferenceType="URL">http://epickhomes.com/img/1697-08th.jpg</ElevationImage><ElevationImage SequencePosition="9" ReferenceType="URL">http://epickhomes.com/img/1697-09th.jpg</ElevationImage><ElevationImage SequencePosition="10" ReferenceType="URL">http://epickhomes.com/img/1697-10th.jpg</ElevationImage><ElevationImage SequencePosition="11" ReferenceType="URL">http://epickhomes.com/img/1697-11th.jpg</ElevationImage><ElevationImage SequencePosition="12" ReferenceType="URL">http://epickhomes.com/img/1697-12th.jpg</ElevationImage></PlanImages><PlanWebsite>https://epickhomes.com/floorplans/1697/1697-index.php</PlanWebsite></Plan><Plan Type="SingleFamily"><PlanNumber>842435338238326194428833276716</PlanNumber><PlanName>The Willow</PlanName><PlanNotAvailable>0</PlanNotAvailable><PlanTypeName>Single Family</PlanTypeName><BasePrice>0.00</BasePrice><BaseSqft>1962</BaseSqft><Baths>2</Baths><HalfBaths>0</HalfBaths><Bedrooms MasterBedLocation="Down">3</Bedrooms><Garage>0.0</Garage><Description>
                        Our quality assurance starts at design with exceptional engineers and architects creating detailed construction drawings and continues through selection of subcontractors and on-site construction supervision by experienced project managers and superintendents.
All new homes come with a 10 year structural warranty program and a 1 year Fit and Finish program.Outstanding Features At No Extra Cost</Description><PlanImages><ElevationImage SequencePosition="1" ReferenceType="URL">http://epickhomes.com/img/1962-01th.jpg</ElevationImage><ElevationImage SequencePosition="2" ReferenceType="URL">http://epickhomes.com/img/1962-02th.jpg</ElevationImage><ElevationImage SequencePosition="3" ReferenceType="URL">http://epickhomes.com/img/1962-03th.jpg</ElevationImage><ElevationImage SequencePosition="4" ReferenceType="URL">http://epickhomes.com/img/1962-04th.jpg</ElevationImage></PlanImages><PlanWebsite>https://epickhomes.com/floorplans/1962/1962-index.php</PlanWebsite></Plan><Plan Type="SingleFamily"><PlanNumber>259518184788635650488704921126</PlanNumber><PlanName>The Cottonwood</PlanName><PlanNotAvailable>0</PlanNotAvailable><PlanTypeName>Single Family</PlanTypeName><BasePrice>0.00</BasePrice><BaseSqft>1350</BaseSqft><Baths>2</Baths><HalfBaths>0</HalfBaths><Bedrooms MasterBedLocation="Down">3</Bedrooms><Garage>0.0</Garage><Description>
                        Our quality assurance starts at design with exceptional engineers and architects creating detailed construction drawings and continues through selection of subcontractors and on-site construction supervision by experienced project managers and superintendents.
All new homes come with a 10 year structural warranty program and a 1 year Fit and Finish program.Outstanding Features At No Extra Cost</Description><PlanImages><ElevationImage SequencePosition="1" ReferenceType="URL">http://epickhomes.com/img/1350-01th.jpg</ElevationImage><ElevationImage SequencePosition="2" ReferenceType="URL">http://epickhomes.com/img/1350-02th.jpg</ElevationImage><ElevationImage SequencePosition="3" ReferenceType="URL">http://epickhomes.com/img/1350-03th.jpg</ElevationImage><ElevationImage SequencePosition="4" ReferenceType="URL">http://epickhomes.com/img/1350-04th.jpg</ElevationImage><ElevationImage SequencePosition="5" ReferenceType="URL">http://epickhomes.com/img/1350-05th.jpg</ElevationImage><ElevationImage SequencePosition="6" ReferenceType="URL">http://epickhomes.com/img/1350-06th.jpg</ElevationImage><ElevationImage SequencePosition="7" ReferenceType="URL">http://epickhomes.com/img/1350-07th.jpg</ElevationImage><ElevationImage SequencePosition="8" ReferenceType="URL">http://epickhomes.com/img/1350-08th.jpg</ElevationImage><ElevationImage SequencePosition="9" ReferenceType="URL">http://epickhomes.com/img/1350-09th.jpg</ElevationImage><ElevationImage SequencePosition="10" ReferenceType="URL">http://epickhomes.com/img/1350-10th.jpg</ElevationImage></PlanImages><PlanWebsite>https://epickhomes.com/floorplans/1350/1350-index.php</PlanWebsite></Plan><Plan Type="SingleFamily"><PlanNumber>841524256910949142911687430653</PlanNumber><PlanName>The Acacia</PlanName><PlanNotAvailable>0</PlanNotAvailable><PlanTypeName>Single Family</PlanTypeName><BasePrice>0.00</BasePrice><BaseSqft>1970</BaseSqft><Baths>2</Baths><HalfBaths>0</HalfBaths><Bedrooms MasterBedLocation="Down">3</Bedrooms><Garage>0.0</Garage><PlanImages><ElevationImage SequencePosition="1" ReferenceType="URL">http://epickhomes.com/img/1970-01th.jpg</ElevationImage><ElevationImage SequencePosition="2" ReferenceType="URL">http://epickhomes.com/img/1970-02th.jpg</ElevationImage><ElevationImage SequencePosition="3" ReferenceType="URL">http://epickhomes.com/img/1970-03th.jpg</ElevationImage><ElevationImage SequencePosition="4" ReferenceType="URL">http://epickhomes.com/img/1970-04th.jpg</ElevationImage></PlanImages><PlanWebsite>https://epickhomes.com/floorplans/1970/1970-index.php</PlanWebsite></Plan><Plan Type="SingleFamily"><PlanNumber>765714852668259894207578981050</PlanNumber><PlanName>The Sycamore</PlanName><PlanNotAvailable>0</PlanNotAvailable><PlanTypeName>Single Family</PlanTypeName><BasePrice>0.00</BasePrice><BaseSqft>1560</BaseSqft><Baths>2</Baths><HalfBaths>0</HalfBaths><Bedrooms MasterBedLocation="Down">3</Bedrooms><Garage>0.0</Garage><Description>
                        Our quality assurance starts at design with exceptional engineers and architects creating detailed construction drawings and continues through selection of subcontractors and on-site construction supervision by experienced project managers and superintendents.
All new homes come with a 10 year structural warranty program and a 1 year Fit and Finish program.Outstanding Features At No Extra Cost</Description><PlanImages><ElevationImage SequencePosition="1" ReferenceType="URL">http://epickhomes.com/img/1560-01th.jpg</ElevationImage><ElevationImage SequencePosition="2" ReferenceType="URL">http://epickhomes.com/img/1560-02th.jpg</ElevationImage><ElevationImage SequencePosition="3" ReferenceType="URL">http://epickhomes.com/img/1560-03th.jpg</ElevationImage><ElevationImage SequencePosition="4" ReferenceType="URL">http://epickhomes.com/img/1560-04th.jpg</ElevationImage><ElevationImage SequencePosition="5" ReferenceType="URL">http://epickhomes.com/img/1560-05th.jpg</ElevationImage><ElevationImage SequencePosition="6" ReferenceType="URL">http://epickhomes.com/img/1560-06th.jpg</ElevationImage><ElevationImage SequencePosition="7" ReferenceType="URL">http://epickhomes.com/img/1560-07th.jpg</ElevationImage><ElevationImage SequencePosition="8" ReferenceType="URL">http://epickhomes.com/img/1560-08th.jpg</ElevationImage><ElevationImage SequencePosition="9" ReferenceType="URL">http://epickhomes.com/img/1560-09th.jpg</ElevationImage><ElevationImage SequencePosition="10" ReferenceType="URL">http://epickhomes.com/img/1560-10th.jpg</ElevationImage><ElevationImage SequencePosition="11" ReferenceType="URL">http://epickhomes.com/img/1560-11th.jpg</ElevationImage><ElevationImage SequencePosition="12" ReferenceType="URL">http://epickhomes.com/img/1560-12th.jpg</ElevationImage><ElevationImage SequencePosition="13" ReferenceType="URL">http://epickhomes.com/img/1560-13th.jpg</ElevationImage><ElevationImage SequencePosition="14" ReferenceType="URL">http://epickhomes.com/img/1560-14th.jpg</ElevationImage><ElevationImage SequencePosition="15" ReferenceType="URL">http://epickhomes.com/img/1560-15th.jpg</ElevationImage><ElevationImage SequencePosition="16" ReferenceType="URL">http://epickhomes.com/img/1560-16th.jpg</ElevationImage><ElevationImage SequencePosition="17" ReferenceType="URL">http://epickhomes.com/img/1560-17th.jpg</ElevationImage></PlanImages><PlanWebsite>https://epickhomes.com/floorplans/1560/1560-index.php</PlanWebsite></Plan><Plan Type="SingleFamily"><PlanNumber>515483957670295098098504267367</PlanNumber><PlanName>The Maple</PlanName><PlanNotAvailable>0</PlanNotAvailable><PlanTypeName>Single Family</PlanTypeName><BasePrice>0.00</BasePrice><BaseSqft>1849</BaseSqft><Baths>2</Baths><HalfBaths>0</HalfBaths><Bedrooms MasterBedLocation="Down">3</Bedrooms><Garage>0.0</Garage><Description>
                        Our quality assurance starts at design with exceptional engineers and architects creating detailed construction drawings and continues through selection of subcontractors and on-site construction supervision by experienced project managers and superintendents.
All new homes come with a 10 year structural warranty program and a 1 year Fit and Finish program.Outstanding Features At No Extra Cost</Description><PlanImages><ElevationImage SequencePosition="1" ReferenceType="URL">http://epickhomes.com/img/1849-01th.jpg</ElevationImage><ElevationImage SequencePosition="2" ReferenceType="URL">http://epickhomes.com/img/1849-02th.jpg</ElevationImage><ElevationImage SequencePosition="3" ReferenceType="URL">http://epickhomes.com/img/1849-03th.jpg</ElevationImage><ElevationImage SequencePosition="4" ReferenceType="URL">http://epickhomes.com/img/1849-04th.jpg</ElevationImage><ElevationImage SequencePosition="5" ReferenceType="URL">http://epickhomes.com/img/1849-05th.jpg</ElevationImage><ElevationImage SequencePosition="6" ReferenceType="URL">http://epickhomes.com/img/1849-06th.jpg</ElevationImage><ElevationImage SequencePosition="7" ReferenceType="URL">http://epickhomes.com/img/1849-07th.jpg</ElevationImage><ElevationImage SequencePosition="8" ReferenceType="URL">http://epickhomes.com/img/1849-08th.jpg</ElevationImage><ElevationImage SequencePosition="9" ReferenceType="URL">http://epickhomes.com/img/1849-09th.jpg</ElevationImage><ElevationImage SequencePosition="10" ReferenceType="URL">http://epickhomes.com/img/1849-10th.jpg</ElevationImage></PlanImages><PlanWebsite>https://epickhomes.com/floorplans/1849/1849-index.php</PlanWebsite></Plan><Plan Type="SingleFamily"><PlanNumber>690766800994808613647678998158</PlanNumber><PlanName>The Dogwood</PlanName><PlanNotAvailable>0</PlanNotAvailable><PlanTypeName>Single Family</PlanTypeName><BasePrice>0.00</BasePrice><BaseSqft>1224</BaseSqft><Baths>2</Baths><HalfBaths>0</HalfBaths><Bedrooms MasterBedLocation="Down">3</Bedrooms><Garage>0.0</Garage><Description>
                        Our quality assurance starts at design with exceptional engineers and architects creating detailed construction drawings and continues through selection of subcontractors and on-site construction supervision by experienced project managers and superintendents.
All new homes come with a 10 year structural warranty program and a 1 year Fit and Finish program.Outstanding Features At No Extra Cost</Description><PlanImages><ElevationImage SequencePosition="1" ReferenceType="URL">http://epickhomes.com/img/1224-gal01th.jpg</ElevationImage><ElevationImage SequencePosition="2" ReferenceType="URL">http://epickhomes.com/img/1224-gal02th.jpg</ElevationImage><ElevationImage SequencePosition="3" ReferenceType="URL">http://epickhomes.com/img/1224-gal03th.jpg</ElevationImage><ElevationImage SequencePosition="4" ReferenceType="URL">http://epickhomes.com/img/1224-gal04th.jpg</ElevationImage><ElevationImage SequencePosition="5" ReferenceType="URL">http://epickhomes.com/img/1224-gal05th.jpg</ElevationImage><ElevationImage SequencePosition="6" ReferenceType="URL">http://epickhomes.com/img/1224-gal06th.jpg</ElevationImage><ElevationImage SequencePosition="7" ReferenceType="URL">http://epickhomes.com/img/1224-gal07th.jpg</ElevationImage><ElevationImage SequencePosition="8" ReferenceType="URL">http://epickhomes.com/img/1224-gal08th.jpg</ElevationImage><ElevationImage SequencePosition="9" ReferenceType="URL">http://epickhomes.com/img/1224-gal09th.jpg</ElevationImage><ElevationImage SequencePosition="10" ReferenceType="URL">http://epickhomes.com/img/1224-gal10th.jpg</ElevationImage></PlanImages><PlanWebsite>https://epickhomes.com/floorplans/1224/1224-index.php</PlanWebsite></Plan><Plan Type="SingleFamily"><PlanNumber>399562654013022968508096137350</PlanNumber><PlanName>The Aspen</PlanName><PlanNotAvailable>0</PlanNotAvailable><PlanTypeName>Single Family</PlanTypeName><BasePrice>0.00</BasePrice><BaseSqft>1758</BaseSqft><Baths>2</Baths><HalfBaths>0</HalfBaths><Bedrooms MasterBedLocation="Down">3</Bedrooms><Garage>0.0</Garage><Description>
                        Our quality assurance starts at design with exceptional engineers and architects creating detailed construction drawings and continues through selection of subcontractors and on-site construction supervision by experienced project managers and superintendents.
All new homes come with a 10 year structural warranty program and a 1 year Fit and Finish program.Outstanding Features At No Extra Cost</Description><PlanImages><ElevationImage SequencePosition="1" ReferenceType="URL">http://epickhomes.com/img/1758-01th.jpg</ElevationImage><ElevationImage SequencePosition="2" ReferenceType="URL">http://epickhomes.com/img/1758-02th.jpg</ElevationImage><ElevationImage SequencePosition="3" ReferenceType="URL">http://epickhomes.com/img/1758-03th.jpg</ElevationImage><ElevationImage SequencePosition="4" ReferenceType="URL">http://epickhomes.com/img/1758-04th.jpg</ElevationImage><ElevationImage SequencePosition="5" ReferenceType="URL">http://epickhomes.com/img/1758-05th.jpg</ElevationImage><ElevationImage SequencePosition="6" ReferenceType="URL">http://epickhomes.com/img/1758-06th.jpg</ElevationImage><ElevationImage SequencePosition="7" ReferenceType="URL">http://epickhomes.com/img/1758-07th.jpg</ElevationImage></PlanImages><PlanWebsite>https://epickhomes.com/floorplans/1758/1758-index.php</PlanWebsite></Plan><Plan Type="SingleFamily"><PlanNumber>275580653278630898050001215544</PlanNumber><PlanName>The Sequoia</PlanName><PlanNotAvailable>0</PlanNotAvailable><PlanTypeName>Single Family</PlanTypeName><BasePrice>0.00</BasePrice><BaseSqft>1750</BaseSqft><Baths>2</Baths><HalfBaths>1</HalfBaths><Bedrooms MasterBedLocation="Down">4</Bedrooms><Garage>0.0</Garage><Description>
                        Our quality assurance starts at design with exceptional engineers and architects creating detailed construction drawings and continues through selection of subcontractors and on-site construction supervision by experienced project managers and superintendents.
All new homes come with a 10 year structural warranty program and a 1 year Fit and Finish program.Outstanding Features At No Extra Cost</Description><PlanImages><ElevationImage SequencePosition="1" ReferenceType="URL">http://epickhomes.com/img/1750-01th.jpg</ElevationImage><ElevationImage SequencePosition="2" ReferenceType="URL">http://epickhomes.com/img/1750-02th.jpg</ElevationImage><ElevationImage SequencePosition="3" ReferenceType="URL">http://epickhomes.com/img/1750-03th.jpg</ElevationImage><ElevationImage SequencePosition="4" ReferenceType="URL">http://epickhomes.com/img/1750-04th.jpg</ElevationImage><ElevationImage SequencePosition="5" ReferenceType="URL">http://epickhomes.com/img/1750-05th.jpg</ElevationImage><ElevationImage SequencePosition="6" ReferenceType="URL">http://epickhomes.com/img/1750-06th.jpg</ElevationImage><ElevationImage SequencePosition="7" ReferenceType="URL">http://epickhomes.com/img/1750-07th.jpg</ElevationImage><ElevationImage SequencePosition="8" ReferenceType="URL">http://epickhomes.com/img/1750-08th.jpg</ElevationImage><ElevationImage SequencePosition="9" ReferenceType="URL">http://epickhomes.com/img/1750-09th.jpg</ElevationImage><ElevationImage SequencePosition="10" ReferenceType="URL">http://epickhomes.com/img/1750-10th.jpg</ElevationImage><ElevationImage SequencePosition="11" ReferenceType="URL">http://epickhomes.com/img/1750-11th.jpg</ElevationImage><ElevationImage SequencePosition="12" ReferenceType="URL">http://epickhomes.com/img/1750-12th.jpg</ElevationImage><ElevationImage SequencePosition="13" ReferenceType="URL">http://epickhomes.com/img/1750-13th.jpg</ElevationImage><ElevationImage SequencePosition="14" ReferenceType="URL">http://epickhomes.com/img/1750-14th.jpg</ElevationImage><ElevationImage SequencePosition="15" ReferenceType="URL">http://epickhomes.com/img/1750-15th.jpg</ElevationImage><ElevationImage SequencePosition="16" ReferenceType="URL">http://epickhomes.com/img/1750-16th.jpg</ElevationImage><ElevationImage SequencePosition="17" ReferenceType="URL">http://epickhomes.com/img/1750-17th.jpg</ElevationImage><ElevationImage SequencePosition="18" ReferenceType="URL">http://epickhomes.com/img/1750-18th.jpg</ElevationImage></PlanImages><PlanWebsite>https://epickhomes.com/floorplans/1750/1750-index.php</PlanWebsite></Plan></Subdivision></Builder></Corporation></Builders>