<Builders DateGenerated="2021-10-22T10:52:22"><Corporation><CorporateBuilderNumber>19899</CorporateBuilderNumber><CorporateState>AL</CorporateState><CorporateName>BetterBuilt</CorporateName><Builder><BuilderNumber>54046</BuilderNumber><BrandName>Trick Construction</BrandName><BrandLogo_Med ReferenceType="URL">https://static1.squarespace.com/static/5caf31a7755be20933430199/t/5e28a3be069d3832237ea1fa/1593191175115/?format=1500w</BrandLogo_Med><ReportingName>Trick Construction</ReportingName><DefaultLeadsEmail LeadsPerMessage="All">leads@thebdx.com</DefaultLeadsEmail><BuilderWebsite>http://www.betterbuiltnwf.com/</BuilderWebsite><Subdivision Status="Active"><SubdivisionNumber>54046</SubdivisionNumber><SubdivisionName>Trick Construction</SubdivisionName><BuildOnYourLot>0</BuildOnYourLot><SalesOffice><Address OutOfCommunity="0"><Street1>BetterBuilt of Northwest Florida 210 Government Avenue</Street1><City>Niceville</City><State>FL</State><ZIP>32578</ZIP></Address><Phone><AreaCode>850</AreaCode><Prefix>729</Prefix><Suffix>2484</Suffix></Phone><Email>info@betterbuiltnwf.com</Email></SalesOffice><SubDescription>As one of the most experienced and respected luxury home builders on Northwest Florida's Emerald Coast, BetterBuilt prides itself in building homes to the highest standards of workmanship, design, and engineering. BetterBuilt is not just our name&#8212;it is our mission.</SubDescription><SubWebsite>http://www.betterbuiltnwf.com/</SubWebsite></Subdivision></Builder></Corporation></Builders>