<Builders DateGenerated="2021-10-22T10:52:18"><Corporation><CorporateBuilderNumber>20825</CorporateBuilderNumber><CorporateState>OH</CorporateState><CorporateName>Axios Homes</CorporateName><Builder><BuilderNumber>14621</BuilderNumber><BrandName>VictoryGate Custom Homes</BrandName><BrandLogo_Med ReferenceType="URL">https://www.vgcustomhomes.com/images/logo/vg-logo250.png</BrandLogo_Med><ReportingName>Victorygate Custom Homes</ReportingName><DefaultLeadsEmail LeadsPerMessage="All">leads@thebdx.com</DefaultLeadsEmail><BuilderWebsite>axioshomes.com</BuilderWebsite><Subdivision Status="Active"><SubdivisionNumber>14621</SubdivisionNumber><SubdivisionName>VictoryGate Custom Homes</SubdivisionName><BuildOnYourLot>0</BuildOnYourLot><SalesOffice><Address OutOfCommunity="0"><Street1>975 Fee Drive</Street1><City>Sacramento</City><State>CA</State><ZIP>95815</ZIP></Address><Phone><AreaCode>916</AreaCode><Prefix>614</Prefix><Suffix>9300</Suffix></Phone><Email>support@axioshomes.com</Email></SalesOffice><SubDescription>Axios Homes, Inc. provides a two-year limited warranty on all of our homes.  That&#8217;s twice as long as the industry standard offered by our competitors!  Through our commitment to quality control as well as the high standards shared by our trade partners, we guarantee our homes to be free of defects in materials and workmanship.  Should a defect occur in any item covered by our warranty, Axios Homes, Inc. will repair or replace that item to the high standard with which your home was built.</SubDescription><SubImage SequencePosition="1" Title="House1" ReferenceType="URL">http://users.neo.registeredsite.com/7/6/2/18070267/assets/wildflower-8205.jpg</SubImage><SubImage SequencePosition="2" Title="House1" ReferenceType="URL">http://users.neo.registeredsite.com/7/6/2/18070267/assets/Axios-46.jpg</SubImage><SubImage SequencePosition="3" Title="House1" ReferenceType="URL">http://users.neo.registeredsite.com/7/6/2/18070267/assets/Axios-5.jpg</SubImage><SubImage SequencePosition="4" Title="House1" ReferenceType="URL">http://users.neo.registeredsite.com/7/6/2/18070267/assets/Axios-3.jpg</SubImage><SubImage SequencePosition="5" Title="House1" ReferenceType="URL">http://users.neo.registeredsite.com/7/6/2/18070267/assets/wildflower-8142.jpg</SubImage><SubImage SequencePosition="6" Title="House1" ReferenceType="URL">http://users.neo.registeredsite.com/7/6/2/18070267/assets/Axios-6858353.jpg</SubImage><SubImage SequencePosition="7" Title="House1" ReferenceType="URL">http://users.neo.registeredsite.com/7/6/2/18070267/assets/unspecified-543331.jpeg</SubImage><SubWebsite>axioshomes.com</SubWebsite></Subdivision></Builder></Corporation></Builders>