<Builders DateGenerated="2021-10-22T10:56:04"><Corporation><CorporateBuilderNumber>21069</CorporateBuilderNumber><CorporateState>AL</CorporateState><CorporateName>Hickman Homes</CorporateName><Builder><BuilderNumber>32556</BuilderNumber><BrandName>VTS builds homes</BrandName><BrandLogo_Med ReferenceType="URL">http://www.vtshomes.com/images/vts-homes-logo.jpg</BrandLogo_Med><ReportingName>Vts Homes</ReportingName><DefaultLeadsEmail LeadsPerMessage="All">leads@thebdx.com</DefaultLeadsEmail><BuilderWebsite>hickmanhomes.net</BuilderWebsite><Subdivision Status="Active"><SubdivisionNumber>32556</SubdivisionNumber><SubdivisionName>VTS builds homes</SubdivisionName><BuildOnYourLot>0</BuildOnYourLot><SalesOffice><Address OutOfCommunity="0"><Street1>5412 Strickland Ave</Street1><City>Lakeland</City><State>FL</State><ZIP>33812</ZIP></Address><Phone><AreaCode>863</AreaCode><Prefix>646</Prefix><Suffix>1166</Suffix></Phone><Email>info@hickmanhomes.net</Email></SalesOffice><SubDescription>Our dedicated team of professionals will be there for you from loan application to closing, delivering the right product at the best rates available.</SubDescription><SubImage SequencePosition="1" Title="House1" ReferenceType="URL">https://hickmanhomes.net/wp-content/uploads/2020/04/New-Homes-Certified-Green-Energy-Builder-scaled.jpg</SubImage><SubImage SequencePosition="2" Title="House1" ReferenceType="URL">https://hickmanhomes.net/wp-content/uploads/2020/04/Renovation-Home-page-scaled.jpg</SubImage><SubImage SequencePosition="3" Title="House1" ReferenceType="URL">https://hickmanhomes.net/wp-content/uploads/2020/04/romero-medical1.jpg</SubImage><SubWebsite>hickmanhomes.net</SubWebsite></Subdivision></Builder></Corporation></Builders>