<Builders DateGenerated="2021-10-22T10:53:22"><Corporation><CorporateBuilderNumber>21843</CorporateBuilderNumber><CorporateState>MO</CorporateState><CorporateName>Castle Builders, Inc.</CorporateName><Builder><BuilderNumber>14985</BuilderNumber><BrandName>Whalen Custom Homes</BrandName><BrandLogo_Med ReferenceType="URL">https://whalencustomhomes.com/wp-content/uploads/2018/02/logo-whalen-custom-homes-green.svg</BrandLogo_Med><ReportingName>Whalen Custom Homes</ReportingName><DefaultLeadsEmail LeadsPerMessage="All">leads@thebdx.com</DefaultLeadsEmail><BuilderWebsite>castle-builders.com</BuilderWebsite><Subdivision Status="Active"><SubdivisionNumber>14985</SubdivisionNumber><SubdivisionName>Whalen Custom Homes</SubdivisionName><BuildOnYourLot>0</BuildOnYourLot><SalesOffice><Address OutOfCommunity="0"><Street1>6616 Ruppsville Road</Street1><City>Allentown</City><State>PA</State><ZIP>18106</ZIP></Address><Email>INFO@CASTLE-BUILDERS.COM</Email></SalesOffice><SubDescription>Castle Builders Inc. is currently developing several new communities across the Lehigh Valley area, with several more coming soon! Please contact us with any inquiries regarding our upcoming neighborhoods or if you are a lot owner in search of a builder.</SubDescription><SubImage SequencePosition="1" Title="House1" ReferenceType="URL">https://castle-builders.com/wp-content/uploads/2013/11/slide13.jpg</SubImage><SubImage SequencePosition="2" Title="House1" ReferenceType="URL">https://castle-builders.com/wp-content/uploads/2013/11/slide4.jpg</SubImage><SubImage SequencePosition="3" Title="House1" ReferenceType="URL">https://castle-builders.com/wp-content/uploads/2013/11/slide11.jpg</SubImage><SubImage SequencePosition="4" Title="House1" ReferenceType="URL">https://castle-builders.com/wp-content/uploads/2013/11/slide21.jpg</SubImage><SubWebsite>castle-builders.com</SubWebsite></Subdivision></Builder></Corporation></Builders>