<Builders DateGenerated="2021-10-27T10:26:53"><Corporation><CorporateBuilderNumber>56743</CorporateBuilderNumber><CorporateState>PA</CorporateState><CorporateName>Firetti Builders, Inc</CorporateName><Builder><BuilderNumber>24906</BuilderNumber><BrandName>Benjamin Marcus Homes</BrandName><BrandLogo_Med ReferenceType="URL">https://www.benjaminmarcushomes.com/wp-content/uploads/2018/12/bmh-horizon-316x87.png</BrandLogo_Med><ReportingName>Benjamin Marcus Homes</ReportingName><DefaultLeadsEmail LeadsPerMessage="All">leads@thebdx.com</DefaultLeadsEmail><BuilderWebsite>http://firettibuilders.com/</BuilderWebsite><Subdivision Status="Active"><SubdivisionNumber>24906</SubdivisionNumber><SubdivisionName>Benjamin Marcus Homes</SubdivisionName><BuildOnYourLot>0</BuildOnYourLot><SalesOffice><Address OutOfCommunity="0"><Street1>4705 Southport-Supply Rd SE STE 202</Street1><City>Southport</City><State>NC</State><ZIP>28461</ZIP></Address></SalesOffice><SubDescription>DHB Homes LLC&#8217;s developments include hundreds of single-family homes in many of New Hampshire&#8217;s finest communities, multi-family housing units in Boston, MA, beachfront condominiums in Salisbury, MA, several commercial office parks in Londonderry, NH, high-end waterfront town homes on Lake Winnipesaukee and a four-season resort community on the shores of beautiful Newfound Lake in Bristol, NH. We are currently building a 60-unit 55+ development in Salem, NH and continuing to build our ever-expanding rental portfolio in Southern New Hampshire.</SubDescription><SubImage SequencePosition="1" Title="House1" ReferenceType="URL">https://firettibuilders.com/wp-content/uploads/2019/11/IMG_3405-1024x660.jpg</SubImage><SubImage SequencePosition="2" Title="House1" ReferenceType="URL">https://firettibuilders.com/wp-content/uploads/2019/11/Powers_2-1024x768.jpg</SubImage><SubImage SequencePosition="3" Title="House1" ReferenceType="URL">https://firettibuilders.com/wp-content/uploads/2019/11/36_Cropped-1-1024x403.jpg</SubImage><SubImage SequencePosition="4" Title="House1" ReferenceType="URL">https://firettibuilders.com/wp-content/uploads/2019/11/Farrell_34-1024x479.jpg</SubImage><SubWebsite>http://firettibuilders.com/</SubWebsite><Plan Type="SingleFamily"><PlanNumber>900477149601577991362337299598</PlanNumber><PlanName>THE KINGSLAND</PlanName><PlanNotAvailable>0</PlanNotAvailable><PlanTypeName>Single Family</PlanTypeName><BasePrice>0.00</BasePrice><BaseSqft>2700</BaseSqft><Baths>3</Baths><HalfBaths>0</HalfBaths><Bedrooms MasterBedLocation="Down">3</Bedrooms><Garage>0.0</Garage><Description>&#8211; multiple exterior elevations&#8211; custom kitchen and bath design per plan&#8211; front load, courtyard and angle garage option&#8211; Office Nook option available&#8211; soaking tub option in Master Bath</Description><PlanImages><ElevationImage SequencePosition="1" ReferenceType="URL">https://firettibuilders.com/wp-content/uploads/2019/10/THE-KINGSLAND.jpg</ElevationImage></PlanImages><PlanWebsite>https://firettibuilders.com/featured-plans/</PlanWebsite></Plan><Plan Type="SingleFamily"><PlanNumber>340097022133778138358183858822</PlanNumber><PlanName>THE CHARLESTON</PlanName><PlanNotAvailable>0</PlanNotAvailable><PlanTypeName>Single Family</PlanTypeName><BasePrice>0.00</BasePrice><BaseSqft>2100</BaseSqft><Baths>2</Baths><HalfBaths>0</HalfBaths><Bedrooms MasterBedLocation="Down">3</Bedrooms><Garage>0.0</Garage><Description>&#8211; popular floorplan&#8211; multiple exterior elevations&#8211; custom kitchen and bath design per plan&#8211; angle garage option&#8211; study/office option in lieu of formal dining room&#8211; enlarged breakfast nook option&#8211; study/office can be added in front of Bedroom #2&#8211; drop zone available&#8211; heated sunroom vs. screen porch option</Description><PlanImages><ElevationImage SequencePosition="1" ReferenceType="URL">https://firettibuilders.com/wp-content/uploads/2021/10/Charleston-scaled-1.jpg</ElevationImage></PlanImages><PlanWebsite>https://firettibuilders.com/featured-plans/</PlanWebsite></Plan><Plan Type="SingleFamily"><PlanNumber>488655570891045199965388406155</PlanNumber><PlanName>The Asheville</PlanName><PlanNotAvailable>0</PlanNotAvailable><PlanTypeName>Single Family</PlanTypeName><BasePrice>0.00</BasePrice><BaseSqft>3200</BaseSqft><Baths>3</Baths><HalfBaths>0</HalfBaths><Bedrooms MasterBedLocation="Down">3</Bedrooms><Garage>0.0</Garage><Description>&#8211; Furnished model coming soon in St. James Plantation &#8211; Multiple exterior elevations &#8211; Custom kitchen and bath design per plan &#8211; Front load, courtyard and side load garage option &#8211; Soaking tub option in Master Bath</Description><PlanImages><ElevationImage SequencePosition="1" ReferenceType="URL">https://firettibuilders.com/wp-content/uploads/2019/10/THE-ASHEVILLE-1.jpg</ElevationImage></PlanImages><PlanWebsite>https://firettibuilders.com/featured-plans/</PlanWebsite></Plan><Plan Type="SingleFamily"><PlanNumber>790432691007693107255430379052</PlanNumber><PlanName>THE LEGACY</PlanName><PlanNotAvailable>0</PlanNotAvailable><PlanTypeName>Single Family</PlanTypeName><BasePrice>0.00</BasePrice><BaseSqft>2600</BaseSqft><Baths>3</Baths><HalfBaths>0</HalfBaths><Bedrooms MasterBedLocation="Down">3</Bedrooms><Garage>0.0</Garage><Description>&#8211; can be built with a taller roof line&#8211; Upper level Bonus Room available&#8211; Powder Room can be added&#8211; multiple exterior elevations&#8211; custom kitchen and bath design per plan&#8211; front load, side load and courtyard garage option available&#8211; heated Sunroom vs. Lanai option</Description><PlanImages><ElevationImage SequencePosition="1" ReferenceType="URL">https://firettibuilders.com/wp-content/uploads/2019/10/THE-LEGACY.jpg</ElevationImage></PlanImages><PlanWebsite>https://firettibuilders.com/featured-plans/</PlanWebsite></Plan><Plan Type="SingleFamily"><PlanNumber>496526730127172692932075216195</PlanNumber><PlanName>THE MAPLEWOOD</PlanName><PlanNotAvailable>0</PlanNotAvailable><PlanTypeName>Single Family</PlanTypeName><BasePrice>0.00</BasePrice><BaseSqft>2400</BaseSqft><Baths>2</Baths><HalfBaths>0</HalfBaths><Bedrooms MasterBedLocation="Down">3</Bedrooms><Garage>0.0</Garage><Description>&#8211; multiple exterior elevations&#8211; custom kitchen and bath design per plan&#8211; front load, angle garage option&#8211; soaking tub option in Master Bath</Description><PlanImages><ElevationImage SequencePosition="1" ReferenceType="URL">https://firettibuilders.com/wp-content/uploads/2019/10/THE-MAPLEWOOD.jpg</ElevationImage></PlanImages><PlanWebsite>https://firettibuilders.com/featured-plans/</PlanWebsite></Plan><Plan Type="SingleFamily"><PlanNumber>682961878938078057290641292005</PlanNumber><PlanName>THE CHARLOTTE</PlanName><PlanNotAvailable>0</PlanNotAvailable><PlanTypeName>Single Family</PlanTypeName><BasePrice>0.00</BasePrice><BaseSqft>2400</BaseSqft><Baths>2</Baths><HalfBaths>0</HalfBaths><Bedrooms MasterBedLocation="Down">3</Bedrooms><Garage>0.0</Garage><Description>&#8211; popular floorplan&#8211; multiple exterior elevations&#8211; custom kitchen and bath design per plan&#8211; side load and angle garage option&#8211; study/office option in lieu of formal dining room&#8211; enlarged breakfast nook option&#8211; heated sunroom vs. screen porch option</Description><PlanImages><ElevationImage SequencePosition="1" ReferenceType="URL">https://firettibuilders.com/wp-content/uploads/2019/10/THE-ASHEVILLE-2.jpg</ElevationImage></PlanImages><PlanWebsite>https://firettibuilders.com/featured-plans/</PlanWebsite></Plan><Plan Type="SingleFamily"><PlanNumber>685066940283239641675655279607</PlanNumber><PlanName>THE SAVANNAH</PlanName><PlanNotAvailable>0</PlanNotAvailable><PlanTypeName>Single Family</PlanTypeName><BasePrice>0.00</BasePrice><BaseSqft>2300</BaseSqft><Baths>2</Baths><HalfBaths>0</HalfBaths><Bedrooms MasterBedLocation="Down">3</Bedrooms><Garage>0.0</Garage><Description>&#8211; fully furnished model available for personal tours in St. James Plantation&#8211; popular floorplan&#8211; multiple exterior elevations&#8211; custom kitchen and bath design per plan&#8211; front load, courtyard and angle garage option&#8211; Study/Office option available&#8211; soaking tub option in Master Bath&#8211; front balcony off Bonus Room option&#8211; Rear Bonus Room option available</Description><PlanImages><ElevationImage SequencePosition="1" ReferenceType="URL">https://firettibuilders.com/wp-content/uploads/2019/10/THE-SAVANNAH.jpg</ElevationImage></PlanImages><PlanWebsite>https://firettibuilders.com/featured-plans/</PlanWebsite></Plan></Subdivision></Builder></Corporation></Builders>