<Builders DateGenerated="2021-10-27T11:37:41"><Corporation><CorporateBuilderNumber>53290</CorporateBuilderNumber><CorporateState>MN</CorporateState><CorporateName>Home Pro Custom Builder</CorporateName><Builder><BuilderNumber>51343</BuilderNumber><BrandName>Cates Fine Homes</BrandName><BrandLogo_Med ReferenceType="URL">https://catesfinehomes.com/wp-content/uploads/2017/04/logo-1.png</BrandLogo_Med><ReportingName>Cates Fine Homes</ReportingName><DefaultLeadsEmail LeadsPerMessage="All">leads@thebdx.com</DefaultLeadsEmail><BuilderWebsite>http://www.homeprowv.com</BuilderWebsite><Subdivision Status="Active"><SubdivisionNumber>51343</SubdivisionNumber><SubdivisionName>Cates Fine Homes</SubdivisionName><BuildOnYourLot>0</BuildOnYourLot><SalesOffice><Address OutOfCommunity="0"><Street1>701 North Market Street</Street1><City>Troy</City><State>OH</State><ZIP>45373</ZIP></Address></SalesOffice><SubDescription>Home Pro Custom Builders has proudly served the area for more than 10 years. We work closely with our clients to bring their ideas and dreams to life.</SubDescription><SubImage SequencePosition="1" Title="House1" ReferenceType="URL">https://www.harlowbuilders.net/wp-content/gallery/exterior/2801-Stonebridge-1.jpg</SubImage><SubImage SequencePosition="2" Title="House1" ReferenceType="URL">https://www.harlowbuilders.net/wp-content/gallery/exterior/2834-Stonebridge-1.jpg</SubImage><SubImage SequencePosition="3" Title="House1" ReferenceType="URL">https://www.harlowbuilders.net/wp-content/gallery/exterior/2870-Stonebridge-1.jpg</SubImage><SubImage SequencePosition="4" Title="House1" ReferenceType="URL">https://www.harlowbuilders.net/wp-content/gallery/exterior/640-Rosecrest-1.jpg</SubImage><SubImage SequencePosition="5" Title="House1" ReferenceType="URL">https://www.harlowbuilders.net/wp-content/gallery/exterior/2741-Stonebridge-1.jpg</SubImage><SubImage SequencePosition="6" Title="House1" ReferenceType="URL">https://www.harlowbuilders.net/wp-content/gallery/exterior/639-Sedgwick-1.jpg</SubImage><SubWebsite>http://www.homeprowv.com</SubWebsite><Plan Type="SingleFamily"><PlanNumber>141268624994706422209330256459</PlanNumber><PlanName>The Mary Ellen</PlanName><PlanNotAvailable>0</PlanNotAvailable><PlanTypeName>Single Family</PlanTypeName><BasePrice>0.00</BasePrice><BaseSqft>0</BaseSqft><Baths>2</Baths><HalfBaths>0</HalfBaths><Bedrooms MasterBedLocation="Down">3</Bedrooms><Garage>2.0</Garage><PlanImages><ElevationImage SequencePosition="1" ReferenceType="URL">https://www.harlowbuilders.net/wp-content/uploads/2018/01/MaryEllen_Floor_web.jpg</ElevationImage></PlanImages><PlanWebsite>https://www.harlowbuilders.net/property/the-montecello/</PlanWebsite></Plan><Plan Type="SingleFamily"><PlanNumber>614256568099200097415833542326</PlanNumber><PlanName>The Belmont</PlanName><PlanNotAvailable>0</PlanNotAvailable><PlanTypeName>Single Family</PlanTypeName><BasePrice>0.00</BasePrice><BaseSqft>2250</BaseSqft><Baths>2</Baths><HalfBaths>0</HalfBaths><Bedrooms MasterBedLocation="Down">3</Bedrooms><Garage>2.0</Garage><PlanImages><ElevationImage SequencePosition="1" ReferenceType="URL">https://www.harlowbuilders.net/wp-content/uploads/2015/07/Belmont-floorplan-1.jpg</ElevationImage></PlanImages><PlanWebsite>https://www.harlowbuilders.net/property/the-belmont/</PlanWebsite></Plan><Plan Type="SingleFamily"><PlanNumber>69975225898368238620059753571</PlanNumber><PlanName>The Bristol</PlanName><PlanNotAvailable>0</PlanNotAvailable><PlanTypeName>Single Family</PlanTypeName><BasePrice>0.00</BasePrice><BaseSqft>0</BaseSqft><Baths>2</Baths><HalfBaths>0</HalfBaths><Bedrooms MasterBedLocation="Down">3</Bedrooms><Garage>2.0</Garage><PlanImages><ElevationImage SequencePosition="1" ReferenceType="URL">https://www.harlowbuilders.net/wp-content/uploads/2015/07/Bristol-floorplan-1.jpg</ElevationImage></PlanImages><PlanWebsite>https://www.harlowbuilders.net/property/the-bristol/</PlanWebsite></Plan><Plan Type="SingleFamily"><PlanNumber>895026273655616566495365328669</PlanNumber><PlanName>The Saratoga</PlanName><PlanNotAvailable>0</PlanNotAvailable><PlanTypeName>Single Family</PlanTypeName><BasePrice>0.00</BasePrice><BaseSqft>0</BaseSqft><Baths>2</Baths><HalfBaths>0</HalfBaths><Bedrooms MasterBedLocation="Down">3</Bedrooms><Garage>2.0</Garage><PlanImages><ElevationImage SequencePosition="1" ReferenceType="URL">https://www.harlowbuilders.net/wp-content/uploads/2015/07/Saratoga-floorplan-1.jpg</ElevationImage></PlanImages><PlanWebsite>https://www.harlowbuilders.net/property/the-saratoga/</PlanWebsite></Plan><Plan Type="SingleFamily"><PlanNumber>266549023934662143573117688505</PlanNumber><PlanName>The Fenway</PlanName><PlanNotAvailable>0</PlanNotAvailable><PlanTypeName>Single Family</PlanTypeName><BasePrice>0.00</BasePrice><BaseSqft>0</BaseSqft><Baths>2</Baths><HalfBaths>0</HalfBaths><Bedrooms MasterBedLocation="Down">3</Bedrooms><Garage>2.0</Garage><PlanImages><ElevationImage SequencePosition="1" ReferenceType="URL">https://www.harlowbuilders.net/wp-content/uploads/2015/07/Fenway-floorplan.jpg</ElevationImage></PlanImages><PlanWebsite>https://www.harlowbuilders.net/property/the-fenway/</PlanWebsite></Plan><Plan Type="SingleFamily"><PlanNumber>566050690414769043532937009491</PlanNumber><PlanName>The Raleigh</PlanName><PlanNotAvailable>0</PlanNotAvailable><PlanTypeName>Single Family</PlanTypeName><BasePrice>0.00</BasePrice><BaseSqft>0</BaseSqft><Baths>2</Baths><HalfBaths>0</HalfBaths><Bedrooms MasterBedLocation="Down">3</Bedrooms><Garage>3.0</Garage><PlanImages><ElevationImage SequencePosition="1" ReferenceType="URL">https://www.harlowbuilders.net/wp-content/uploads/2017/01/Raleigh-floorplan.jpg</ElevationImage></PlanImages><PlanWebsite>https://www.harlowbuilders.net/property/the-raleigh/</PlanWebsite></Plan><Plan Type="SingleFamily"><PlanNumber>412651864892448725431470239044</PlanNumber><PlanName>The Avondale</PlanName><PlanNotAvailable>0</PlanNotAvailable><PlanTypeName>Single Family</PlanTypeName><BasePrice>0.00</BasePrice><BaseSqft>0</BaseSqft><Baths>2</Baths><HalfBaths>0</HalfBaths><Bedrooms MasterBedLocation="Down">3</Bedrooms><Garage>0.0</Garage><PlanImages><ElevationImage SequencePosition="1" ReferenceType="URL">https://www.harlowbuilders.net/wp-content/uploads/2017/06/Avondale_Floorplan.jpg</ElevationImage></PlanImages><PlanWebsite>https://www.harlowbuilders.net/property/the-avondale/</PlanWebsite></Plan><Plan Type="SingleFamily"><PlanNumber>527000502107661359170280478244</PlanNumber><PlanName>The Talladega</PlanName><PlanNotAvailable>0</PlanNotAvailable><PlanTypeName>Single Family</PlanTypeName><BasePrice>0.00</BasePrice><BaseSqft>0</BaseSqft><Baths>2</Baths><HalfBaths>0</HalfBaths><Bedrooms MasterBedLocation="Down">3</Bedrooms><Garage>2.0</Garage><PlanImages><ElevationImage SequencePosition="1" ReferenceType="URL">https://www.harlowbuilders.net/wp-content/uploads/2015/07/Talladega-floorplan.jpg</ElevationImage></PlanImages><PlanWebsite>https://www.harlowbuilders.net/property/the-talladega/</PlanWebsite></Plan><Plan Type="SingleFamily"><PlanNumber>817672248255978637839335556613</PlanNumber><PlanName>The Camden</PlanName><PlanNotAvailable>0</PlanNotAvailable><PlanTypeName>Single Family</PlanTypeName><BasePrice>0.00</BasePrice><BaseSqft>0</BaseSqft><Baths>2</Baths><HalfBaths>0</HalfBaths><Bedrooms MasterBedLocation="Down">3</Bedrooms><Garage>2.0</Garage><PlanImages><ElevationImage SequencePosition="1" ReferenceType="URL">https://www.harlowbuilders.net/wp-content/uploads/2015/07/Camden-floorplan.jpg</ElevationImage></PlanImages><PlanWebsite>https://www.harlowbuilders.net/property/the-camden/</PlanWebsite></Plan><Plan Type="SingleFamily"><PlanNumber>203838913553792882684033186011</PlanNumber><PlanName>The Arlington</PlanName><PlanNotAvailable>0</PlanNotAvailable><PlanTypeName>Single Family</PlanTypeName><BasePrice>0.00</BasePrice><BaseSqft>2229</BaseSqft><Baths>2</Baths><HalfBaths>0</HalfBaths><Bedrooms MasterBedLocation="Down">3</Bedrooms><Garage>0.0</Garage><PlanImages><ElevationImage SequencePosition="1" ReferenceType="URL">https://www.harlowbuilders.net/wp-content/uploads/2015/07/Arlington-floorplan.jpg</ElevationImage></PlanImages><PlanWebsite>https://www.harlowbuilders.net/property/the-arlington/</PlanWebsite></Plan></Subdivision></Builder></Corporation></Builders>